description,class
"BuzziDesk screen, Frame, FAB",DeskScreenFrame
"BuzziDesk screen, Frame, FAB",DeskScreenFrame
"BuzziDesk screen, Frame, FAB",DeskScreenFrame
"BuzziDesk screen, Frame, FAB",DeskScreenFrame
Buzzi brown tape with logo A-0000000203,Tape
Buzzi Glide cap Transparant,Endcap
Buzzi plastic extrusion cap,Spacer
BuzziSpace tag A-0000000339,ProductLabel
Buzzi bolt M8x37 DIN 464,MetricScrew
Buzzi GLIDE M8x35,MetricScrew
Buzzi velcro Pad 32x32x1 Loop,Tape
Welding nut M8,Nut
"MetricScrew, 1/4-20X7/8, PanHead, Hexagonal",MetricScrew
"Planes adapter for glide,FAB",Sleeve
"MD,Adhesive,hot, Henkel Technomelt KS 3567",Glue
Adhesive CA50 GEL,Glue
"Glue, Novattane 2100, 21007S",Glue
"Arm kit,X99,seminar,export",ArmrestAssy
"Arm kit,mesh,seminar,X99, Export",ArmrestAssy
"Arm support painted,LH,CONF,FAB",ArmrestSupport
"Arm Support Painted,Rh,Conf,FAB",ArmrestSupport
"Arm support painted,LH,CONF",ArmrestSupport
"Arm Support Painted,Rh,Conf",ArmrestSupport
"BRACKET, LOCK, FORWARD TILT",SeatingControl
"Arm,SUB cap,LH,side stool,very",ArmCap
"Arm,SUB cap,LH,side stool,very",ArmCap
"Arm,SUB cap,RH,side stool,very",ArmCap
"Arm,SUB cap,RH,side stool,very",ArmCap
"Arm,tablet,casting,ASSY,LH, Very",WriteTableFrame
"Arm,tablet,casting,ASSY,RH, Very",WriteTableFrame
"Cable outlet, center,Alu flip top, FAB Test",CableOutlet
"Cable outlet, center,Alu flip top, FAB Test",CableOutlet
"Cable outlet, center,Alu flip top, FAB Test",CableOutlet
Stopper of Mech,MiscMechComp
"Planes arm, Fliptop Top Support offset,FAB",TopSupport
"right arm, ALOHA,1D",ArmrestAssy
"right arm, ALOHA,1D",ArmrestAssy
"left arm, ALOHA,1D",ArmrestAssy
"left arm, ALOHA,1D",ArmrestAssy
"Upright plug, LH, Fern",Endcap
"Upright plug, LH, Fern",Endcap
"Upright plug, LH, Fern",Endcap
"Upright plug, RH, Fern",Endcap
"Upright plug, RH, Fern",Endcap
"Upright plug, RH, Fern",Endcap
Inner Shell Arm LH Poppy,SeatShell
Inner Shell Arm RH Poppy,SeatShell
"ArmUpright, 1D, pair w/ cap, Fern",ArmrestAssy
"ArmUpright, 1D, pair w/ cap, Fern",ArmrestAssy
"ArmUpright, 1D, pair w/ cap, Fern",ArmrestAssy
"ArmUpright, 4D, pair w/ cap, Fern",ArmrestAssy
"ArmUpright, 4D, pair w/ cap, Fern",ArmrestAssy
"ArmUpright, 4D, pair w/ cap, Fern",ArmrestAssy
"4D Arm , ALOHA",ArmrestAssy
"4D Arm , ALOHA",ArmrestAssy
"4D Arm upright LH ASSY,including arm cap",ArmrestAssy
"4D Arm upright LH ASSY,including arm cap",ArmrestAssy
"4D Arm upright LH ASSY,including arm cap",ArmrestAssy
"4D Arm upright RH ASSY, including arm cap",ArmrestAssy
"4D Arm upright RH ASSY, including arm cap",ArmrestAssy
"4D Arm upright RH ASSY, including arm cap",ArmrestAssy
"1D Arm upright LH ASSY, including arm cap",ArmrestAssy
"1D Arm upright LH ASSY, including arm cap",ArmrestAssy
"1D Arm upright LH ASSY, including arm cap",ArmrestAssy
"1D Arm upright RH ASSY, including arm cap",ArmrestAssy
"1D Arm upright RH ASSY, including arm cap",ArmrestAssy
"1D Arm upright RH ASSY, including arm cap",ArmrestAssy
"Arm, Cap, Lh, for Side Chair, Maari",ArmCap
"Arm, Cap, Lh, for Side Chair, Maari",ArmCap
"Arm, Cap, Lh, for Side Chair, Maari",ArmCap
"Arm, Cap, Lh, for Side Chair, Maari",ArmCap
"Arm, Cap, Lh, for Side Chair, Maari",ArmCap
"Arm, Cap, Lh, for Side Chair, Maari",ArmCap
"Arm, Cap, Rh, for Side Chair, Maari",ArmCap
"Arm, Cap, Rh, for Side Chair, Maari",ArmCap
"Arm, Cap, Rh, for Side Chair, Maari",ArmCap
"Arm, Cap, Rh, for Side Chair, Maari",ArmCap
"Arm, Cap, Rh, for Side Chair, Maari",ArmCap
"Arm, Cap, Rh, for Side Chair, Maari",ArmCap
"Armrestsupport, LH, Plastic",ArmrestSupport
"Armrestsupport, LH, Plastic",ArmrestSupport
"Armrestsupport, RH, Plastic",ArmrestSupport
"Armrestsupport, RH, Plastic",ArmrestSupport
"Arm, Fixed, LH,FAB",ArmrestSupport
"Arm, Fixed, RH,FAB",ArmrestSupport
"Arm, Fixed, LH",ArmrestSupport
"Arm, Fixed, RH",ArmrestSupport
"Arm, pivot, cast, Tablet,FAB",WriteTableFrame
"Arm weldment, Tablet upright,FAB",ArmUpright
"Arm,Assy,Upper, LH, 4D,Daytona",ArmrestAssy
"Arm,Assy,Upper, LH, 4D,Daytona",ArmrestAssy
"Arm,Assy,Upper, LH, 4D,Daytona",ArmrestAssy
"Arm, Assy, Upper, RH, 4D, Daytona",ArmrestAssy
"Arm, Assy, Upper, RH, 4D, Daytona",ArmrestAssy
"Arm, Assy, Upper, RH, 4D, Daytona",ArmrestAssy
"Arm, Assy, Upper, LH, 1D, Daytona",ArmrestAssy
"Arm, Assy, Upper, LH, 1D, Daytona",ArmrestAssy
"Arm, Assy, Upper, LH, 1D, Daytona",ArmrestAssy
"Arm, Assy, Upper, RH, 1D, Daytona",ArmrestAssy
"Arm, Assy, Upper, RH, 1D, Daytona",ArmrestAssy
"Arm, Assy, Upper, RH, 1D, Daytona",ArmrestAssy
"Washer, 25x11x1.83",Washer
"WoodFurnitScrew, GB846, ST3.5x16, CountersunkHead, Philips",WoodFurnitScrew
"WoodFurnitScrew,GB846,CountersunkHead,Philips,8.40,4.2x19",WoodFurnitScrew
"WoodFurnitScrew,ANSI/ASME B 18.6.1-1981 (R2016) Type II Slot",WoodFurnitScrew
"Wood & Furniture Screw,GB845,PanHead,Philips,9.50,ST4.8X19",WoodFurnitScrew
"NAx13.50, PanHead, Philips, ZincCoated, NA/GB845",WoodFurnitScrew
"MD,Staple",Staples
"MD,Staple 1004J",Staples
"Body, caster, leg",CastorsFurnit
"Body, caster, leg",CastorsFurnit
"EDGEBANDING,ABS,2MMT,29MMH",Edgebanding
"EDGEBANDING,ABS,2MMT,29MMH",Edgebanding
"EDGEBANDING,ABS,2MMT,29MMH",Edgebanding
"EDGEBANDING,ABS,2MMT,29MMH",Edgebanding
"EDGEBANDING,ABS,2MMT,29MMH",Edgebanding
"EDGEBANDING,ABS,2MMT,29MMH",Edgebanding
"EDGEBANDING,ABS,2MMT,29MMH",Edgebanding
"EDGEBANDING,ABS,2MMT,29MMH",Edgebanding
"EDGEBANDING,ABS,2MMT,29MMH",Edgebanding
"EDGEBANDING,ABS,2MMT,29MMH",Edgebanding
"EDGEBANDING,ABS,2MMT,29MMH",Edgebanding
"EDGEBANDING,ABS,2MMT,29MMH",Edgebanding
"EDGEBANDING,ABS,2MMT,29MMH",Edgebanding
"EDGEBANDING,ABS,2MMT,29MMH",Edgebanding
"EDGEBANDING,ABS,2MMT,29MMH",Edgebanding
"EDGEBANDING,ABS,2MMT,29MMH",Edgebanding
"EDGEBANDING,ABS,2MMT,29MMH",Edgebanding
"EDGEBANDING,ABS,2MMT,29MMH",Edgebanding
"EDGEBANDING,ABS,2MMT,29MMH",Edgebanding
"EDGEBANDING,ABS,2MMT,29MMH",Edgebanding
"EDGEBANDING,ABS,2MMT,29MMH",Edgebanding
"EDGEBANDING,ABS,2MMT,29MMH",Edgebanding
"EDGEBANDING,ABS,2MMT,29MMH",Edgebanding
"EDGEBANDING,ABS,2MMT,29MMH",Edgebanding
"EDGEBANDING,ABS,2MMT,29MMH",Edgebanding
"EDGEBANDING,ABS,2MMT,29MMH",Edgebanding
"EDGEBANDING,ABS,2MMT,29MMH",Edgebanding
"EDGEBANDING,ABS,2MMT,29MMH",Edgebanding
"EDGEBANDING,ABS,2MMT,29MMH",Edgebanding
"EDGEBANDING,ABS,2MMT,29MMH",Edgebanding
"EDGEBANDING,ABS,2MMT,29MMH",Edgebanding
"EDGEBANDING,ABS,2MMT,29MMH",Edgebanding
"EDGEBANDING,ABS,2MMT,29MMH",Edgebanding
"EDGEBANDING,ABS,2MMT,29MMH",Edgebanding
"EDGEBANDING,ABS,2MMT,29MMH",Edgebanding
"EDGEBANDING,ABS,2MMT,29MMH",Edgebanding
"EDGEBANDING,ABS,2MMT,29MMH",Edgebanding
"EDGEBANDING,ABS,2MMT,29MMH",Edgebanding
"EDGEBANDING,ABS,2MMT,29MMH",Edgebanding
"EDGEBANDING,ABS,2MMT,29MMH",Edgebanding
"EDGEBANDING,ABS,2MMT,29MMH",Edgebanding
"EDGEBANDING,ABS,2MMT,29MMH",Edgebanding
"EDGEBANDING,ABS,2MMT,29MMH",Edgebanding
"EDGEBANDING,ABS,2MMT,29MMH",Edgebanding
"EDGEBANDING,ABS,2MMT,29MMH",Edgebanding
"EDGEBANDING,ABS,2MMT,29MMH",Edgebanding
"EDGEBANDING,ABS,2MMT,29MMH",Edgebanding
"EDGEBANDING,ABS,2MMT,29MMH",Edgebanding
"EDGEBANDING,ABS,2MMT,29MMH",Edgebanding
"EDGEBANDING,ABS,2MMT,29MMH",Edgebanding
"EDGEBANDING,ABS,2MMT,29MMH",Edgebanding
"EDGEBANDING,ABS,2MMT,29MMH",Edgebanding
"EDGEBANDING,ABS,2MMT,29MMH",Edgebanding
"Edgebanding,ABS,1mm, 35mm width",Edgebanding
"Edgebanding,ABS,1mm, 35mm width",Edgebanding
"Edgebanding,ABS,1mm, 35mm width",Edgebanding
"Edgebanding,ABS,1mm, 35mm width",Edgebanding
"Edgebanding,ABS,1mm, 35mm width",Edgebanding
"Edgebanding,ABS,1mm, 35mm width",Edgebanding
"Edgebanding,ABS,1mm, 35mm width",Edgebanding
"Edgebanding,ABS,1mm, 35mm width",Edgebanding
"Edgebanding,ABS,1mm, 35mm width",Edgebanding
"Edgebanding,ABS,1mm, 35mm width",Edgebanding
"Edgebanding,ABS,1mm, 35mm width",Edgebanding
"Edgebanding,ABS,1mm, 35mm width",Edgebanding
"Edgebanding,ABS,1mm, 35mm width",Edgebanding
"Edgebanding,ABS,1mm, 35mm width",Edgebanding
"Edgebanding,ABS,1mm, 35mm width",Edgebanding
"Edgebanding,ABS,1mm, 35mm width",Edgebanding
"Edgebanding,ABS,1mm, 35mm width",Edgebanding
"Edgebanding,ABS,1mm, 35mm width",Edgebanding
"Edgebanding,ABS,1mm, 35mm width",Edgebanding
"Edgebanding,ABS,1mm, 35mm width",Edgebanding
"Edgebanding,ABS,1mm, 35mm width",Edgebanding
"Edgebanding,ABS,1mm, 35mm width",Edgebanding
"Edgebanding,ABS,1mm, 35mm width",Edgebanding
"Edgebanding,ABS,1mm, 35mm width",Edgebanding
"Edgebanding,ABS,1mm, 35mm width",Edgebanding
"Edgebanding,ABS,1mm, 35mm width",Edgebanding
"Edgebanding,ABS,1mm, 35mm width",Edgebanding
"Edgebanding,ABS,1mm, 35mm width",Edgebanding
"Edgebanding,ABS,1mm, 35mm width",Edgebanding
"Edgebanding,ABS,1mm, 35mm width",Edgebanding
"Edgebanding,ABS,1mm, 35mm width",Edgebanding
"Edgebanding,ABS,1mm, 35mm width",Edgebanding
"Edgebanding,ABS,1mm, 35mm width",Edgebanding
"Edgebanding,ABS,1mm, 35mm width",Edgebanding
"Edgebanding,ABS,1mm, 35mm width",Edgebanding
"Edgebanding,ABS,1mm, 35mm width",Edgebanding
"Edgebanding,ABS,1mm, 35mm width",Edgebanding
"Edgebanding,ABS,1mm, 35mm width",Edgebanding
"Edgebanding,ABS,1mm, 35mm width",Edgebanding
"Back,Lumbar,Kit, Assy",LumbarAssy
"Back,Lumbar,Kit, Assy",LumbarAssy
"Back,Lumbar,Kit, Assy",LumbarAssy
"Back,Lumbar,Kit, Assy",LumbarAssy
"Back Frame with mech cover, Assy W/ Rib",BackRestAssy
"Back Frame with mech cover, Assy W/ Rib",BackRestAssy
"Back Frame with mech cover, Assy W/ Rib",BackRestAssy
"Back Frame with mech cover, Assy W/ Rib",BackRestAssy
"Back Frame with mech cover, Assy W/ Rib",BackRestAssy
"Back Frame with mech cover, Assy W/ Rib",BackRestAssy
"Back Frame with mech cover, Assy W/ Rib",BackRestAssy
"Back Frame with mech cover, Assy W/ Rib",BackRestAssy
"Back Frame with mech cover, Assy W/ Rib",BackRestAssy
"Back Frame with mech cover, Assy W/ Rib",BackRestAssy
"Back Frame with mech cover, Assy W/ Rib",BackRestAssy
"Back Frame with mech cover, Assy W/ Rib",BackRestAssy
"Back Frame with mech cover, Assy W/ Rib",BackRestAssy
"Back Frame with mech cover, Assy W/ Rib",BackRestAssy
"Back Frame with mech cover, Assy W/ Rib",BackRestAssy
"Back Frame with mech cover, Assy W/ Rib",BackRestAssy
"Back Frame with mech cover, Assy W/ Rib",BackRestAssy
"Back Frame with mech cover, Assy W/ Rib",BackRestAssy
"Back Frame with mech cover, Assy W/ Rib",BackRestAssy
"Back Frame with mech cover, Assy W/ Rib",BackRestAssy
"Back Frame with mech cover, Assy W/ Rib",BackRestAssy
"Back Frame with mech cover, Assy W/ Rib",BackRestAssy
"Back Frame with mech cover, Assy W/ Rib",BackRestAssy
"Back Frame with mech cover, Assy W/ Rib",BackRestAssy
"Back Frame with mech cover, Assy W/ Rib",BackRestAssy
"Back Frame with mech cover, Assy W/ Rib",BackRestAssy
"Back Frame with mech cover, Assy W/ Rib",BackRestAssy
"Back Frame with mech cover, Assy W/ Rib",BackRestAssy
"Back Frame with mech cover, Assy W/ Rib",BackRestAssy
"Back Frame with mech cover, Assy W/ Rib",BackRestAssy
"Back Frame with mech cover, Assy W/ Rib",BackRestAssy
"Back Frame with mech cover, Assy W/ Rib",BackRestAssy
"Back Frame with mech cover, Assy W/ Rib",BackRestAssy
"Back Frame with mech cover, Assy W/ Rib",BackRestAssy
"Back Frame with mech cover, Assy W/ Rib",BackRestAssy
"Back Frame with mech cover, Assy W/ Rib",BackRestAssy
"Back Frame with mech cover, Assy W/ Rib",BackRestAssy
"Back Frame with mech cover, Assy W/ Rib",BackRestAssy
"Back Frame with mech cover, Assy W/ Rib",BackRestAssy
"Back Frame with mech cover, Assy W/ Rib",BackRestAssy
"Back Frame with mech cover, Assy W/ Rib",BackRestAssy
"Back Frame with mech cover, Assy W/ Rib",BackRestAssy
"Back Frame with mech cover, Assy W/ Rib",BackRestAssy
"Back Frame with mech cover, Assy W/ Rib",BackRestAssy
"Back Frame with mech cover, Assy W/ Rib",BackRestAssy
"Back Frame with mech cover, Assy W/ Rib",BackRestAssy
"Back Frame with mech cover, Assy W/ Rib",BackRestAssy
"Back Frame with mech cover, Assy W/ Rib",BackRestAssy
"Back,upright,left,SEM,X99",BackUpright
"Back,upright,Right,SEM,X99",BackUpright
"Back,Shell,Very Conference, Side, Seminar",BackrestFrame
"Back,Shell,Very Conference, Side, Seminar",BackrestFrame
"Back,Shell,Very Conference, Side, Seminar",BackrestFrame
"Back,Shell,Very Conference, Side, Seminar",BackrestFrame
"Back,Shell,Very Conference, Side, Seminar",BackrestFrame
"Back,Shell,Very Conference, Side, Seminar",BackrestFrame
"Back,Shell,Very Conference, Side, Seminar",BackrestFrame
"Back,Shell,Very Conference, Side, Seminar",BackrestFrame
"Back,Shell,Very Conference, Side, Seminar",BackrestFrame
"Back,Shell,Very Conference, Side, Seminar",BackrestFrame
"Mesh back,Very task",BackRestAssy
"Mesh back,Very task",BackRestAssy
"Mesh back,Very task",BackRestAssy
"Mesh back,Very task",BackRestAssy
"Mesh back,Very task",BackRestAssy
"Mesh back,Very task",BackRestAssy
"Mesh back,Very task",BackRestAssy
"Mesh back,Very task",BackRestAssy
"Mesh back,Very task",BackRestAssy
"Mesh back,Very task",BackRestAssy
"Mesh back,Very task",BackRestAssy
"Mesh back,Very task",BackRestAssy
"Mesh back,Very task",BackRestAssy
"Mesh back,Very task",BackRestAssy
"Mesh back,Very task",BackRestAssy
"Mesh back,Very task",BackRestAssy
"Mesh back,Very task",BackRestAssy
"Mesh back,Very task",BackRestAssy
"L Bracket for Modesty screen,FAB",Bracket
PKG Pip colla column,PseudoPack
Powdercoat AP,PowderCoat
Powdercoat AP,PowderCoat
Powdercoat AP,PowderCoat
Powdercoat AP,PowderCoat
Powdercoat AP,PowderCoat
Powdercoat AP,PowderCoat
Powdercoat AP,PowderCoat
Powdercoat AP,PowderCoat
Powdercoat AP,PowderCoat
Powdercoat AP,PowderCoat
Powdercoat AP,PowderCoat
Powdercoat AP,PowderCoat
Powdercoat AP,PowderCoat
Powdercoat AP,PowderCoat
Powdercoat AP,PowderCoat
Powdercoat AP,PowderCoat
Powdercoat AP,PowderCoat
Powdercoat AP,PowderCoat
Powdercoat AP,PowderCoat
Powdercoat AP,PowderCoat
Powdercoat AP,PowderCoat
Powdercoat AP,PowderCoat
Powdercoat AP,PowderCoat
Powdercoat AP,PowderCoat
Powdercoat AP,PowderCoat
Powdercoat AP,PowderCoat
Powdercoat AP,PowderCoat
Powdercoat AP,PowderCoat
Powdercoat AP,PowderCoat
Powdercoat AP,PowderCoat
Powdercoat AP,PowderCoat
Powdercoat AP,PowderCoat
Powdercoat AP,PowderCoat
Powdercoat AP,PowderCoat
Powdercoat AP,PowderCoat
Powdercoat AP,PowderCoat
Powdercoat AP,PowderCoat
Powdercoat AP,PowderCoat
Powdercoat AP,PowderCoat
Powdercoat AP,PowderCoat
Powdercoat AP,PowderCoat
Powdercoat AP,PowderCoat
Powdercoat AP,PowderCoat
Powdercoat AP,PowderCoat
Powdercoat AP,PowderCoat
Powdercoat AP,PowderCoat
Powdercoat AP,PowderCoat
Powdercoat AP,PowderCoat
Powdercoat AP,PowderCoat
Powdercoat AP,PowderCoat
Powdercoat AP,PowderCoat
Powdercoat AP,PowderCoat
Powdercoat AP,PowderCoat
Powdercoat AP,PowderCoat
Powdercoat AP,PowderCoat
Powdercoat AP,PowderCoat
Powdercoat AP,PowderCoat
Powdercoat AP,PowderCoat
Powdercoat AP,PowderCoat
Powdercoat AP,PowderCoat
Powdercoat AP,PowderCoat
Powdercoat AP,PowderCoat
Powdercoat AP,PowderCoat
Powdercoat AP,PowderCoat
Powdercoat AP,PowderCoat
Powdercoat AP,PowderCoat
Powdercoat AP,PowderCoat
Powdercoat AP,PowderCoat
Powdercoat AP,PowderCoat
Powdercoat AP,PowderCoat
Powdercoat AP,PowderCoat
Powdercoat AP,PowderCoat
Powdercoat AP,PowderCoat
Powdercoat AP,PowderCoat
Powdercoat AP,PowderCoat
Powdercoat AP,PowderCoat
Powdercoat AP,PowderCoat
Powdercoat AP,PowderCoat
Powdercoat AP,PowderCoat
Powdercoat AP,PowderCoat
Powdercoat AP,PowderCoat
Powdercoat AP,PowderCoat
Powdercoat AP,PowderCoat
Powdercoat AP,PowderCoat
Powdercoat AP,PowderCoat
Powdercoat AP,PowderCoat
Powdercoat AP,PowderCoat
Powdercoat AP,PowderCoat
Powdercoat AP,PowderCoat
Powdercoat AP,PowderCoat
Powdercoat AP,PowderCoat
Powdercoat AP,PowderCoat
Powdercoat AP,PowderCoat
Powdercoat AP,PowderCoat
Powdercoat AP,PowderCoat
Powdercoat AP,PowderCoat
Powdercoat AP,PowderCoat
Powdercoat AP,PowderCoat
Powdercoat AP,PowderCoat
Powdercoat AP,PowderCoat
Powdercoat AP,PowderCoat
Powdercoat AP,PowderCoat
Powdercoat AP,PowderCoat
Powdercoat AP,PowderCoat
Powdercoat AP,PowderCoat
Powdercoat AP,PowderCoat
Powdercoat AP,PowderCoat
Powdercoat AP,PowderCoat
Powdercoat AP,PowderCoat
Powdercoat AP,PowderCoat
Powdercoat AP,PowderCoat
Powdercoat AP,PowderCoat
Powdercoat AP,PowderCoat
Powdercoat AP,PowderCoat
Powdercoat AP,PowderCoat
Powdercoat AP,PowderCoat
Powdercoat AP,PowderCoat
Powdercoat AP,PowderCoat
Powdercoat AP,PowderCoat
Powdercoat AP,PowderCoat
Powdercoat AP,PowderCoat
Powdercoat AP,PowderCoat
Powdercoat AP,PowderCoat
Powdercoat AP,PowderCoat
Powdercoat AP,PowderCoat
Powdercoat AP,PowderCoat
Powdercoat AP,PowderCoat
Powdercoat AP,PowderCoat
Powdercoat AP,PowderCoat
Powdercoat AP,PowderCoat
Powdercoat AP,PowderCoat
Powdercoat AP,PowderCoat
Powdercoat AP,PowderCoat
Powdercoat AP,PowderCoat
Powdercoat AP,PowderCoat
Powdercoat AP,PowderCoat
Powdercoat AP,PowderCoat
Powdercoat AP,PowderCoat
Powdercoat AP,PowderCoat
Powdercoat AP,PowderCoat
"Base,UM,PWR,desk",CableChain
"Base,UM,PWR,desk",CableChain
"WGT,base,umbili,PWR,desk,",CableChain
"Base,plastic,five star",StarBase
"Base,plastic,five star",StarBase
"StarBase, plastic, five star",StarBase
"StarBase, plastic, five star",StarBase
"Base, aluminum, Fern,FAB",StarBase
"BASE, ALUMINUM, PROJ 451",StarBase
"BASE, ALUMINUM, PROJ 451",StarBase
"Four star Base, Alu,Maari,FAB",StarBase
"Five star Base, Alu,Nia, PFP",StarBase
"BEARING,FRONT,SLIDING SEAT",MiscMechComp
"Bearing,bushing,end,Spring,rear",Bearings
"Bearing,bushing,end,isolator",Bearings
"Bearing,rear seat plate,pivot,Plastic",SeatingControl
"Bearing,Mech,Conf,Very",Bearings
"Bearing,radial,MECH,LH",Bearings
"Bearing,radial,MECH,RH",Bearings
"Bearing,bushing,rod,Very",Bearings
"Bearing,Pivot,Shldr,Confd18.87Mm",Bearings
"Bearing,Pivot,Shldr,Confd15.88Mm",Bearings
"Bearing,support,spring",Bearings
"Bearing,tube,insert",Bearings
"Bearing,rear seat plate,pivot,Dual PosturePlastic",SeatingControl
"Bearing, thrust, Tablet, Maari, Poppy",Bearings
"Block, fixed, back stop",MiscMechComp
"Block,out stop,sliding seat,Aloha Active",MiscMechComp
Blocking Fixing For 4/5 Star,SeatingControl
Steel plate block 3-M8,BackrestFrame
"Fixing block, Tablet. Maari, Poppy",SeatingControl
"PTB board,4'x8',25THK E0,FSC100%",Particleboard
"PTB board,4'x8',25THK E0,FSC100%",Particleboard
"25mm PTB LPL board, 6*8, E0, FSC",Particleboard
"25mm PTB LPL board, 6*8, E0, FSC",Particleboard
"25mm PTB LPL board, 6*8, E0, FSC",Particleboard
"25mm PTB LPL board, 6*8, E0, FSC",Particleboard
"25mm PTB LPL board, 6*8, E0, FSC",Particleboard
"25mm PTB LPL board, 6*8, E0, FSC",Particleboard
"25mm PTB LPL board, 6*8, E0, FSC",Particleboard
"25mm PTB LPL board, 6*8, E0, FSC",Particleboard
"25mm PTB LPL board, 6*8, E0, FSC",Particleboard
"25mm PTB LPL board, 6*8, E0, FSC",Particleboard
"25mm PTB LPL board, 6*8, E0, FSC",Particleboard
"25mm PTB LPL board, 6*8, E0, FSC",Particleboard
"25mm PTB LPL board, 6*8, E0, FSC",Particleboard
"25mm PTB LPL board, 6*8, E0, FSC",Particleboard
"25mm PTB LPL board, 6*8, E0, FSC",Particleboard
"25mm PTB LPL board, 6*8, E0, FSC",Particleboard
"25mm PTB LPL board, 6*8, E0, FSC",Particleboard
"25mm PTB LPL board, 6*8, E0, FSC",Particleboard
"25mm PTB LPL board, 6*8, E0, FSC",Particleboard
"25mm PTB LPL board, 6*8, E0, FSC",Particleboard
"25mm PTB LPL board, 6*8, E0, FSC",Particleboard
"25mm PTB LPL board, 6*8, E0, FSC",Particleboard
"25mm PTB LPL board, 6*8, E0, FSC",Particleboard
"25mm PTB LPL board, 6*8, E0, FSC",Particleboard
"25mm PTB LPL board, 6*8, E0, FSC",Particleboard
"25mm PTB LPL board, 6*8, E0, FSC",Particleboard
"25mm PTB LPL board, 6*8, E0, FSC",Particleboard
"25mm PTB LPL board, 6*8, E0, FSC",Particleboard
"25mm PTB LPL board, 6*8, E0, FSC",Particleboard
"25mm PTB LPL board, 6*8, E0, FSC",Particleboard
"25mm PTB LPL board, 6*8, E0, FSC",Particleboard
"25mm PTB LPL board, 6*8, E0, FSC",Particleboard
"25mm PTB LPL board, 6*8, E0, FSC",Particleboard
"25mm PTB LPL board, 6*8, E0, FSC",Particleboard
"25mm PTB LPL board, 6*8, E0, FSC",Particleboard
"25mm PTB LPL board, 6*8, E0, FSC",Particleboard
"25mm PTB LPL board, 6*8, E0, FSC",Particleboard
"25mm PTB LPL board, 6*8, E0, FSC",Particleboard
"25mm PTB LPL board, 6*8, E0, FSC",Particleboard
"25mm PTB LPL board, 6*8, E0, FSC",Particleboard
"25mm PTB LPL board, 6*8, E0, FSC",Particleboard
"25mm PTB LPL board, 6*8, E0, FSC",Particleboard
"25mm PTB LPL board, 6*8, E0, FSC",Particleboard
"25mm PTB LPL board, 6*8, E0, FSC",Particleboard
"25mm PTB LPL board, 6*8, E0, FSC",Particleboard
"25mm PTB LPL board, 6*8, E0, FSC",Particleboard
"25mm PTB LPL board, 6*8, E0, FSC",Particleboard
"25mm PTB LPL board, 6*8, E0, FSC",Particleboard
"25mm PTB LPL board, 6*8, E0, FSC",Particleboard
"25mm PTB LPL board, 6*8, E0, FSC",Particleboard
"9mm MDF LPL board, 4*8,E0, FSC",Particleboard
"9mm MDF LPL board, 4*8,E0, FSC",Particleboard
"9mm MDF LPL board, 4*8,E0, FSC",Particleboard
"9mm MDF LPL board, 4*8,E0, FSC",Particleboard
"9mm MDF LPL board, 4*8,E0, FSC",Particleboard
"9mm MDF LPL board, 4*8,E0, FSC",Particleboard
"9mm MDF LPL board, 4*8,E0, FSC",Particleboard
"9mm MDF LPL board, 4*8,E0, FSC",Particleboard
"9mm MDF LPL board, 4*8,E0, FSC",Particleboard
"9mm MDF LPL board, 4*8,E0, FSC",Particleboard
"9mm MDF LPL board, 4*8,E0, FSC",Particleboard
"9mm MDF LPL board, 4*8,E0, FSC",Particleboard
"9mm MDF LPL board, 4*8,E0, FSC",Particleboard
"9mm MDF LPL board, 4*8,E0, FSC",Particleboard
"9mm MDF LPL board, 4*8,E0, FSC",Particleboard
"9mm MDF LPL board, 4*8,E0, FSC",Particleboard
"9mm MDF LPL board, 4*8,E0, FSC",Particleboard
"18mm PTB LPL board, 6*8,E0, FSC",Particleboard
"18mm PTB LPL board, 6*8,E0, FSC",Particleboard
"18mm PTB LPL board, 6*8,E0, FSC",Particleboard
"18mm PTB LPL board, 6*8,E0, FSC",Particleboard
"18mm PTB LPL board, 6*8,E0, FSC",Particleboard
"18mm PTB LPL board, 6*8,E0, FSC",Particleboard
"18mm PTB LPL board, 6*8,E0, FSC",Particleboard
"18mm PTB LPL board, 6*8,E0, FSC",Particleboard
"18mm PTB LPL board, 6*8,E0, FSC",Particleboard
"18mm PTB LPL board, 6*8,E0, FSC",Particleboard
"18mm PTB LPL board, 6*8,E0, FSC",Particleboard
"18mm PTB LPL board, 6*8,E0, FSC",Particleboard
"18mm PTB LPL board, 6*8,E0, FSC",Particleboard
"18mm PTB LPL board, 6*8,E0, FSC",Particleboard
"18mm PTB LPL board, 6*8,E0, FSC",Particleboard
"18mm PTB LPL board, 6*8,E0, FSC",Particleboard
"18mm PTB LPL board, 6*8,E0, FSC",Particleboard
"18mm PTB LPL board, 6*8,E0, FSC",Particleboard
"18mm PTB LPL board, 6*8,E0, FSC",Particleboard
"18mm PTB LPL board, 6*8,E0, FSC",Particleboard
"18mm PTB LPL board, 6*8,E0, FSC",Particleboard
"18mm PTB LPL board, 6*8,E0, FSC",Particleboard
"18mm PTB LPL board, 6*8,E0, FSC",Particleboard
"18mm PTB LPL board, 6*8,E0, FSC",Particleboard
"18mm PTB LPL board, 6*8,E0, FSC",Particleboard
"18mm PTB LPL board, 6*8,E0, FSC",Particleboard
"18mm PTB LPL board, 6*8,E0, FSC",Particleboard
"18mm PTB LPL board, 6*8,E0, FSC",Particleboard
"18mm PTB LPL board, 6*8,E0, FSC",Particleboard
"6mm MDF, double white melamine ,4*8, E0, FSC100%",MDFBoard
"9mm PTB, double white melamine ,4*8, E1, FSC100%",Particleboard
"HPL double, 5*8, E0, FSC, T=26.4",Particleboard
"HPL double, 5*8, E0, FSC, T=26.4",Particleboard
"HPL double, 5*8, E0, FSC, T=26.4",Particleboard
"HPL double, 5*8, E0, FSC, T=26.4",Particleboard
"HPL double, 5*8, E0, FSC, T=26.4",Particleboard
"HPL double, 5*8, E0, FSC, T=26.4",Particleboard
"HPL double, 4*8, E0, FSC, T=26.4",Particleboard
"Bolt, PanHead, HexagonalSocket, 5/16X32",Bolt
"MetricScrew, GB70, M8x60.0, CheeseHead, HexagonalSocket",MetricScrew
"MetricScrew, GB70, M6X65, CheeseHead, HexagonalSocket",MetricScrew
"SelfTapScrew, M6x20, PanHead, Torx, black",SelfTapScrew
"Bumper,Push-In,Rubber,Conf",MiscHardware
"Bumper,stacking,fixed,seminar, Very",MiscMechComp
"Bumper,stacking,fixed,seminar, Very",MiscMechComp
"Bumper Screw, ST10.0x9.6, CheeseHead, high head",SelfTapScrew
"Bumper Screw, ST10.0x9.6, CheeseHead, lower head",SelfTapScrew
"Frame, Bumper",MiscSeatFramAcc
"Frame, Bumper",MiscSeatFramAcc
"PKG, Very sled base stool",PseudoPack
"PKG, Very sled base stool",PseudoPack
"Bushing, end inner control",Bushings
"Bushing,arm,fliptop,acetron",Bushings
"Bushing,cap,crush,j-tube",Bushings
"Arm cap, LH, Aloha Easy Guest",ArmCap
"Arm cap, RH, Aloha Easy Guest",ArmCap
"Bushing,bronze, rear",MiscMechComp
"Bushing, arm to arm, Tablet",MiscConnector
"Bushing, arm to arm, Tablet",MiscConnector
"Bushing, bronze, bearing",Bushings
"MD,Bag,poly-straight panels 1880Lx1499W",PackingPouchBag
"MD,Bag,poly-straight panels",PackingPouchBag
"MD,Bag,102x203x0.5,LD PE",PackingPouchBag
"MD,Bag,poly -6""x10""x3 MIL",PackingPouchBag
"Brkt,suprt,seat,LH, X99 seminar",Bracket
"Brkt,suprt,seat,RH, X99 seminar",Bracket
"Tension handle for metal plate, Zody",SeatPlate
"Bracket, Seat,4/5 Star,No Arm,FAB",SeatPlate
"Cabana Screen bracket,fab",Bracket
"Cabana table bracket,Ganging,fab",Bracket
Cabana Screen bracket cover,Bracket
"Cabana Screen,Bracket,Connector",Bracket
"Mid-span BKT 600, FAB",BeamSupport
"HAT mid-span top plate,FAB",BeamSupport
"HAT mid-span top plate,FAB",BeamSupport
"HAT mid-span top plate,FAB",BeamSupport
"HAT mid-span bottom plate,FAB",BeamSupport
"Cable,Mechanical,Flex,Tension,160",SeatingControl
"Cable, mechanical, pnuematic, Fern",SeatingControl
"Cable, mechanical, seat depth, Fern",SeatingControl
"Cable, mechanical, fwd tilt, Fern",SeatingControl
"Cap,Aluminum Base,Chair",Endcap
"Armcap subcap for fixed arm, LH",ArmCap
"Armcap subcap for fixed arm, LH",ArmCap
"Armcap subcap for fixed arm, LH",ArmCap
"Armcap subcap for fixed arm, RH",ArmCap
"Armcap subcap for fixed arm, RH",ArmCap
"Armcap subcap for fixed arm, RH",ArmCap
"Cap ,top ,extrusion,for easel Polycarbonate",Endcap
"Cap,caster,leg",CastorsFurnit
"Cap,caster,leg",CastorsFurnit
"Cap,caster,leg",CastorsFurnit
cap for base,Endcap
cap for base,Endcap
"Cap,LH,Fixed Arm,Conf",ArmCap
"Cap,LH,Fixed Arm,Conf",ArmCap
"Cap,RH,Fixed Arm,Conf",ArmCap
"Cap,RH,Fixed Arm,Conf",ArmCap
"Cap,RH,arm,seminar",ArmCap
"Cap,RH,arm,seminar",ArmCap
"Cap,LH,arm,seminar",ArmCap
"Cap,LH,arm,seminar",ArmCap
"Cap,RH,arm,Very Sled base",ArmCap
"Cap,RH,arm,Very Sled base",ArmCap
"Cap,LH,arm,Very Sled base",ArmCap
"Cap,LH,arm,Very Sled base",ArmCap
"Cap,RH,hard,arm",ArmCap
"Cap,RH,hard,arm",ArmCap
"Cap,LH,hard,arm",ArmCap
"Cap,LH,hard,arm",ArmCap
"Armcap, assy, soft, LH, fixed",ArmCap
"Armcap, assy, soft, LH, fixed",ArmCap
"Armcap, assy, soft, RH, fixed",ArmCap
"Armcap, assy, soft, RH, fixed",ArmCap
"Cap,arm,4-leg,tablet",ArmCap
"Cap,arm,4-leg,tablet",ArmCap
"Cap,lock,footrest",Endcap
"ArmCap, fixed, assy, LH, Fern",ArmCap
"ArmCap, fixed, assy, RH, Fern",ArmCap
"ArmCap, fixed, assy, LH, Fern",ArmCap
"ArmCap, fixed, assy, RH, Fern",ArmCap
"Cap, Arm, Fixed, LH,",ArmCap
"Cap, Arm, Fixed, LH,",ArmCap
"Cap, Arm, Fixed, RH,",ArmCap
"Cap, Arm, Fixed, RH,",ArmCap
"Armcap,Self-Skinning,Assy,Soft,Zody,pair",ArmCap
"Armcap,Self-Skinning,Assy,Soft,Zody,pair",ArmCap
"Armcap, 1D/4D,LH, Very",ArmCap
"Armcap, 1D/4D,LH, Very",ArmCap
"Armcap, 1D/4D,RH, Very",ArmCap
"Armcap, 1D/4D,RH, Very",ArmCap
"corner cap, screen",Endcap
"corner cap, screen",Endcap
"corner cap, screen",Endcap
"Caster,X-99,D50",CastorsSeating
"Caster,60mm,22mm Pintle",CastorsSeating
"Caster,60mm,22mm Pintle",CastorsSeating
"Caster,60mm,22mm Pintle",CastorsSeating
"Caster, 60 mm, 35mm Pintle",CastorsSeating
"Caster, 60 mm, 35mm Pintle",CastorsSeating
"Caster, 60 mm, 35mm Pintle",CastorsSeating
"Caster,50mm,Very",CastorsSeating
"Caster,50mm,Very",CastorsSeating
"Caster,50mm,Very",CastorsSeating
"Caster,50mm,Very",CastorsSeating
"Clip,Retain,Internal",MiscHardware
"Clip,Rtng,Front,Mech,Seat",SeatShell
"Clip,ganging,wire,stacker",MiscConnector
"MiscHardware, damper clip,LH",MiscHardware
"MiscHardware, damper clip, RH",MiscHardware
"Clip, 11.38x0.64",MiscFasteners
"S-CLIP, TINNERMAN, PROJ 451",Clamps
Very task headrest,HeadRest
Very task headrest,HeadRest
"MD,Draw STR-fing",Yarn
"Collar,split,footrest,LH",ShaftCollar
"Collar,split,footrest,RH",ShaftCollar
"AP Worktop, Column, Assy,FAB",Column
"Connect,Planes training table,FAB",LegConnector
"control body, weldment assy, AP",MiscMechComp
"Control housing, FAB",MechCover
"Control housing, Painted,Conf,",MechCover
Very task mech,MechAssy
Very task mech,MechAssy
"MechAssy, Fern",MechAssy
"MechAssy, Fern",MechAssy
"MechAssy, Fern",MechAssy
"MechAssy, Fern",MechAssy
"MechAssy, Fern",MechAssy
"MechAssy, Fern",MechAssy
"MechAssy, Fern",MechAssy
"MechAssy, Fern",MechAssy
"MechAssy, Fern",MechAssy
"MechAssy, Fern",MechAssy
"MechAssy, Fern",MechAssy
"MechAssy, Fern",MechAssy
"mech body, ALOHA",MechAssy
"Aloha Easy lite control body, change tile angle",MechAssy
"Lever, Back lock",MiscMechComp
"Lever, Back lock",MiscMechComp
"Lever, Pneumatic activation",MiscMechComp
"Lever, Pneumatic activation",MiscMechComp
"Control Body, Aloha Active",MechAssy
"Control Body, Aloha Active",MechAssy
Control body bowi,MechAssy
"Mechassy, back lock only, Soji",MechAssy
"Mechassy, sliding, forward tilt and back lock, Soji",MechAssy
"Cord,UM,PWR,desk",CableChain
"Cord,UM,PWR,desk",CableChain
"Cap,Arm,LH,Daytona",ArmCap
"Cap,Arm,LH,Daytona",ArmCap
"Cap,Arm,RH,Daytona",ArmCap
"Cap,Arm,RH,Daytona",ArmCap
"Gas spring,pneumatic, push button",GasSpring
gas spring,GasSpring
"Cylinder,ASSY,pneumatic,stool,soji",BaseTube
"Cylinder,pneumatic,stool,assy,without housing",GasSpring
"Housing, stool high cylinder",BaseTube
"cylinder with middle tube assy, Active",GasSpringUnit
Cylinder 4 leg Poppy,GasSpring
Gasspring For Poppy,GasSpring
Gasspring For Poppy,GasSpring
"Cylinder, wood dowel base, Poppy chair",GasSpring
"Gas spring with base tube, assy",GasSpring
"Cylinder, gas, table,training table",CylinderLock
"Ball stud,TBL,flip top",MetricScrew
"Cylinder, 4 Star, Maari",GasSpring
"GasSpring, Marri, 5 Star",GasSpring
"GasSpring, Marri, 5 Star",GasSpring
GasSpring for Nia,GasSpring
GasSpring for Nia,GasSpring
"Cylinder, assembled, for Sojiplastic base",GasSpring
"Cylinder, assembled, for Sojialuminum base option",GasSpring
GasSpring Daytona Dual Posture,GasSpring
Gasspring For Poppy Tablet,GasSpring
Gasspring For Poppy Tablet,GasSpring
"GasSpring,Nia Stool",GasSpring
"GasSpring,Nia Stool",GasSpring
"Cover,Cable,Tension,Zody",SeatingControl
"Cover, Control, Upper",MechCover
"Cover, Control, Upper",MechCover
"Cover, Control, Upper",MechCover
"Cover, Control, Upper",MechCover
"Cover, Control, Lower",MechCover
"Cover, Control, Lower",MechCover
"Cover, Control, Lower",MechCover
"Cover, Control, Lower",MechCover
"Cover,Non-Sliding Seat,Lever",SeatingControl
"Cover,Non-Sliding Seat,Lever",SeatingControl
"Cover,RH,tilt mechanism",ArmCover
"Cover,RH,tilt mechanism",ArmCover
"Cover,LH,tilt mechanism",ArmCover
"Cover,LH,tilt mechanism",ArmCover
"Cover,underside frame",SeatPlate
"Cover,underside frame",SeatPlate
"Plastic Cover,Control  Housing,Very Conf",MechCover
"Cover,RH, Poly Shell",MiscConnector
"Cover,RH, Poly Shell",MiscConnector
"Cover,RH, Poly Shell",MiscConnector
"Cover,RH, Poly Shell",MiscConnector
"Cover,RH, Poly Shell",MiscConnector
"Cover,RH, Poly Shell",MiscConnector
"Cover,RH, Poly Shell",MiscConnector
"Cover,RH, Poly Shell",MiscConnector
"Cover,RH, Poly Shell",MiscConnector
"Cover,RH, Poly Shell",MiscConnector
"Cover,LH, Poly Shell",MiscConnector
"Cover,LH, Poly Shell",MiscConnector
"Cover,LH, Poly Shell",MiscConnector
"Cover,LH, Poly Shell",MiscConnector
"Cover,LH, Poly Shell",MiscConnector
"Cover,LH, Poly Shell",MiscConnector
"Cover,LH, Poly Shell",MiscConnector
"Cover,LH, Poly Shell",MiscConnector
"Cover,LH, Poly Shell",MiscConnector
"Cover,LH, Poly Shell",MiscConnector
"MiscHardware, Cover",MiscHardware
"Cover,outer,seat,fixed seat, non- forward, Fern",SeatPlate
"Cover,outer,seat,fixed seat, non- forward, Fern",SeatPlate
"Cover,outer,seat,fixed seat, non- forward, Fern",SeatPlate
"Cover,outer,seat,sliding seat, non- forward, Fern",SeatPlate
"Cover,outer,seat,sliding seat, non- forward, Fern",SeatPlate
"Cover,outer,seat,sliding seat, non- forward, Fern",SeatPlate
"Cover,outer,seat,sliding seat, forward, Fern",SeatPlate
"Cover,outer,seat,sliding seat, forward, Fern",SeatPlate
"Cover,outer,seat,sliding seat, forward, Fern",SeatPlate
"Cover,outer,seat,fixed seat, forward, Fern",SeatPlate
"Cover,outer,seat,fixed seat, forward, Fern",SeatPlate
"Cover,outer,seat,fixed seat, forward, Fern",SeatPlate
"Cover, mechanism, overmold, Fern",SeatPlate
"Cover, mechanism, overmold, Fern",SeatPlate
"Cover, mechanism, overmold, Fern",SeatPlate
"Cover, mechanism, rear, cap, Fern",SeatPlate
"Cover, mechanism, rear, cap, Fern",SeatPlate
"Cover, mechanism, rear, cap, Fern",SeatPlate
"Cover, mechanism, rear,Fern",SeatPlate
"Cover, mechanism, rear,Fern",SeatPlate
"Cover, mechanism, rear,Fern",SeatPlate
"Cover,closeout,without cutout poppy",SeatPlate
"Cover,closeout,without cutout poppy",SeatPlate
"Cover,closeout,with cutout poppy",SeatPlate
"Cover,closeout,with cutout poppy",SeatPlate
"Cover,Cylinder,Poppy,FAB",MiscConnector
"Cover,WS/Stool,",SeatPlate
"Cover,WS/Stool,",SeatPlate
"Cover,WS/Stool,",SeatPlate
"Cover,WS/Stool,",SeatPlate
"Cover,WS/Stool,",SeatPlate
"Cover,Crossbar,",MiscLumbPelvCom
"Cover,Crossbar,",MiscLumbPelvCom
"Cover,Crossbar,",MiscLumbPelvCom
"Cover,headrest,support",MiscHeadrestCom
"Cover,headrest,support",MiscHeadrestCom
"Cover,headrest,support",MiscHeadrestCom
"Cover,Maari 4-leg",SeatPlate
"Cover,Maari 4-leg",SeatPlate
"Cover,Maari 4-leg",SeatPlate
"Cover,Maari 4-leg",SeatPlate
"Cover,Maari 4-leg",SeatPlate
outer cover for Aloha foam back,BackrestFrame
"Front cover, Aloha foam back",BackrestFrame
Cover mechanism Flip move,MechCover
Cover mechanism Flip move,MechCover
"Cover mechanism ,w/o activation",MechCover
"Cover mechanism ,w/o activation",MechCover
"Fabric cover for desk screen, intuity rail",Fabric
"Fabric cover for desk screen, intuity rail",Fabric
"Fabric cover for desk screen, intuity rail",Fabric
"Fabric cover for desk screen, intuity rail",Fabric
"Fabric cover for desk screen, intuity rail",Fabric
"Fabric cover for desk screen, intuity rail",Fabric
"Fabric cover for desk screen, intuity rail",Fabric
"Fabric cover for desk screen, intuity rail",Fabric
"Fabric cover for desk screen, intuity rail",Fabric
"Fabric cover for desk screen, WT",Fabric
"Fabric cover for desk screen, WT",Fabric
"Fabric cover for desk screen, WT",Fabric
"Fabric cover for desk screen, WT",Fabric
Fabric cover for hung screen WT 850H,Fabric
Fabric cover for hung screen WT 850H,Fabric
Fabric cover for hung screen WT 850H,Fabric
Fabric cover for hung screen WT 850H,Fabric
Fabric cover for hung screen WT 850H,Fabric
Fabric cover for hung screen WT 850H,Fabric
Fabric cover for hung screen WT 850H,Fabric
Fabric cover for hung screen end bracket 850H,Fabric
Fabric cover for hung screen end bracket 850H,Fabric
Fabric cover for hung screen end bracket 850H,Fabric
Fabric cover for hung screen end bracket 850H,Fabric
Fabric cover for hung screen end bracket 850H,Fabric
Fabric cover for hung screen end bracket 850H,Fabric
Fabric cover for hung screen end bracket 850H,Fabric
"Secure cover,",BackSupport
"Secure cover,",BackSupport
"Secure cover,",BackSupport
"U slot clip for mesh tighten, Soji",MiscMechComp
"U slot clip for mesh tighten, Soji",MiscMechComp
"U slot clip for mesh tighten, Soji",MiscMechComp
Adaptor side LH cover of me,BackSupport
Adaptor side LH cover of me,BackSupport
Adaptor side LH cover of me,BackSupport
Bottom cover of back frame,BackSupport
Bottom cover of back frame,BackSupport
Bottom cover of back frame,BackSupport
"Cover Seat, Daytona",SeatShell
"Cover Seat, Daytona",SeatShell
"Cover Seat, Daytona",SeatShell
"Back,suspension mesh,Fern",BackrestFrame
"Back,suspension mesh,Fern",BackrestFrame
"Back,suspension mesh,Fern",BackrestFrame
Back Frame for aloha mesh back,BackrestFrame
Back Frame for aloha mesh back,BackrestFrame
"Back,frame,Fern",BackrestFrame
"Back,frame,Fern",BackrestFrame
"Back,frame,Fern",BackrestFrame
"Aloha guest back,frame, without logo",BackrestFrame
"Aloha guest back,frame, without logo",BackrestFrame
"New Back,Frame, Soji",BackrestFrame
"New Back,Frame, Soji",BackrestFrame
"New Back,Frame, Soji",BackrestFrame
"Back, Bezel, For With Lumbar",MiscConnector
"Back, Bezel, For With Lumbar",MiscConnector
"Back, Bezel, For Without Lumbar",MiscConnector
"Back, Bezel, For Without Lumbar",MiscConnector
"Back, Support, Y-Brace",BackSupport
"Back, Support, Y-Brace",BackSupport
"Back, Support, Y-Brace",BackSupport
"Back, Carrier, Uph",BackrestFrame
"Back, Shell, Uph",BackrestFrame
"AP,EpureAluminumLeg,FixedHeight,FAB",Tableleg
Epure Wing Screw,MetricScrew
Epure Foot Glide,GlideFurniture
"AP,EpureAluminumLeg,TechHeight,Extruded,Part,FAB",Tableleg
"Epure Support Guide, tech height",LegConnector
"Epure Support Guide, tech height",LegConnector
"Epure Support Guide, tech height",LegConnector
"EpureLockSupport, Tech height",LegConnector
"Epure Lock Finger, Tech height",LegConnector
Epure Thumb Wheel,LegConnector
Epure Thumb Wheel,LegConnector
Epure Thumb Wheel,LegConnector
"Epure Down Guide, Tech height",LegConnector
"Epure Glide Support, Tech height",LegConnector
"Epure Glide Support, Tech height",LegConnector
"Epure Glide Support, Tech height",LegConnector
"EXTRN,connector,side,Plastic,sled/SEM",MiscConnector
"EXTRN,connector,bottom,Plastic,cut",MiscConnector
"Extrn,connector,bottom, Plastic,seminar seat",Hooks
"Extrusion,UPH back,leather",MiscChairFrame
"Extrusion,UPH back,fabric",MiscChairFrame
"Beam,Planes table,FAB",Beam
"Beam,Planes table,FAB",Beam
"Beam,Planes table,FAB",Beam
"Beam,Planes table,FAB",Beam
"Beam,Planes table,FAB",Beam
"Beam,Planes table,FAB",Beam
"Beam,Planes table,FAB",Beam
"Planes extrusion vertical rail,RH,FAB",Column
"Planes extrusion vertical rail,RH,FAB",Column
"Planes extrusion vertical rail,RH,FAB",Column
"Planes extrusion vertical rail,RH,FAB",Column
"Extrusion,fbrc,retainer,fern, export",RetainHardware
"Cover for cylinder, FAB",MiscMechComp
"COL40,Non-Alta,Tellure by Aolay",Fabric
"COL40,Non-Alta,Tellure by Aolay",Fabric
"COL40,Non-Alta,Tellure by Aolay",Fabric
"COL40,Non-Alta,Tellure by Aolay",Fabric
"COL40,Non-Alta,Tellure by Aolay",Fabric
"COL40,Non-Alta,Tellure by Aolay",Fabric
"COL40,Non-Alta,Tellure by Aolay",Fabric
"COL40,Non-Alta,Tellure by Aolay",Fabric
"COL40,Non-Alta,Tellure by Aolay",Fabric
"COL40,Non-Alta,Tellure by Aolay",Fabric
"COL40,Non-Alta,Tellure by Aolay",Fabric
"COL40,Non-Alta,Tellure by Aolay",Fabric
"COL40,Non-Alta,Tellure by Aolay",Fabric
"COL40,Non-Alta,Tellure by Aolay",Fabric
"COL40,Non-Alta,Tellure by Aolay",Fabric
"COL40,Non-Alta,Tellure by Aolay",Fabric
"COL40,Non-Alta,Tellure by Aolay",Fabric
"COL40,Non-Alta,Tellure by Aolay",Fabric
"COL40,Non-Alta,Tellure by Aolay",Fabric
"COL40,Non-Alta,Tellure by Aolay",Fabric
"COL40,Non-Alta,Tellure by Aolay",Fabric
"COL40,Non-Alta,Tellure by Aolay",Fabric
"COL40,Non-Alta,Tellure by Aolay",Fabric
"COL40,Non-Alta,Tellure by Aolay",Fabric
"COL40,Non-Alta,Tellure by Aolay",Fabric
"COL40,Non-Alta,Tellure by Aolay",Fabric
"COL40,Non-Alta,Tellure by Aolay",Fabric
"COL40,Non-Alta,Tellure by Aolay",Fabric
"COL40,Non-Alta,Tellure by Aolay",Fabric
"COL40,Non-Alta,Tellure by Aolay",Fabric
"COL40,Non-Alta,Tellure by Aolay",Fabric
"COL40,Non-Alta,Tellure by Aolay",Fabric
"COL40,Non-Alta,Tellure by Aolay",Fabric
"COL40,Non-Alta,Tellure by Aolay",Fabric
"COL40,Non-Alta,Tellure by Aolay",Fabric
"COL40,Non-Alta,Tellure by Aolay",Fabric
"COL40,Non-Alta,Tellure by Aolay",Fabric
"COL40,Non-Alta,Tellure by Aolay",Fabric
"COL40,Non-Alta,Tellure by Aolay",Fabric
"COL40,Non-Alta,Tellure by Aolay",Fabric
"Fabric,slipease,roll",Fabric
"COL38,Lucia II by Aolay",Fabric
"COL38,Lucia II by Aolay",Fabric
"COL38,Lucia II by Aolay",Fabric
"COL38,Lucia II by Aolay",Fabric
"COL38,Lucia II by Aolay",Fabric
"COL38,Lucia II by Aolay",Fabric
"COL38,Lucia II by Aolay",Fabric
"COL38,Lucia II by Aolay",Fabric
"COL38,Lucia II by Aolay",Fabric
"COL38,Lucia II by Aolay",Fabric
"COL38,Lucia II by Aolay",Fabric
"COL38,Lucia II by Aolay",Fabric
"COL38,Lucia II by Aolay",Fabric
"COL38,Lucia II by Aolay",Fabric
"COL38,Lucia II by Aolay",Fabric
"COL38,Lucia II by Aolay",Fabric
"COL38,Lucia II by Aolay",Fabric
"COL38,Lucia II by Aolay",Fabric
"COL38,Lucia II by Aolay",Fabric
"COL38,Lucia II by Aolay",Fabric
"COL38,Lucia II by Aolay",Fabric
"COL38,Lucia II by Aolay",Fabric
"COL38,Lucia II by Aolay",Fabric
"COL38,Lucia II by Aolay",Fabric
"COL38,Lucia II by Aolay",Fabric
"FBRC,DIR,mesh,roll,58.0 W",Fabric
"FBRC,DIR,mesh,roll,58.0 W",Fabric
"FBRC,DIR,mesh,roll,58.0 W",Fabric
"FBRC,DIR,mesh,roll,58.0 W",Fabric
"FBRC,DIR,mesh,roll,58.0 W",Fabric
"FBRC,DIR,mesh,roll,58.0 W",Fabric
"COL39,Non-Alta,Horizon by Culp",Fabric
"COL39,Non-Alta,Horizon by Culp",Fabric
"COL39,Non-Alta,Horizon by Culp",Fabric
"COL39,Non-Alta,Horizon by Culp",Fabric
"COL39,Non-Alta,Horizon by Culp",Fabric
"COL39,Non-Alta,Horizon by Culp",Fabric
"COL39,Non-Alta,Horizon by Culp",Fabric
"COL39,Non-Alta,Horizon by Culp",Fabric
"COL37,Non-Alta,Gauge by Aolay",Fabric
"COL37,Non-Alta,Gauge by Aolay",Fabric
"COL37,Non-Alta,Gauge by Aolay",Fabric
"COL37,Non-Alta,Gauge by Aolay",Fabric
"COL37,Non-Alta,Gauge by Aolay",Fabric
"COL37,Non-Alta,Gauge by Aolay",Fabric
"COL37,Non-Alta,Gauge by Aolay",Fabric
"COL37,Non-Alta,Gauge by Aolay",Fabric
"COL37,Non-Alta,Gauge by Aolay",Fabric
"COL37,Non-Alta,Gauge by Aolay",Fabric
"COL37,Non-Alta,Gauge by Aolay",Fabric
"COL37,Non-Alta,Gauge by Aolay",Fabric
"COL37,Non-Alta,Gauge by Aolay",Fabric
"COL49,New Aquarius by Camira",Fabric
"COL49,New Aquarius by Camira",Fabric
"COL49,New Aquarius by Camira",Fabric
"COL49,New Aquarius by Camira",Fabric
"COL49,New Aquarius by Camira",Fabric
"COL49,New Aquarius by Camira",Fabric
"COL49,New Aquarius by Camira",Fabric
"COL49,New Aquarius by Camira",Fabric
"COL49,New Aquarius by Camira",Fabric
"COL49,New Aquarius by Camira",Fabric
"COL49,New Aquarius by Camira",Fabric
"COL49,New Aquarius by Camira",Fabric
"COL49,New Aquarius by Camira",Fabric
"COL49,New Aquarius by Camira",Fabric
"COL49,New Aquarius by Camira",Fabric
"COL49,New Aquarius by Camira",Fabric
"COL49,New Aquarius by Camira",Fabric
"COL49,New Aquarius by Camira",Fabric
"COL49,New Aquarius by Camira",Fabric
"COL49,New Aquarius by Camira",Fabric
"COL49,New Aquarius by Camira",Fabric
"COL49,New Aquarius by Camira",Fabric
"COL49,New Aquarius by Camira",Fabric
"COL35,Edge by Woven Image",Fabric
"COL35,Edge by Woven Image",Fabric
"COL35,Edge by Woven Image",Fabric
"COL35,Edge by Woven Image",Fabric
"COL35,Edge by Woven Image",Fabric
"COL35,Edge by Woven Image",Fabric
"COL35,Edge by Woven Image",Fabric
"COL35,Edge by Woven Image",Fabric
"COL35,Edge by Woven Image",Fabric
"COL35,Edge by Woven Image",Fabric
"COL35,Edge by Woven Image",Fabric
"COL35,Edge by Woven Image",Fabric
"COL35,Edge by Woven Image",Fabric
"COL35,Edge by Woven Image",Fabric
"COL37,Alta,Gauge by Aolay",Fabric
"COL37,Alta,Gauge by Aolay",Fabric
"COL37,Alta,Gauge by Aolay",Fabric
"COL37,Alta,Gauge by Aolay",Fabric
"COL37,Alta,Gauge by Aolay",Fabric
"COL37,Alta,Gauge by Aolay",Fabric
"COL37,Alta,Gauge by Aolay",Fabric
"COL37,Alta,Gauge by Aolay",Fabric
"COL37,Alta,Gauge by Aolay",Fabric
"COL37,Alta,Gauge by Aolay",Fabric
"COL37,Alta,Gauge by Aolay",Fabric
"COL37,Alta,Gauge by Aolay",Fabric
"COL37,Alta,Gauge by Aolay",Fabric
"COL39,Alta,Horizon by Culp",Fabric
"COL39,Alta,Horizon by Culp",Fabric
"COL39,Alta,Horizon by Culp",Fabric
"COL39,Alta,Horizon by Culp",Fabric
"COL39,Alta,Horizon by Culp",Fabric
"COL39,Alta,Horizon by Culp",Fabric
"COL39,Alta,Horizon by Culp",Fabric
"COL39,Alta,Horizon by Culp",Fabric
"COL40,Alta,Tellure by Aolay",Fabric
"COL40,Alta,Tellure by Aolay",Fabric
"COL40,Alta,Tellure by Aolay",Fabric
"COL40,Alta,Tellure by Aolay",Fabric
"COL40,Alta,Tellure by Aolay",Fabric
"COL40,Alta,Tellure by Aolay",Fabric
"COL40,Alta,Tellure by Aolay",Fabric
"COL40,Alta,Tellure by Aolay",Fabric
"COL40,Alta,Tellure by Aolay",Fabric
"COL40,Alta,Tellure by Aolay",Fabric
"COL40,Alta,Tellure by Aolay",Fabric
"COL40,Alta,Tellure by Aolay",Fabric
"COL40,Alta,Tellure by Aolay",Fabric
"COL40,Alta,Tellure by Aolay",Fabric
"COL40,Alta,Tellure by Aolay",Fabric
"COL40,Alta,Tellure by Aolay",Fabric
"COL40,Alta,Tellure by Aolay",Fabric
"COL40,Alta,Tellure by Aolay",Fabric
"COL40,Alta,Tellure by Aolay",Fabric
"COL40,Alta,Tellure by Aolay",Fabric
"COL40,Alta,Tellure by Aolay",Fabric
"COL04,Atlantic by Gabriel",Fabric
"COL04,Atlantic by Gabriel",Fabric
"COL04,Atlantic by Gabriel",Fabric
"COL04,Atlantic by Gabriel",Fabric
"COL04,Atlantic by Gabriel",Fabric
"COL04,Atlantic by Gabriel",Fabric
"COL04,Atlantic by Gabriel",Fabric
"COL04,Atlantic by Gabriel",Fabric
"COL04,Atlantic by Gabriel",Fabric
"COL04,Atlantic by Gabriel",Fabric
"COL04,Atlantic by Gabriel",Fabric
"COL04,Atlantic by Gabriel",Fabric
"COL04,Atlantic by Gabriel",Fabric
"COL04,Atlantic by Gabriel",Fabric
"COL04,Atlantic by Gabriel",Fabric
"COL04,Atlantic by Gabriel",Fabric
"COL04,Atlantic by Gabriel",Fabric
"COL04,Atlantic by Gabriel",Fabric
"COL04,Atlantic by Gabriel",Fabric
"COL04,Atlantic by Gabriel",Fabric
"COL04,Atlantic by Gabriel",Fabric
"COL04,Atlantic by Gabriel",Fabric
"COL04,Atlantic by Gabriel",Fabric
"COL42,Wellington Faux Leather by Culp",FauxLeather
"COL42,Wellington Faux Leather by Culp",FauxLeather
"COL42,Wellington Faux Leather by Culp",FauxLeather
"COL42,Wellington Faux Leather by Culp",FauxLeather
"COL42,Wellington Faux Leather by Culp",FauxLeather
"COL42,Wellington Faux Leather by Culp",FauxLeather
"COL42,Wellington Faux Leather by Culp",FauxLeather
"COL42,Wellington Faux Leather by Culp",FauxLeather
"COL42,Wellington Faux Leather by Culp",FauxLeather
"COL42,Wellington Faux Leather by Culp",FauxLeather
"COL41,Fighter by Gabriel",Fabric
"COL41,Fighter by Gabriel",Fabric
"COL41,Fighter by Gabriel",Fabric
"COL41,Fighter by Gabriel",Fabric
"COL41,Fighter by Gabriel",Fabric
"COL41,Fighter by Gabriel",Fabric
"COL41,Fighter by Gabriel",Fabric
"COL41,Fighter by Gabriel",Fabric
"COL41,Fighter by Gabriel",Fabric
"COL41,Fighter by Gabriel",Fabric
"COL41,Fighter by Gabriel",Fabric
"COL41,Fighter by Gabriel",Fabric
"PM,Non-woven fabric bag,1100X1200mm",PackingPouchBag
"PM,Bag,non-woven fabric 600x1000mm",PackingPouchBag
"PM,Bag,non-woven fabric 1100x800mm",PackingPouchBag
"COL32,Angle Printing by Woven Image",Fabric
"COL32,Angle Printing by Woven Image",Fabric
"COL32,Angle Printing by Woven Image",Fabric
"COL32,Angle Printing by Woven Image",Fabric
"COL32,Angle Printing by Woven Image",Fabric
"COL32,Angle Printing by Woven Image",Fabric
"COL32,Angle Printing by Woven Image",Fabric
"COL32,Angle Printing by Woven Image",Fabric
"COL32,Angle Printing by Woven Image",Fabric
"COL32,Angle Printing by Woven Image",Fabric
"COL32,Angle Printing by Woven Image",Fabric
"COL32,Angle Printing by Woven Image",Fabric
"COL32,Angle Printing by Woven Image",Fabric
"COL32,Angle Printing by Woven Image",Fabric
"COL32,Angle Printing by Woven Image",Fabric
"COL32,Angle Printing by Woven Image",Fabric
"COL32,Angle Printing by Woven Image",Fabric
"COL32,Angle Printing by Woven Image",Fabric
"COL33,Visa Printing by Woven Image",Fabric
"COL33,Visa Printing by Woven Image",Fabric
"COL33,Visa Printing by Woven Image",Fabric
"COL33,Visa Printing by Woven Image",Fabric
"COL33,Visa Printing by Woven Image",Fabric
"COL33,Visa Printing by Woven Image",Fabric
"COL33,Visa Printing by Woven Image",Fabric
"COL34,Medley by Gabriel",Fabric
"COL34,Medley by Gabriel",Fabric
"COL34,Medley by Gabriel",Fabric
"COL34,Medley by Gabriel",Fabric
"COL34,Medley by Gabriel",Fabric
"COL34,Medley by Gabriel",Fabric
"COL34,Medley by Gabriel",Fabric
"COL34,Medley by Gabriel",Fabric
"COL34,Medley by Gabriel",Fabric
"COL34,Medley by Gabriel",Fabric
"COL34,Medley by Gabriel",Fabric
"COL34,Medley by Gabriel",Fabric
"COL34,Medley by Gabriel",Fabric
"COL34,Medley by Gabriel",Fabric
"COL34,Medley by Gabriel",Fabric
"COL34,Medley by Gabriel",Fabric
"COL34,Medley by Gabriel",Fabric
"COL34,Medley by Gabriel",Fabric
"COL34,Medley by Gabriel",Fabric
"COL34,Medley by Gabriel",Fabric
"COL34,Medley by Gabriel",Fabric
"COL34,Medley by Gabriel",Fabric
"COL34,Medley by Gabriel",Fabric
"COL34,Medley by Gabriel",Fabric
"COL34,Medley by Gabriel",Fabric
"COL34,Medley by Gabriel",Fabric
"COL34,Medley by Gabriel",Fabric
"COL34,Medley by Gabriel",Fabric
"COL34,Medley by Gabriel",Fabric
"COL34,Medley by Gabriel",Fabric
"COL34,Medley by Gabriel",Fabric
"COL34,Medley by Gabriel",Fabric
"COL34,Medley by Gabriel",Fabric
"COL34,Medley by Gabriel",Fabric
"COL34,Medley by Gabriel",Fabric
"COL34,Medley by Gabriel",Fabric
"COL34,Medley by Gabriel",Fabric
"COL50,Hemp by Camira",Fabric
"COL50,Hemp by Camira",Fabric
"COL50,Hemp by Camira",Fabric
"COL50,Hemp by Camira",Fabric
"COL50,Hemp by Camira",Fabric
"COL50,Hemp by Camira",Fabric
"COL50,Hemp by Camira",Fabric
"COL50,Hemp by Camira",Fabric
"COL50,Hemp by Camira",Fabric
"COL50,Hemp by Camira",Fabric
"COL50,Hemp by Camira",Fabric
"COL50,Hemp by Camira",Fabric
"COL50,Hemp by Camira",Fabric
"COL10,Blazer by Camira",Fabric
"COL10,Blazer by Camira",Fabric
"COL10,Blazer by Camira",Fabric
"COL10,Blazer by Camira",Fabric
"COL10,Blazer by Camira",Fabric
"COL10,Blazer by Camira",Fabric
"COL10,Blazer by Camira",Fabric
"COL10,Blazer by Camira",Fabric
"COL10,Blazer by Camira",Fabric
"COL10,Blazer by Camira",Fabric
"COL10,Blazer by Camira",Fabric
"COL10,Blazer by Camira",Fabric
"COL10,Blazer by Camira",Fabric
"COL10,Blazer by Camira",Fabric
"COL10,Blazer by Camira",Fabric
"COL10,Blazer by Camira",Fabric
"COL10,Blazer by Camira",Fabric
"COL10,Blazer by Camira",Fabric
"COL10,Blazer by Camira",Fabric
"COL10,Blazer by Camira",Fabric
"COL10,Blazer by Camira",Fabric
"COL10,Blazer by Camira",Fabric
"COL10,Blazer by Camira",Fabric
"COL10,Blazer by Camira",Fabric
"COL10,Blazer by Camira",Fabric
"COL10,Blazer by Camira",Fabric
"COL10,Blazer by Camira",Fabric
"COL10,Blazer by Camira",Fabric
"COL10,Blazer by Camira",Fabric
"COL10,Blazer by Camira",Fabric
"COL10,Blazer by Camira",Fabric
"COL10,Blazer by Camira",Fabric
"COL10,Blazer by Camira",Fabric
"COL10,Blazer by Camira",Fabric
"COL10,Blazer by Camira",Fabric
"COL10,Blazer by Camira",Fabric
"COL10,Blazer by Camira",Fabric
"COL10,Blazer by Camira",Fabric
"COL10,Blazer by Camira",Fabric
"COL10,Blazer by Camira",Fabric
"COL10,Blazer by Camira",Fabric
"COL10,Blazer by Camira",Fabric
"COL10,Blazer by Camira",Fabric
"COL10,Blazer by Camira",Fabric
"COL10,Blazer by Camira",Fabric
"COL10,Blazer by Camira",Fabric
"COL10,Blazer by Camira",Fabric
"COL10,Blazer by Camira",Fabric
"COL10,Blazer by Camira",Fabric
"COL10,Blazer by Camira",Fabric
"COL10,Blazer by Camira",Fabric
"COL10,Blazer by Camira",Fabric
"COL10,Blazer by Camira",Fabric
"COL10,Blazer by Camira",Fabric
"COL10,Blazer by Camira",Fabric
"COL10,Blazer by Camira",Fabric
"COL10,Blazer by Camira",Fabric
"COL10,Blazer by Camira",Fabric
"COL10,Blazer by Camira",Fabric
"COL10,Blazer by Camira",Fabric
"COL10,Blazer by Camira",Fabric
"COL10,Blazer by Camira",Fabric
"COL10,Blazer by Camira",Fabric
"COL10,Blazer by Camira",Fabric
"COL10,Blazer by Camira",Fabric
"COL10,Blazer by Camira",Fabric
"COL10,Blazer by Camira",Fabric
"COL10,Blazer by Camira",Fabric
"COL10,Blazer by Camira",Fabric
"COL10,Blazer by Camira",Fabric
"COL10,Blazer by Camira",Fabric
"COL10,Blazer by Camira",Fabric
"COL10,Blazer by Camira",Fabric
"COL10,Blazer by Camira",Fabric
"COL10,Blazer by Camira",Fabric
"COL10,Blazer by Camira",Fabric
"COL10,Blazer by Camira",Fabric
"COL10,Blazer by Camira",Fabric
"COL10,Blazer by Camira",Fabric
"COL10,Blazer by Camira",Fabric
"COL10,Blazer by Camira",Fabric
"COL10,Blazer by Camira",Fabric
"COL10,Blazer by Camira",Fabric
"COL10,Blazer by Camira",Fabric
"COL10,Blazer by Camira",Fabric
"COL10,Blazer by Camira",Fabric
"COL10,Blazer by Camira",Fabric
"COL10,Blazer by Camira",Fabric
"COL10,Blazer by Camira",Fabric
"COL10,Blazer by Camira",Fabric
"COL10,Blazer by Camira",Fabric
"COL10,Blazer by Camira",Fabric
"COL10,Blazer by Camira",Fabric
"COL10,Blazer by Camira",Fabric
"COL10,Blazer by Camira",Fabric
"COL10,Blazer by Camira",Fabric
"COL10,Blazer by Camira",Fabric
"COL10,Blazer by Camira",Fabric
"COL10,Blazer by Camira",Fabric
"COL10,Blazer by Camira",Fabric
"COL10,Blazer by Camira",Fabric
"COL51,Europost by Gabriel",Fabric
"COL51,Europost by Gabriel",Fabric
"COL51,Europost by Gabriel",Fabric
"COL51,Europost by Gabriel",Fabric
"COL51,Europost by Gabriel",Fabric
"COL51,Europost by Gabriel",Fabric
"COL51,Europost by Gabriel",Fabric
"COL51,Europost by Gabriel",Fabric
"COL51,Europost by Gabriel",Fabric
"COL51,Europost by Gabriel",Fabric
"COL51,Europost by Gabriel",Fabric
"COL45,EVV by Woven Image",Fabric
"COL45,EVV by Woven Image",Fabric
"COL45,EVV by Woven Image",Fabric
"COL45,EVV by Woven Image",Fabric
"COL45,EVV by Woven Image",Fabric
"COL45,EVV by Woven Image",Fabric
"COL45,EVV by Woven Image",Fabric
"COL45,EVV by Woven Image",Fabric
"COL45,EVV by Woven Image",Fabric
"COL45,EVV by Woven Image",Fabric
"COL45,EVV by Woven Image",Fabric
"COL45,EVV by Woven Image",Fabric
"COL45,EVV by Woven Image",Fabric
"COL45,EVV by Woven Image",Fabric
"COL45,EVV by Woven Image",Fabric
"COL45,EVV by Woven Image",Fabric
"COL45,EVV by Woven Image",Fabric
"COL45,EVV by Woven Image",Fabric
"COL45,EVV by Woven Image",Fabric
"COL45,EVV by Woven Image",Fabric
"COL45,EVV by Woven Image",Fabric
"COL45,EVV by Woven Image",Fabric
"COL05,X2 by Camira",Fabric
"COL05,X2 by Camira",Fabric
"COL05,X2 by Camira",Fabric
"COL05,X2 by Camira",Fabric
"COL05,X2 by Camira",Fabric
"COL05,X2 by Camira",Fabric
"COL05,X2 by Camira",Fabric
"COL05,X2 by Camira",Fabric
"COL05,X2 by Camira",Fabric
"COL05,X2 by Camira",Fabric
"COL05,X2 by Camira",Fabric
"COL05,X2 by Camira",Fabric
"COL05,X2 by Camira",Fabric
"COL05,X2 by Camira",Fabric
"COL05,X2 by Camira",Fabric
"COL05,X2 by Camira",Fabric
"COL05,X2 by Camira",Fabric
"COL05,X2 by Camira",Fabric
"COL05,X2 by Camira",Fabric
"COL05,X2 by Camira",Fabric
"COL36,Era by Camira",Fabric
"COL36,Era by Camira",Fabric
"COL36,Era by Camira",Fabric
"COL36,Era by Camira",Fabric
"COL36,Era by Camira",Fabric
"COL36,Era by Camira",Fabric
"COL36,Era by Camira",Fabric
"COL36,Era by Camira",Fabric
"COL36,Era by Camira",Fabric
"COL36,Era by Camira",Fabric
"COL36,Era by Camira",Fabric
"COL36,Era by Camira",Fabric
"COL36,Era by Camira",Fabric
"COL36,Era by Camira",Fabric
"COL48,Main Line Flax by Camira",Fabric
"COL48,Main Line Flax by Camira",Fabric
"COL48,Main Line Flax by Camira",Fabric
"COL48,Main Line Flax by Camira",Fabric
"COL48,Main Line Flax by Camira",Fabric
"COL48,Main Line Flax by Camira",Fabric
"COL48,Main Line Flax by Camira",Fabric
"COL48,Main Line Flax by Camira",Fabric
"COL48,Main Line Flax by Camira",Fabric
"COL48,Main Line Flax by Camira",Fabric
"COL48,Main Line Flax by Camira",Fabric
"COL48,Main Line Flax by Camira",Fabric
"COL48,Main Line Flax by Camira",Fabric
"COL48,Main Line Flax by Camira",Fabric
"COL48,Main Line Flax by Camira",Fabric
"COL48,Main Line Flax by Camira",Fabric
"COL48,Main Line Flax by Camira",Fabric
"COL52,Synergy by Camira",Fabric
"COL52,Synergy by Camira",Fabric
"COL52,Synergy by Camira",Fabric
"COL52,Synergy by Camira",Fabric
"COL52,Synergy by Camira",Fabric
"COL52,Synergy by Camira",Fabric
"COL52,Synergy by Camira",Fabric
"COL52,Synergy by Camira",Fabric
"COL52,Synergy by Camira",Fabric
"COL52,Synergy by Camira",Fabric
"COL52,Synergy by Camira",Fabric
"COL52,Synergy by Camira",Fabric
"COL52,Synergy by Camira",Fabric
"COL52,Synergy by Camira",Fabric
"COL52,Synergy by Camira",Fabric
"COL52,Synergy by Camira",Fabric
"COL52,Synergy by Camira",Fabric
"COL52,Synergy by Camira",Fabric
"COL52,Synergy by Camira",Fabric
"COL52,Synergy by Camira",Fabric
"COL52,Synergy by Camira",Fabric
"COL52,Synergy by Camira",Fabric
"COL52,Synergy by Camira",Fabric
"COL52,Synergy by Camira",Fabric
"COL52,Synergy by Camira",Fabric
"COL52,Synergy by Camira",Fabric
"COL52,Synergy by Camira",Fabric
"COL52,Synergy by Camira",Fabric
"COL52,Synergy by Camira",Fabric
"COL52,Synergy by Camira",Fabric
"COL52,Synergy by Camira",Fabric
"COL52,Synergy by Camira",Fabric
"COL52,Synergy by Camira",Fabric
"COL52,Synergy by Camira",Fabric
"COL52,Synergy by Camira",Fabric
"COL11,Oceanic by Camira",Fabric
"COL11,Oceanic by Camira",Fabric
"COL11,Oceanic by Camira",Fabric
"COL11,Oceanic by Camira",Fabric
"COL11,Oceanic by Camira",Fabric
"COL11,Oceanic by Camira",Fabric
"COL11,Oceanic by Camira",Fabric
"COL11,Oceanic by Camira",Fabric
"COL11,Oceanic by Camira",Fabric
"COL11,Oceanic by Camira",Fabric
"COL11,Oceanic by Camira",Fabric
"COL11,Oceanic by Camira",Fabric
"COL11,Oceanic by Camira",Fabric
"COL11,Oceanic by Camira",Fabric
"COL11,Oceanic by Camira",Fabric
"COL11,Oceanic by Camira",Fabric
"COL31,Razor by Aolay",Fabric
"COL31,Razor by Aolay",Fabric
"COL31,Razor by Aolay",Fabric
"COL31,Razor by Aolay",Fabric
"COL31,Razor by Aolay",Fabric
"COL31,Razor by Aolay",Fabric
"COL31,Razor by Aolay",Fabric
"COL31,Razor by Aolay",Fabric
"COL31,Razor by Aolay",Fabric
"COL31,Razor by Aolay",Fabric
"COL31,Razor by Aolay",Fabric
"COL31,Razor by Aolay",Fabric
"COL31,Razor by Aolay",Fabric
"COL31,Razor by Aolay",Fabric
"COL31,Razor by Aolay",Fabric
"COL31,Razor by Aolay",Fabric
"Mesh,Aloha active",Fabric
"Mesh,Aloha active",Fabric
"Mesh,Aloha active",Fabric
"Mesh,Aloha active",Fabric
"Mesh,Aloha active",Fabric
"Mesh,Aloha active",Fabric
"Mesh,Aloha active",Fabric
"Mesh,Aloha active",Fabric
"Mesh fabric NON suspension, cutting",Fabric
"Mesh fabric NON suspension, cutting",Fabric
"Mesh fabric NON suspension, cutting",Fabric
"Mesh fabric NON suspension, cutting",Fabric
"Mesh fabric NON suspension, cutting",Fabric
"Mesh fabric NON suspension, cutting",Fabric
"Fabric,roll,fern mesh",Fabric
"Fabric,roll,fern mesh",Fabric
"Fabric,roll,fern mesh",Fabric
"Fabric,roll,fern mesh",Fabric
"Fabric,roll,fern mesh",Fabric
"Fabric,roll,fern mesh",Fabric
"Fabric,roll,fern mesh",Fabric
"Fabric,roll,fern mesh",Fabric
"Fabric,roll,fern mesh",Fabric
"Fabric,roll,fern mesh",Fabric
"Fabric,roll,fern mesh",Fabric
"Fabric,roll,fern mesh",Fabric
"Fabric,roll,fern mesh",Fabric
Fibre IQ pod return,Fiber
"COL16,Remix by Kvadrat",Fabric
"COL16,Remix by Kvadrat",Fabric
"COL16,Remix by Kvadrat",Fabric
"COL16,Remix by Kvadrat",Fabric
"COL16,Remix by Kvadrat",Fabric
"COL16,Remix by Kvadrat",Fabric
"COL16,Remix by Kvadrat",Fabric
"COL16,Remix by Kvadrat",Fabric
"COL16,Remix by Kvadrat",Fabric
"COL16,Remix by Kvadrat",Fabric
"COL16,Remix by Kvadrat",Fabric
"COL16,Remix by Kvadrat",Fabric
"COL16,Remix by Kvadrat",Fabric
"COL16,Remix by Kvadrat",Fabric
"COL16,Remix by Kvadrat",Fabric
"COL16,Remix by Kvadrat",Fabric
"COL16,Remix by Kvadrat",Fabric
"COL16,Remix by Kvadrat",Fabric
"COL16,Remix by Kvadrat",Fabric
"COL16,Remix by Kvadrat",Fabric
"COL16,Remix by Kvadrat",Fabric
"COL16,Remix by Kvadrat",Fabric
"COL16,Remix by Kvadrat",Fabric
"COL16,Remix by Kvadrat",Fabric
"COL16,Remix by Kvadrat",Fabric
"COL16,Remix by Kvadrat",Fabric
"COL16,Remix by Kvadrat",Fabric
"COL16,Remix by Kvadrat",Fabric
"COL16,Remix by Kvadrat",Fabric
"COL16,Remix by Kvadrat",Fabric
"COL16,Remix by Kvadrat",Fabric
"COL16,Remix by Kvadrat",Fabric
"COL16,Remix by Kvadrat",Fabric
"COL16,Remix by Kvadrat",Fabric
"COL16,Remix by Kvadrat",Fabric
"COL16,Remix by Kvadrat",Fabric
"COL16,Remix by Kvadrat",Fabric
"COL16,Remix by Kvadrat",Fabric
"COL16,Remix by Kvadrat",Fabric
"COL16,Remix by Kvadrat",Fabric
"COL16,Remix by Kvadrat",Fabric
"COL16,Remix by Kvadrat",Fabric
"COL16,Remix by Kvadrat",Fabric
"COL16,Remix by Kvadrat",Fabric
"COL16,Remix by Kvadrat",Fabric
"COL16,Remix by Kvadrat",Fabric
"COL16,Remix by Kvadrat",Fabric
"COL16,Remix by Kvadrat",Fabric
"COL16,Remix by Kvadrat",Fabric
"COL44,Focus by Woven Image",Fabric
"COL44,Focus by Woven Image",Fabric
"COL44,Focus by Woven Image",Fabric
"COL44,Focus by Woven Image",Fabric
"COL44,Focus by Woven Image",Fabric
"COL44,Focus by Woven Image",Fabric
"COL44,Focus by Woven Image",Fabric
"COL44,Focus by Woven Image",Fabric
"COL44,Focus by Woven Image",Fabric
"COL44,Focus by Woven Image",Fabric
"COL44,Focus by Woven Image",Fabric
"COL44,Focus by Woven Image",Fabric
"COL44,Focus by Woven Image",Fabric
"COL44,Focus by Woven Image",Fabric
"COL44,Focus by Woven Image",Fabric
"COL44,Focus by Woven Image",Fabric
"COL44,Focus by Woven Image",Fabric
"COL44,Focus by Woven Image",Fabric
"COL44,Focus by Woven Image",Fabric
"COL44,Focus by Woven Image",Fabric
"COL44,Focus by Woven Image",Fabric
"COL44,Focus by Woven Image",Fabric
"COL44,Focus by Woven Image",Fabric
"COL44,Focus by Woven Image",Fabric
"COL44,Focus by Woven Image",Fabric
"COL44,Focus by Woven Image",Fabric
"COL44,Focus by Woven Image",Fabric
"COL44,Focus by Woven Image",Fabric
"COL69,Non-Alta,Combo by Eastern",Fabric
"COL69,Non-Alta,Combo by Eastern",Fabric
"COL69,Non-Alta,Combo by Eastern",Fabric
"COL69,Non-Alta,Combo by Eastern",Fabric
"COL69,Non-Alta,Combo by Eastern",Fabric
"COL69,Non-Alta,Combo by Eastern",Fabric
"COL69,Non-Alta,Combo by Eastern",Fabric
"COL69,Non-Alta,Combo by Eastern",Fabric
"COL69,Non-Alta,Combo by Eastern",Fabric
"COL69,Alta,Combo by Eastern",Fabric
"COL69,Alta,Combo by Eastern",Fabric
"COL69,Alta,Combo by Eastern",Fabric
"COL69,Alta,Combo by Eastern",Fabric
"COL69,Alta,Combo by Eastern",Fabric
"COL69,Alta,Combo by Eastern",Fabric
"COL69,Alta,Combo by Eastern",Fabric
"COL69,Alta,Combo by Eastern",Fabric
"COL69,Alta,Combo by Eastern",Fabric
"COL18,Big Arrow by Camira",Fabric
"COL18,Big Arrow by Camira",Fabric
"COL18,Big Arrow by Camira",Fabric
"COL18,Big Arrow by Camira",Fabric
"COL18,Big Arrow by Camira",Fabric
"COL18,Big Arrow by Camira",Fabric
"COL18,Big Arrow by Camira",Fabric
"COL14,Diagonale by Camira",Fabric
"COL14,Diagonale by Camira",Fabric
"COL14,Diagonale by Camira",Fabric
"COL14,Diagonale by Camira",Fabric
"COL14,Diagonale by Camira",Fabric
"COL14,Diagonale by Camira",Fabric
"COL14,Diagonale by Camira",Fabric
"COL14,Diagonale by Camira",Fabric
"COL46,Mozart by Gabriel",Fabric
"COL46,Mozart by Gabriel",Fabric
"COL46,Mozart by Gabriel",Fabric
"COL46,Mozart by Gabriel",Fabric
"COL46,Mozart by Gabriel",Fabric
"COL46,Mozart by Gabriel",Fabric
"COL46,Mozart by Gabriel",Fabric
"COL46,Mozart by Gabriel",Fabric
"COL46,Mozart by Gabriel",Fabric
"COL46,Mozart by Gabriel",Fabric
"COL46,Mozart by Gabriel",Fabric
"COL46,Mozart by Gabriel",Fabric
"COL46,Mozart by Gabriel",Fabric
"COL46,Mozart by Gabriel",Fabric
"COL46,Mozart by Gabriel",Fabric
"COL46,Mozart by Gabriel",Fabric
"COL46,Mozart by Gabriel",Fabric
"COL46,Mozart by Gabriel",Fabric
"COL46,Mozart by Gabriel",Fabric
"COL46,Mozart by Gabriel",Fabric
"COL46,Mozart by Gabriel",Fabric
"COL46,Mozart by Gabriel",Fabric
"COL46,Mozart by Gabriel",Fabric
"COL46,Mozart by Gabriel",Fabric
"COL46,Mozart by Gabriel",Fabric
"COL46,Mozart by Gabriel",Fabric
"COL46,Mozart by Gabriel",Fabric
"COL46,Mozart by Gabriel",Fabric
"COL46,Mozart by Gabriel",Fabric
"COL46,Mozart by Gabriel",Fabric
"COL46,Mozart by Gabriel",Fabric
"COL46,Mozart by Gabriel",Fabric
"COL46,Mozart by Gabriel",Fabric
"COL46,Mozart by Gabriel",Fabric
"COL46,Mozart by Gabriel",Fabric
"COL46,Mozart by Gabriel",Fabric
"COL46,Mozart by Gabriel",Fabric
"COL46,Mozart by Gabriel",Fabric
"COL46,Mozart by Gabriel",Fabric
"COL46,Mozart by Gabriel",Fabric
"COL15,Relate by Kvadrat",Fabric
"COL15,Relate by Kvadrat",Fabric
"COL15,Relate by Kvadrat",Fabric
"COL15,Relate by Kvadrat",Fabric
"COL15,Relate by Kvadrat",Fabric
"COL15,Relate by Kvadrat",Fabric
"COL15,Relate by Kvadrat",Fabric
"COL15,Relate by Kvadrat",Fabric
"COL15,Relate by Kvadrat",Fabric
"COL15,Relate by Kvadrat",Fabric
"COL15,Relate by Kvadrat",Fabric
"COL15,Relate by Kvadrat",Fabric
"COL15,Relate by Kvadrat",Fabric
"COL15,Relate by Kvadrat",Fabric
"COL15,Relate by Kvadrat",Fabric
"COL15,Relate by Kvadrat",Fabric
"COL15,Relate by Kvadrat",Fabric
"COL15,Relate by Kvadrat",Fabric
"COL15,Relate by Kvadrat",Fabric
"COL15,Relate by Kvadrat",Fabric
"COL17,Atlas by Kvadrat",Fabric
"COL17,Atlas by Kvadrat",Fabric
"COL17,Atlas by Kvadrat",Fabric
"COL17,Atlas by Kvadrat",Fabric
"COL17,Atlas by Kvadrat",Fabric
"COL17,Atlas by Kvadrat",Fabric
"COL17,Atlas by Kvadrat",Fabric
"COL17,Atlas by Kvadrat",Fabric
"COL17,Atlas by Kvadrat",Fabric
"COL17,Atlas by Kvadrat",Fabric
"COL17,Atlas by Kvadrat",Fabric
"COL17,Atlas by Kvadrat",Fabric
"COL17,Atlas by Kvadrat",Fabric
"COL17,Atlas by Kvadrat",Fabric
"COL17,Atlas by Kvadrat",Fabric
"COL17,Atlas by Kvadrat",Fabric
"COL17,Atlas by Kvadrat",Fabric
"COL17,Atlas by Kvadrat",Fabric
"COL17,Atlas by Kvadrat",Fabric
"COL21,Divina Melange 3 by Kvadrat",Fabric
"COL21,Divina Melange 3 by Kvadrat",Fabric
"COL21,Divina Melange 3 by Kvadrat",Fabric
"COL21,Divina Melange 3 by Kvadrat",Fabric
"COL21,Divina Melange 3 by Kvadrat",Fabric
"COL21,Divina Melange 3 by Kvadrat",Fabric
"COL21,Divina Melange 3 by Kvadrat",Fabric
"COL21,Divina Melange 3 by Kvadrat",Fabric
"COL19,SteelCut Trio by Kvadrat",Fabric
"COL19,SteelCut Trio by Kvadrat",Fabric
"COL19,SteelCut Trio by Kvadrat",Fabric
"COL19,SteelCut Trio by Kvadrat",Fabric
"COL19,SteelCut Trio by Kvadrat",Fabric
"COL19,SteelCut Trio by Kvadrat",Fabric
"COL19,SteelCut Trio by Kvadrat",Fabric
"COL19,SteelCut Trio by Kvadrat",Fabric
"COL19,SteelCut Trio by Kvadrat",Fabric
"COL19,SteelCut Trio by Kvadrat",Fabric
"COL19,SteelCut Trio by Kvadrat",Fabric
"COL20,Hallingdal 65 by Kvadrat",Fabric
"COL20,Hallingdal 65 by Kvadrat",Fabric
"COL20,Hallingdal 65 by Kvadrat",Fabric
"COL20,Hallingdal 65 by Kvadrat",Fabric
"COL20,Hallingdal 65 by Kvadrat",Fabric
"COL20,Hallingdal 65 by Kvadrat",Fabric
"COL20,Hallingdal 65 by Kvadrat",Fabric
"COL20,Hallingdal 65 by Kvadrat",Fabric
"COL20,Hallingdal 65 by Kvadrat",Fabric
"COL20,Hallingdal 65 by Kvadrat",Fabric
"COL20,Hallingdal 65 by Kvadrat",Fabric
"COL20,Hallingdal 65 by Kvadrat",Fabric
"Felt, raw material",Felt
"Felt, raw material",Felt
"Felt, raw material",Felt
"Felt, raw material",Felt
"Felt, raw material",Felt
knit back cover Code THCH,BackCover
knit back cover Code THCH,BackCover
knit back cover Code THCH,BackCover
knit back cover Code THCH,BackCover
knit back cover Code THCH,BackCover
knit back cover Code THCH,BackCover
"COL70, Chapter by Eastern",FauxLeather
"COL70, Chapter by Eastern",FauxLeather
"COL70, Chapter by Eastern",FauxLeather
"COL70, Chapter by Eastern",FauxLeather
"COL70, Chapter by Eastern",FauxLeather
"COL70, Chapter by Eastern",FauxLeather
"COL70, Chapter by Eastern",FauxLeather
"COL70, Chapter by Eastern",FauxLeather
"COL70, Chapter by Eastern",FauxLeather
"COL70, Chapter by Eastern",FauxLeather
"COL70, Chapter by Eastern",FauxLeather
"COL70, Chapter by Eastern",FauxLeather
"Fastener, X-mas",MiscFasteners
"Nut, M4x7.15, Push-In Nut",Nut
"Velcro,nylon,hook & loopbacked with adhensive",Tape
"MetricScrew, M8*40, FlatHead, Torx, Black",MetricScrew
"MetricScrew, M8*40, FlatHead, Torx, Zinc",MetricScrew
"Plug Painted,Lh,Conf,FAB",Endcap
"Plug Painted,Rh,Conf,FAB",Endcap
"Plug Painted,Lh,Conf,",Endcap
"Plug Painted,Rh,Conf,",Endcap
"Foam,back,conference,X-99",Foams
"Foam,seat",Foams
"Foam,Back, Very Family",SeatCushion
"Seat Foam,Molded, Very family",Foams
"Foam,back,Very sled base chair",SeatCushion
"Foam,seat,sled base chair",SeatCushion
"Foam,seat,Aloha Easy",SeatCushion
"Foam,seat,ASSY,Very tsak",SeatCushion
"PM,Block light epe form,top,8*8",PanelConnector
"PM,Block light epe form,bottom,8*8",PanelConnector
"Foam,topper stretcher,X99",Foams
Seat foam for Aloha Guest,SeatCushion
"Foam,back,outer,full UPH ,CONF/SEM,X-99",Foams
"Foam,back,plywood",Foams
"Assembly, seat foam, Fern",SeatCushion
Aloha Guest back strip,MiscSeatFramAcc
"Foam,Back,Inner,Poppy",Foams
"Foam,Back,Outer,Poppy",Foams
"Foam,Arm,LH,Inside,Poppy",Foams
"Foam,Arm,RH,Inside,Poppy",Foams
"Foam,Waterfall,Poppy",Foams
"Foam,Arm,LH,Outside,Poppy",Foams
"Foam,Arm,RH,Outside,Poppy",Foams
"Zody back,cutting foam",Foams
Foam For Sleeve GasSpring,Foams
"FOAM, SEAT, Aloha Active",SeatCushion
Backrestframe inner shell for Aloha foam back,BackrestFrame
Backrestframe inner shell for Aloha foam back,BackrestFrame
"back cover for foam back, rectangle",BackrestFrame
"Back upholstery foam and plate, Aloha",BackrestFrame
"Back upholstery foam and plate, Aloha",BackrestFrame
SEAT FOAM for Aloha family upholstered back version,SeatCushion
"Foam, molded, upholstery",SeatCushion
"Foam,Seat,AP, standard",SeatCushion
Acrylic cotton silk fiberW1500mm T5mm L1000,Fabric
Back Low Density Bubble Cutting Foam,Foams
Seat Low Density Bubble Cutting Foam,Foams
Arm LH/RH Low Density Bubble Cutting Foam,Foams
Seat Front Low Density Bubble Cutting Foam,Foams
"Foam,Seat,X99 Cantilever",SeatCushion
"AP Worktop, foot, on glides, 330mm,FAB",DeskFoot
"AP Worktop, foot, on glides, 483mm,FAB",DeskFoot
"Sled base frame, w/o arm, Very,FAB",SledBase
"Sled base frame, w/o arm, Very",SledBase
"Frame PFP,w/o arm,side",FourLegBase
"Frame PFP,w/tablet LH, side",FourLegBase
"Frame PFP,w/tablet RH, side",FourLegBase
"Frame FAB,w/arm,SEN",FourLegBase
"Frame FAB,w/o arm,SEN",FourLegBase
"Frame FAB,w/tablet LH, SEN",FourLegBase
"Frame FAB,w/tablet RH, SEN",FourLegBase
"Frame PFP,w/arm,side",FourLegBase
"Sled base frame, with arm, Very,FAB",SledBase
"Sled base frame, with arm, Very",SledBase
"Foot rest casting,high,polished",FootRing
"Foot rest  Wood stool,Raw",MiscSeatFramAcc
Foot rest  Wood stool,MiscSeatFramAcc
"Frame ,with arm, side stool, Fab",FourLegBase
"Frame,withoot arm, side stool,Fab",FourLegBase
"Frame,w/o arms,sled stool",SledBase
"Frame chrome,with arms,sled stool",SledBase
"Sled frame,Aloha Easy guest,FAB",SledBase
"Sled frame,Aloha Easy guest,4 leg, fabricated",SledBase
"Frame, Arm, Maari, 4 leg, caster version, FAB",FourLegBase
"Frame, no Arm, Maari,4 leg, caster version, FAB",FourLegBase
"Frame, Arm, Maari, 4 leg, glide version, FAB",FourLegBase
"Frame,no Arm,Maari,4 leg, glide version, FAB",FourLegBase
"Frame Without Arm Maari, sled, pre-painted",SledBase
"Frame,Arm,Maari,4 leg,stool, FAB",FourLegBase
"Frame,no Arm,Maari,4 leg, stool,FAB",FourLegBase
"Arm Frame for 4&5 star chair,FAB",ArmrestAssy
"Frame Armless,sled high stool, Maari,FAB",SledBase
"Frame,  Connection rod,black",MiscMechComp
"Frame, cross beam,black",MiscSeatFramAcc
"Frame, cross beam w/o mechanis,black",MiscSeatFramAcc
"Sled,frame,welded,CONF, X99,Raw",FourLegBase
"Foam, Back For Daytona",SeatCushion
"Gasket,1.5X1.75,020",MiscHardware
"Washer,16x8x0.5, GB5287",Washer
"GEARBOX, TILT TENSION, ZODY",MiscMechComp
"Glide,molded,caster socket,Back",MiscConnector
"Glide,molded,caster ,Back",GlideVisitChair
"Glide,molded,caster socket,Front",MiscConnector
"Glide,molded,caster Front",GlideVisitChair
"Glide,felt,push in,zody, side",GlideVisitChair
"Glide, plastic, Y_leg, Planes",GlideFurniture
"Glide,side,chair",GlideVisitChair
"Glide,side,chair",GlideVisitChair
"Glide,Flat,Felt, 9MM x 37MM x 3.175 THK",GlideVisitChair
Four legs glide,GlideVisitChair
Sled rear glide,GlideVisitChair
Four leg socket,MiscChairFrame
Pip collaborative table glide,GlideFurniture
"Glide,Bottom,Very Wire Stacker",GlideVisitChair
"Glide, plastic 4-star, hard",GlideVisitChair
"Glide, plastic 4-star, soft",GlideVisitChair
"Glide felt, adhesive, Poppy & Maari",GlideVisitChair
"Glide, Molded, 50.8 X 22.2, PSA, Hard",GlideFurniture
"Glide, 4 leg, Frame, Soft, felt",GlideVisitChair
"Glide, 4 leg, Frame, Soft, felt",GlideVisitChair
"Glide, 4 leg, Frame, Hard, plastic",GlideVisitChair
"Glide, 4 leg, Frame, Hard, plastic",GlideVisitChair
"Glide,WS,Trans, for felt version",GlideVisitChair
"Glide,WS,Trans, hard",GlideVisitChair
"Glide,Hard,Maari,Wood",GlideVisitChair
"Glide,Soft,Maari,Wood",GlideVisitChair
"Cable outlet, grommet, DIA80",CableOutlet
"Cable outlet, grommet, DIA80",CableOutlet
"Guard,Pinch,Control,Side,LH",MiscMechComp
"Guard,Pinch,Control,Side,RH",MiscMechComp
"Guard,Lh,Inner,Mech,Pinch,,Conf",MiscMechComp
"Guard,Rh,Inner,Mech,Pinch,,Conf",MiscMechComp
"Guard,Isolator,Spring,LH",Endcap
"Guard,Isolator,Spring,RH",Endcap
"Handle,ABS,activation,fliptop planes,flip table",Handle
"Lever,Pneumatic,Activation",SeatingControl
"Lever,Pneumatic,Activation",SeatingControl
"Fern task lumar handle, aluminum",LumbarLever
"Handle,assembly",SeatingControl
"Handle,assembly",SeatingControl
"Fern task lumar handle, plastic",LumbarLever
"Fern task lumar handle, plastic",LumbarLever
"Holder,Coat Hanger,FAB",CoatHanger
"Glide, M10, H29, D50",GlideFurniture
"CLIP,12MM,DRAWSTRING,EXPORT",Staples
"MetricScrew, M6x16, PanHead, Torx",MetricScrew
"MetricScrew, M5x16, PanHead, Torx",MetricScrew
"Hinge, 180D, SW: A53610301",Hinge
Screen hook,ExtrudedProfile
Screen hook,ExtrudedProfile
Screen hook,ExtrudedProfile
Screen hook,ExtrudedProfile
Screen hook,ExtrudedProfile
Screen hook,ExtrudedProfile
Screen hook,ExtrudedProfile
Screen hook,ExtrudedProfile
Screen hook,ExtrudedProfile
Screen hook,ExtrudedProfile
Screen hook,ExtrudedProfile
Screen hook,ExtrudedProfile
Screen hook,ExtrudedProfile
Screen hook,ExtrudedProfile
Screen hook,ExtrudedProfile
Screen hook,ExtrudedProfile
Screen hook,ExtrudedProfile
Screen hook,ExtrudedProfile
Screen hook,ExtrudedProfile
"Base tube,STD HGT,SVC",BaseTube
base tube,BaseTube
"Seat cover, 5 star with arm",MechCover
"Seat cover, 5 star with arm",MechCover
"Seat cover,4 star with arm",SeatPlate
"Seat cover,4 star with arm",SeatPlate
"Seat cover,5 STAR WITHOUT ARM",MechCover
"Seat cover,5 STAR WITHOUT ARM",MechCover
"Seat cover,4 star without arm",SeatPlate
"Seat cover,4 star without arm",SeatPlate
"Base Tube,Pneu,Assy, For Aluminum Base",BaseTube
"HUB, Aluminum, Poppy chair with powder,FAB",MiscConnector
"Holder, end casting, planes training table,FAB",BeamSupport
"MiscHardware, Damper holder",MiscHardware
"Insert,main channel,PH,50",InsertNut
"InsertNut, M6x14.8, HexagonalSocket",InsertNut
"Nut, M10x20, Drive-In Nut",Nut
"AP Worktop, MountingKits",MountingKits
"KIT,LATCH,BACK HGT ADJ",BackrestFrame
Knob clip Ø6x10 (FKC004),MiscHardware
washer with clamp for mbom,RetainHardware
"MiscHardware, damper, 0.5S-1.0S",MiscHardware
"GB846,CountersunkHead,Philips,8.40,4.2x19, 4pcs per bag",MiscFasteners
"MetricScrew, M4x16, PanHead, Torx",MetricScrew
"Label,Product,Chair,Logo",ProductLabel
"MD,Label,product,chair, Painted,X99",ProductLabel
"Label,Product,Chair,Logo, Polished",ProductLabel
"MD,Label,info,chair,UL/CAS",ProductLabel
"Rope,jacket retainer,Zody",Yarn
"MD,Round label,green,PET",ProductLabel
Cushion Haworth logo,ProductLabel
Safety stick bowi,SafetyLabel
Sticker seat shell bowi,SafetyLabel
Indicator label,ProductLabel
"COL60,AP Leather by JMT",Leather
"COL60,AP Leather by JMT",Leather
"COL60,AP Leather by JMT",Leather
"COL60,AP Leather by JMT",Leather
"COL60,AP Leather by JMT",Leather
"COL60,AP Leather by JMT",Leather
"COL60,AP Leather by JMT",Leather
"Planes Y-leg,short,FAB",Tableleg
"Planes Y-leg,long,FAB",Tableleg
"Leg,Rear, wood, Maari visitor chair",ChairLeg
"Leg,Rear, wood, Maari visitor chair",ChairLeg
"Leg,Rear, wood, Maari visitor chair",ChairLeg
"Leg,Front, wood, Maari visitor chair",ChairLeg
"Leg,Front, wood, Maari visitor chair",ChairLeg
"Leg,Front, wood, Maari visitor chair",ChairLeg
"Lever,Act.,Sliding Seat",SeatingControl
"Lever,Act.,Sliding Seat",SeatingControl
"Lever Assy, Fwd-Tilt, Back Stop",SeatingControl
"Lever Assy, Fwd-Tilt, Back Stop",SeatingControl
"Lever Assy, Fwd-Tilt, Back Stop",SeatingControl
"Lever Assy, B/S Only",SeatingControl
"Lever Assy, B/S Only",SeatingControl
"Lever,Tension Adj, Assy",SeatingControl
"Lever,Tension Adj, Assy",SeatingControl
"Lever,Tension Adj, Assy",SeatingControl
"Lever Act Assy,PNEU",SeatingControl
"Lever Act Assy,PNEU",SeatingControl
"Lever, forward tilt",SeatingControl
"Lever, forward tilt",SeatingControl
"Lever, seat depth",SeatingControl
"Lever, seat depth",SeatingControl
"Lever, pneumatic",SeatingControl
"Lever, pneumatic",SeatingControl
"Activation, Activation lever",SeatingControl
"Activation, Guide lever below",SeatingControl
"Activation, Guide lever top",SeatingControl
"Activation, Taste Lever",SeatingControl
"Activation, Taste Lever",SeatingControl
"Activation, Lever",SeatingControl
"Lever, Tilt Tension, Daytona",SeatingControl
"Lever, Tilt Tension, Daytona",SeatingControl
"Lever Asm, Height, Daytona",SeatingControl
"Lever Asm, Height, Daytona",SeatingControl
"Lever Asm, Depth, Daytona",SeatingControl
"Lever Asm, Depth, Daytona",SeatingControl
"Lever, Assy, F/T,B/S, Daytona",SeatingControl
"Lever, Assy, F/T,B/S, Daytona",SeatingControl
"Lever, Assy, B/S, Daytona",SeatingControl
"Lever, Assy, B/S, Daytona",SeatingControl
"Liner.Locking,Arm",ArmUpright
"Liner,Non-Locking,Arm",ArmUpright
"Liner, Outer, Arm LH Daytona",ArmrestSupport
"Liner, Outer, Arm RH Daytona",ArmrestSupport
"Liner, Inner, Arm LH Daytona",ArmrestSupport
"Liner, Inner, Arm RH Daytona",ArmrestSupport
"Linkage, Front, Very conference",MiscMechComp
"Linkage, Front, Very conference",MiscMechComp
"Link, forward tilt, Fern",MiscSeatFramAcc
"LOCK, ASSY, FWD-TLT",MiscMechComp
"ASSY,BACK STOP",MiscMechComp
"Lock, forward tilt, Fern",MiscSeatFramAcc
"Lock, seat depth, Fern",MiscSeatFramAcc
"Lock, non- ftilt, Fern",MiscSeatFramAcc
"Lock,fixed seat,assy,Fern",MiscSeatFramAcc
"Lubricant,stick",Grease
lumbar kit Aloha,LumbarAssy
lumbar kit Aloha,LumbarAssy
Lumbar Assy,LumbarAssy
Lumbar Assy,LumbarAssy
"Leg,Wood ,Front,Stool",ChairLeg
"Leg,Wood ,Front,Stool",ChairLeg
"Leg,Wood ,Front,Stool",ChairLeg
"Leg,Wood ,Rear,Stool",ChairLeg
"Leg,Wood ,Rear,Stool",ChairLeg
"Leg,Wood ,Rear,Stool",ChairLeg
"Cabana lounge sofa legs, fab",SofaLeg
"Riverbend leg - 350W,fab",SofaLeg
"Riverbend leg - 350W,fab",SofaLeg
"Leg with insert, LH, Bowi",FourLegBase
"Leg with insert, LH, Bowi",FourLegBase
"Leg with insert, RH, Bowi",FourLegBase
"Leg with insert, RH, Bowi",FourLegBase
"Frame, Plug leg  left,",MiscSeatFramAcc
"Frame, Plug leg  left,",MiscSeatFramAcc
"Frame, Plug leg  right,",MiscSeatFramAcc
"Frame, Plug leg  right,",MiscSeatFramAcc
"Riverbend straight leg,FAB",SofaLeg
"Riverbend straight leg,FAB",SofaLeg
"AP,Epure WoodLeg,Fixed Height",Tableleg
"AP,Epure WoodLeg,Fixed Height",Tableleg
"solid wood leg, Poppy,",ChairLeg
"solid wood leg, Poppy,",ChairLeg
"solid wood leg, Poppy,",ChairLeg
Screw lever inside wooden leg,MiscConnector
Poppy Foot mats cover,GlideVisitChair
Poppy Foot pads,GlideVisitChair
Wool Felt,GlideVisitChair
"Hang tag, projec 545",ProductLabel
"Hang tag, fern chair chinese regional use",ProductLabel
Installation guide label HANG TAG,ProductLabel
"MTG,cord,PWR,desk",CableChain
"MTG,cord,PWR,desk",CableChain
"Mechanism, Bushing",Bushings
axial needle roller bearing AX,MiscHardware
"Nut, 5/16-18, Drive-In Nut",Nut
"Nut, GB13681, M6x4, HexagonNut",Nut
"Nut, M6x11.5, HexagonNut",Nut
"Nut, WingNut, M8X5.0",Nut
"Nut, M6x5, HexagonNut",Nut
"NUT,HEX,M5GB6170-85, zinc coated",Nut
Nut M8*7 GasketNut,Nut
"Nut, M8x8, HexagonNut",Nut
"Nut,1/4-20,CarpinNut",Nut
"Plate,Washer,Leg Front,FAB",MiscConnector
"Plate,Washer,Leg Rear,FAB",MiscConnector
Metal bar,BackSupport
Soji Bsck Metal Plate,BackSupport
Metal board 410X326X2mm,MetalSheets
"AP metal plate, for Zody",SeatPlate
"AP metal plate, for Zody",SeatPlate
"Plate, Tablet,FAB",SeatPlate
"PM,Box,CORR,INST KIT-P+D_WS",PackagingCarton
"MD,Sheeting,foam",FoamFilm
"MD,Bag,polyethylene",PackingPouchBag
"MD,Poly pad",Foams
"PM,Block,foam,side rail/top cap",Foams
"MD,Polypropylene tape",Tape
"PM,Bag,poly,seating,PKG",PackingPouchBag
"MD,PKG spec,polyethy",StretchWrapFilm
"PM,Box,870X76X49",PackagingCarton
"PM,Box,1190x84x54",PackagingCarton
"PM,Box,1495x84x54",PackagingCarton
"PM,PKG SPEC,PRM",PackagingCarton
"MD,PKG spec,hdpe bag",PackingPouchBag
"PM,Sheet,CORR",PackagingCarton
"PM,Kraft single wall CORR, FF5PF, 130*150*1900",PackagingCarton
"PM,PKG spec,prm trans post",PackagingCarton
"PM,PKG spec,box,corr,650x150x100",PackagingCarton
"PM,Box,CORR,100x100x150",PackagingCarton
"PM,Prm trim carton",PackagingCarton
"PM,Prm trim carton",PackagingCarton
"PM,BOX, single wall corr, FF5PF",PackagingCarton
"PM,PKG spec,rs5pf,1252x644",PackagingCarton
"PM,PKG,SPEC,RS5PF,1805x663",PackagingCarton
"PM,PKG spec,rs5pf,643x2070",PackagingCarton
"PM,PKG spec,rs5pf",PackagingCarton
"PM,PKG spec,rs5pf for 1200",PackagingCarton
"PM,PKG spec,rs5pf for 1400",PackagingCarton
"PM,PKG spec,rs5pf,1300x390x100",PackagingCarton
"PM,PKG spec,rs5pf for 1600",PackagingCarton
"PM,PKG spec,rs5pf for 1600",PackagingCarton
"PM,PKG,SPEC,RS5PF, 1270*130*130",PackagingCarton
"PM,Trans height carton",PackagingCarton
"PM,Box,corrugated, 3Lx1.6875Wx19.3125D",PackagingCarton
"PM,Boxes,cartons,660x84x47",PackagingCarton
"PM,Boxes,cartons,810x84x47",PackagingCarton
"PM,Boxes,cartons,960x84x47",PackagingCarton
"PM,Box,corr-uppr PST",PackagingCarton
"PM,PKG 250*130*130",PackagingCarton
"PM,Saddle,interior, #1 carton diecut",PackagingCarton
"MD,China-186x250",PackagingLabel
"MD,ID label for china",ProductLabel
"MD,China label-on xone tile",PackagingLabel
"PM,Non-woven fabric sheet",PackingPouchBag
"PM,EPS molded endcap",Foams
"MD,Tape,polyeSTer,19",Tape
Neminder able,ProductLabel
QA approved label,PackagingLabel
"PM,Carton,#2,CORR,HSC,recyle, 28.125x28.125x42.000",PackagingCarton
"PM,Carton,#1,CORR,HSC, Recyle 28.125X26.125X35.500",PackagingCarton
"PM,Kraft honeycomb diecut pad",PackagingCarton
"MD,Bag,bubble,PKG",PackingPouchBag
"PM,Polyethylene beaded foam",Foams
"PM,Spec",Foams
"Block, foam",Foams
"PM,Polyethylene foam bag",Foams
"PM,EPE foam, end cap",Foams
"PM,EPE foam",Foams
"PM,EPE foam,140X170X115",Foams
"MD,Bubble bag",PackingPouchBag
"PM,Polyethelyfoam,tube,10mm",Foams
"PM,Polyethelyfoam,tube,21mm",Foams
"PM,Expanded PE/PS inter- polymer foam pad",Foams
"PM,EPE,end cap,140x105x 120mm",PackagingCarton
"PM,Back cover,air-PAQ bag,T=75um,_size=20mm",PackingPouchBag
"PM,EPE pad",Foams
"PM,EPS foam, 310x194x70mm",Foams
"MD,SELF-LOCKING BAG 7# 200*140MM 5S THICK",PackingPouchBag
"PM, Plastic bag",PackingPouchBag
"MD,High density PE film w=1600 T=0.02mm",PackingPouchBag
"MD, EPE film w=1200 T=3mm",Foams
"PM, PE bag",PackingPouchBag
"PM,Polyethelyfoam,tube,21x550m",Foams
"PM,PKG-FF5PF,recycled CORR,12x3.5x27.5",PackagingCarton
"PM,Kraft singl wall",PackagingCarton
"PM,FF5pf-24"" premise",PackagingCarton
"PM,Kraft single wall CORR scored sheet",PackagingCarton
"PM,PKG spec,kraft multi-SCRd, 730*110*110",PackagingCarton
"PM,PKG spec,kraft multi-SCRd, 1130*110*110",PackagingCarton
"PM,Kraft single wall",PackagingCarton
"PM,Kraft single wall CORR,FF5PF,940x310x70",PackagingCarton
"PM,Kraft single wall CORR,FF5PF,1140x310x70",PackagingCarton
"PM,Kraft single wall CORR,FF5PF,1340x310x70",PackagingCarton
"PM,Kraft single wall CORR,FF5PF,1540x310x70",PackagingCarton
"PM,Kraft single wall CORR,FF5PF,1740x310x70",PackagingCarton
"PM,Pad,small,new",PackagingCarton
"PM,Kraft single wall, 1143x862",PackagingCarton
"PM,Kraft single wall, 206*143*1243",PackagingCarton
"PM,Kraft single wall, 526x40.5x38",PackagingCarton
"PM,Tray,for chair,PKG",PackagingCarton
"PM,FF5PF,SHIFT power hatch,600W",PackagingCarton
"PM,FF5PF,SHIFT power hatch,800W",PackagingCarton
"PM,FF5PF,SHIFT power hatch,1000W",PackagingCarton
"PM,FF5PF,SHIFT power hatch,1200W",PackagingCarton
"PM,FF5PF,SHIFT power hatch,1500W",PackagingCarton
"PM,Kraft single wall CORR FF5PF,for winder cross beam",PackagingCarton
"PM,Single wall FF5PF, for winder cross beam",PackagingCarton
"PM,Multi-score fpf,815x460x150",PackagingCarton
"PM,Multi-score fpf, 1250*1660",PackagingCarton
"PM,Multi-score fpf, 1650*1660",PackagingCarton
"PM,FPF - xone china",PackagingCarton
"PM,FPF - xone china, 1227x465x150",PackagingCarton
"PM,Kraft single wall CORR, FF5PF",PackagingCarton
"PM,Special FF5PF, 1905x686x32mm",PackagingCarton
"PM,Spec ff5pf 1540*785*32mm",PackagingCarton
"PM,Spec ff5pf 1943.1702,1499*889*32mm",PackagingCarton
"PM,Spec ff5pf 1943,1346,1295*991*32mm",PackagingCarton
"PM,Spec ff5pf 1638,1334,1181*1295*32mm",PackagingCarton
"PM,Spec ff5pf 2324,2197*1346*32mm",PackagingCarton
"PM,Molded eps corner, 150*110*136",Foams
"PM,Molded eps corner, 100*75*136",Foams
"MD,Honeycomb filler 48 inch, 32 inch cookie cut",CardboardInsert
"PM,Kraft",PackagingCarton
"PM,EPE foam,corner ,T=38MM",Foams
"PM,EPE foam, top corner ,T=38MM",Foams
"MD,Corner,honeycomb",PackagingCarton
"PM,Die_cut,pad,single wall CORR",PackagingCarton
"PM,Kraft,D/C18.5x1732C pad",PackagingCarton
"PM,Single wall CORR board",PackagingCarton
"PM,Single wall CORR paper board",PackagingCarton
"PM,EPE foot cushion",Foams
Saddle-air paq,PackingPouchBag
"MD,PM,paper corner 54*54* 120mm*T3mm",PackagingCarton
"PM,screen epe corner protector",Foams
"PM,screen epe edgeprotector",Foams
"PM,LCL shared EPE",Foams
"MD,TPE corner protector",EdgeProtectProf
"MD,corrugated filler 24 inch",CardboardInsert
"PM,single wall corrner",PackagingCarton
"PM,double wall",PackagingCarton
"PM,single all corr",PackagingCarton
"MD, PM, corner protector for T=25",PackagingCarton
"PM, single wall corr, for leg",PackagingCarton
"PM, Corrugated board sheet",PackagingCarton
"PM, EPE foam tube",Foams
"PM, PE bag",PackingPouchBag
"MD,WT big corner protector",EdgeProtectProf
"PM, EPE foam, U shape",Foams
"PM, Scored sheet",PackagingCarton
"PM,PKG spec,inner pack matl,206x209",PackagingCarton
"PM,PKG spec,inner pack matl,428x246",PackagingCarton
"PM, box, single wall, ff5pf,1670X710X145",PackagingCarton
"PM, Inter pack material,big",PackagingCarton
"PM, Inter pack material,small",PackagingCarton
"MD, E flute + kraft paper,Roll",PackagingCarton
"PM, Double Wall corr Tray",PackagingCarton
"PM, Double Wall corr Tray",PackagingCarton
"PM, Cardboard",PackagingCarton
"PM, corru board",PackagingCarton
"PM, corru board",PackagingCarton
"PM,Scored sheet,790",PackagingCarton
"PM,Scored & corner c",PackagingCarton
"PM,Small box,200x200x200 ,china",PackagingCarton
"PM,KRAFT FF5PF CARTON",PackagingCarton
"PM,KRAFT FF5PF CARTON",PackagingCarton
"PM,KRAFT FF5PF CARTON",PackagingCarton
"PM,KRAFT FF5PF CARTON",PackagingCarton
"PM,KRAFT FF5PF CARTON",PackagingCarton
"PM,KRAFT FF5PF CARTON",PackagingCarton
"PM,Box,2200x1190x38",PackagingCarton
"PM,Box",PackagingCarton
"PM,Kraft ff5pf 32c,733x146x250",PackagingCarton
"PM,Kraft ff5pf 32c,1449x146x250",PackagingCarton
"PM,Kraft ff5pf 32c,1849x146x250",PackagingCarton
"PM,Kraft ff5pf 32c,2149x146x250",PackagingCarton
"PM,Kraft ff5pf 32c,1060x146x250",PackagingCarton
"PM,Kraft ff5pf 32c,1560x146x250",PackagingCarton
"PM,Kraft,double wall,RSC 778x735x571.5",PackagingCarton
"PM,Tray,double wall,CORR",PackagingCarton
"PM,Single wall corr,FF5PF,1130X680X145",PackagingCarton
"PM,Double wall CORR, HSC",PackagingCarton
"PM,HSC,double wall,CORR 27.64x25.67x28.74,inch",PackagingCarton
"PM,single wall CORR FF5PF 2225*290*110",PackagingCarton
"PM,Single wall CORR FF5PF, 1825x290x110mm",PackagingCarton
"PM,Single wall CORR FF5PF,1525x290x110mm",PackagingCarton
"PM,Single wall CORR FF5PF, 1225x290x110mm",PackagingCarton
"PM,Single wall CORR, angle leg",PackagingCarton
"PM,Single wall CORR, straight leg",PackagingCarton
"PM,Single wall CORR,FF5PF ,mirror",PackagingCarton
"PM,Single wall CORR FF5PF, 450x170x100",PackagingCarton
"PM,Single wall CORR FF5PF",PackagingCarton
"PM,Single wall CORR FF5PF",PackagingCarton
"PM,Single wall CORR FF5PF,930x235x195",PackagingCarton
"PM,Single wall CORR scored- corner cut",PackagingCarton
"PM,Single wall CORR scored sheet",PackagingCarton
"PM,Double wall CORR,RSC, 1581x692",PackagingCarton
"PM,Double wall CORR,RSC",PackagingCarton
"PM,Single wall corr,FF5PF,275x170x95",PackagingCarton
"PM,Single wall corr,FF5PF, 275x105x65",PackagingCarton
"PM,Double wall CORR-HSC, 2950mm*1392",PackagingCarton
"PM,Double wall CORR-HSC, 2810*1625",PackagingCarton
"PM,Single wall CORR paper, board",PackagingCarton
"PM,Single wall CORR FF5PF for 1200 to 1600",PackagingCarton
"PM,Single wall CORR FF5PF for 1800",PackagingCarton
"PM,Single wall CORR FF5PF for 1200",PackagingCarton
"PM,Single wall CORR FF5PF for 1200 to 1400",PackagingCarton
"PM,Single wall CORR FF5PF for 1400 to 1600",PackagingCarton
"PM,Single wall CORR FF5PF for 1600",PackagingCarton
"PM,Single wall CORR FF5PF for 1940x1420",PackagingCarton
"PM,single wall corrugated, FF5PF,490mmX845mm",PackagingCarton
"PM,Single wall corr,FF5PF",PackagingCarton
"PM,HSC,double wall, corrugugated carton",PackagingCarton
"PM,end cover for screen 438MM",PackagingCarton
"PM,end cover for screen 530MM",PackagingCarton
"PM,end cover for screen 860MM",PackagingCarton
"PM,carton _screen H530mm *W998mm",PackagingCarton
"PM,Carton _Screen H530mm *W1298mm",PackagingCarton
"PM,Carton _Screen H530mm *W1398mm",PackagingCarton
"PM,Carton _Screen H530mm *W1598mm",PackagingCarton
"PM,Single wall tube 90*75*595mm",PackagingCarton
"PM,Single Wall TUBE 90*75*795MM",PackagingCarton
"PM,Single Wall TUBE 90*75*945MM",PackagingCarton
"PM,Single Wall TUBE 60*30*500MM",PackagingCarton
"PM,Single Wall TUBE 60*30*650MM",PackagingCarton
"PM,Single Wall TUBE 60*30*1100MM",PackagingCarton
"PM,Single Wall TUBE 60*30*1330MM",PackagingCarton
"PM,Single Wall TUBE 60*30*1650MM",PackagingCarton
"PM,Single Wall CORR FF5PF",PackagingCarton
"PM,box, 750*1600",PackagingCarton
"PM,box, 750*1800",PackagingCarton
"PM,box, 900*2400",PackagingCarton
"PM,RSC,double wall corr",PackagingCarton
"PM,RSC,double wall corr",PackagingCarton
"PM,double wall, DBL inter leg",PackagingCarton
"PM, double wall, SGL inter leg",PackagingCarton
"PM, single wall corr, for 1000*1800 panel",PackagingCarton
"PM, single wall corr, for 1050*1800 panel",PackagingCarton
"PM, single wall corr, for 1100*1800 panel",PackagingCarton
"PM, single wall corr, for 1150*1800 panel",PackagingCarton
"PM, single wall corr, for 1200*1800 panel",PackagingCarton
"PM, single wall corr, for 1400*1800 panel",PackagingCarton
"PM, single wall corr, for 1500*1800 panel",PackagingCarton
"PM, single wall corr, for 1600*1800 panel",PackagingCarton
"MD,PM, single wall corr, for 900W",PackagingCarton
"MD,PM, single wall corr, for 1200W",PackagingCarton
"MD,PM, single wall corr, for 1600W",PackagingCarton
"MD,PM, single wall corr, for 1800W",PackagingCarton
"PM, single wall corr,",PackagingCarton
"PM, single wall corr",PackagingCarton
"PM, single wall corr",PackagingCarton
"PM, single wall corr",PackagingCarton
"PM, single wall corr, for intermedia leg",PackagingCarton
"PM, single wall corr, for leg",PackagingCarton
"PM, single wall corr, for beam",PackagingCarton
"PM, single wall FF5PF, for cable tray 1200W",PackagingCarton
"PM, single wall FF5PF, for cable tray 1500W",PackagingCarton
"PM, single wall FF5PF, for cable tray 1600W",PackagingCarton
"PM, single wall FF5PF, for cable tray 1800W",PackagingCarton
"PM, single wall corr, for screen,825*1420",PackagingCarton
"PM, single wall corr, for screen,825*1520",PackagingCarton
"PM, single wall corr, for screen,825*1620",PackagingCarton
"PM, single wall corr, for screen,825*1820",PackagingCarton
"PM, single wall corr, for sitbench top,1120x210x60",PackagingCarton
"PM, single wall corr, for sitbench top,1100x390x40",PackagingCarton
"PM, single wall corr,765x235x235",PackagingCarton
"PM,HSC, 710*780*733",PackagingCarton
"PM, HSC box Double Wall corr,975x650x950",PackagingCarton
"PM, HSC box Double Wall corr",PackagingCarton
"PM, Aloha CKD out box",PackagingCarton
"PM,WT cardboard,1340*2250",PackagingCarton
"PM,WT cardboard,1540*2050",PackagingCarton
"PM,WT cardboard,1640*1850",PackagingCarton
"PM,WT cardboard,1740*1850",PackagingCarton
"PM, out box for AI leg",PackagingCarton
"PM, out box for wood leg",PackagingCarton
"PM,Out box, 705x350x350",PackagingCarton
"PM, Out box,1250x550x75",PackagingCarton
"PM, out box 1200 for SIG",PackagingCarton
"PM, out box 1400 for SIG",PackagingCarton
"PM, out box 1600 for SIG",PackagingCarton
"PM, out box 1200 for DBL",PackagingCarton
"PM, out box 1400 for DBL",PackagingCarton
"PM, out box 1600 for DBL",PackagingCarton
"PM, out box",PackagingCarton
"PM, out box",PackagingCarton
"PM, out box 685x510x570",PackagingCarton
"PM, Buzzi 477*1400",PackagingCarton
"PM, Buzzi 477*1600",PackagingCarton
"PM, Buzzi 477*1800",PackagingCarton
"PM, Buzzi 950*1400",PackagingCarton
"PM, Buzzi 950*1600",PackagingCarton
"PM, Buzzi 950*1800",PackagingCarton
"PM, Buzzi 737*1400",PackagingCarton
"PM, Buzzi 737*1600",PackagingCarton
"PM, Buzzi 737*1800",PackagingCarton
"PM, out box",PackagingCarton
"PM, out box, 600x710x530",PackagingCarton
"PM, out box, 825x520x580",PackagingCarton
Tablet packing box,PackagingCarton
Poppy carton top box,PackagingCarton
"Pad,TPU,push-on,colored",MiscChairFrame
"Pad,TPU,push-on,colored",MiscChairFrame
"Pad,TPU,push-on,colored",MiscChairFrame
"Pad,TPU,push-on,colored",MiscChairFrame
Lumbar pad,LumbarPad
"Pad,Pusher,Pelvic",PelvisPad
"Pad,Pusher,Pelvic",PelvisPad
"Pin, back stop, control",Pins
"Pin,roll,axle,hinge, for Y-leg",Pins
"Coat Hanger,Hook,FAB",CoatHanger
"MECH,PUCK,POUF,FAB",Bracket
"PLATER,RETAINER,SPRING,LUMBAR",CompressSpring
"Plate,SGR,ceiling,CHN86,PH",CableHolder
"Plate,SGR,ceiling,CHN86,PH",CableHolder
"Plate,SGR,ceiling,CHN86,PH",CableHolder
"Plate,SGR,ceiling,CHN86,PH",CableHolder
"Plate,SGR,ceiling,CHN86,PH",CableHolder
"MiscHardware, Tie plate",MiscHardware
"MiscHardware, stopper plug",MiscHardware
"Plug, Upright, LH, Metal,FAB",Endcap
"Plug, Upright, RH, Metal,FAB",Endcap
"Plug, Upright, LH, Metal",Endcap
"Plug, Upright, LH, Metal",Endcap
"Plug, Upright, RH, Metal",Endcap
"Plug, Upright, RH, Metal",Endcap
"Plug,mechanical,arm, bumper planes,Y-Leg ,Polypropylene",Endcap
"Endcap, Very task, no arm option, LH, FAB",Endcap
"Endcap, Very task, no arm option, RH, FAB",Endcap
"Endcap, Very task, no arm option, LH, painted",Endcap
"Endcap, Very task, no arm option, LH, painted",Endcap
"Endcap, Very task, no arm option, RH, painted",Endcap
"Endcap, Very task, no arm option, RH, painted",Endcap
"Plug, for upright, no lumbar option",MiscLumbPelvCom
"Plug, for upright, no lumbar option",MiscLumbPelvCom
"Plug,KD,Very task",RetainHardware
"Arm tablet,VERY side chair,LH",Plywood
"Arm tablet,VERY side chair,LH",Plywood
"Arm tablet,VERY side chair,LH",Plywood
"Tang,UPH,guest,X99",MiscConnector
"Insert,FRM,ABS",Endcap
"Pin, align, mech",Pins
"ROD, pivot, control",Pins
"SPCC,T=1.0mm,1250mmx2500mm",MetalSheets
"Pad,back,jacket,Very task",BackPad
"Pad,gripper,footrest",MiscSeatFramAcc
Lumbar Pad Aloha,LumbarPad
Lumbar Pad Aloha,LumbarPad
"Assembly,pad,headrest,Fern",HeadRestPad
"Pillow,lumbar, Fern",LumbarPad
"Rack,storage,fixedand, seminar,Very,Chrome",SeatingBookRack
"RTNR,back,upper,W/nuts",RetainHardware
"Retainer,back,fabric,upper,W/nuts,wire stacker",MiscHardware
"Retainer, backfabric,lower",MiscHardware
"Retainer, mesh,fabric",BackrestFrame
"Retainer,UPH back,top plastic",RetainHardware
back retainer,BackrestFrame
"Aloha Guest back retainer, top",RetainHardware
"Aloha Guest back retainer,left",RetainHardware
"Aloha Guest back retainer,dawn",RetainHardware
"Retainer, mech rail, LH",MiscSeatFramAcc
"Retainer, mech rail, RH",MiscSeatFramAcc
"Retainer, seat assy, Fern",MiscSeatFramAcc
Retainer Front,BackrestFrame
Retainer Back,BackrestFrame
Top/side  gasket,BackCover
Top/side  gasket,BackCover
"Discspring, 19.05x12.37x0.5",DiscSpring
"Ring, steel, proj 451",Staples
"Rivet, GB12681, 4.8x11",Rivet
"Rivet, GB12617, 1/8x .251/.312",Rivet
"Rocker,Pneumatic, Very conference",MiscMechComp
"Rod, hex, ctrl",MiscMechComp
"SEAT SHELL, ASSEMBLY, ROYAL",SeatPlate
"SEAT SHELL, ASSEMBLY, ROYAL",SeatPlate
"Shell,low Back, Maari",SeatShell
"Shell,low Back, Maari",SeatShell
"Shell,low Back, Maari",SeatShell
"Shell,low Back, Maari",SeatShell
"Shell,low Back, Maari",SeatShell
"Frame weldment, casters,X99, seminar,FAB",FourLegBase
"Frame weldment, glides,X99, seminar,FAB",FourLegBase
"Armrest, 4D, LH, Very",ArmrestAssy
"Armrest, 4D, LH, Very",ArmrestAssy
"Armrest, 4D, LH, Very",ArmrestAssy
"Armrest, 4D, LH, Very",ArmrestAssy
"Armrest, 4D, RH, Very",ArmrestAssy
"Armrest, 4D, RH, Very",ArmrestAssy
"Armrest, 4D, RH, Very",ArmrestAssy
"Armrest, 4D, RH, Very",ArmrestAssy
"Armrest, height adj, RH, Very",ArmrestAssy
"Armrest, height adj, RH, Very",ArmrestAssy
"Armrest, height adj, RH, Very",ArmrestAssy
"Armrest, height adj, RH, Very",ArmrestAssy
"Armrest, height adj, LH, Very",ArmrestAssy
"Armrest, height adj, LH, Very",ArmrestAssy
"Armrest, height adj, LH, Very",ArmrestAssy
"Armrest, height adj, LH, Very",ArmrestAssy
Maari seat pad foam with plate,SeatCushion
Label for in house Zody control,ProductLabel
"Rail, seat attachment, RH",MiscSeatFramAcc
"Rail, seat attachment, LH",MiscSeatFramAcc
"Desk Screen end rail,intuity rail,Parted",RailProfile
"Desk Screen end rail,intuity rail,Parted",RailProfile
"Desk Screen end rail,intuity rail,Parted",RailProfile
"Desk Screen end rail,intuity rail,Parted",RailProfile
"Desk Screen end rail,intuity rail,Parted",RailProfile
"Desk Screen end rail,intuity rail,Parted",RailProfile
"Desk Screen end rail,intuity rail",RailProfile
"Desk Screen end rail,intuity rail",RailProfile
"Desk Screen end rail,intuity rail",RailProfile
"Desk Screen end rail, intuity and tibas WT",RailProfile
"Desk Screen end rail, intuity and tibas WT",RailProfile
"Desk Screen end rail, intuity and tibas WT",RailProfile
"Desk Screen end rail, intuity and tibas WT,Parted",RailProfile
"Desk Screen end rail, intuity and tibas WT,Parted",RailProfile
Hung & Bench screen end rail,RailProfile
Hung & Bench screen end rail,RailProfile
Hung & Bench screen end rail,RailProfile
Hung & Bench screen end rail,RailProfile
Hung & Bench screen end rail,RailProfile
Hung & Bench screen end rail,RailProfile
Hung & Bench screen end rail,RailProfile
"Hung Screen end rail,intuity end",RailProfile
"Hung Screen end rail,intuity end",RailProfile
"Hung Screen end rail,intuity end",RailProfile
"Hung Screen end rail,intuity end",RailProfile
"Hung Screen end rail,intuity end",RailProfile
"Desk Screen end rail,epure",RailProfile
"Desk Screen end rail,epure",RailProfile
"Desk Screen end rail,epure",RailProfile
"Desk Screen end rail,epure",RailProfile
"Desk Screen end rail,epure",RailProfile
"Desk Screen end rail,epure",RailProfile
"Desk Screen end rail,epure",RailProfile
"Rail, Intuity and Tibas WT mounted,FAB",RailProfile
"Rail, Intuity and Tibas WT mounted,FAB",RailProfile
"Rail, Intuity and Tibas WT mounted,FAB",RailProfile
"Rail, Intuity and Tibas WT mounted,FAB",RailProfile
"Rail, Intuity and Tibas WT mounted,FAB",RailProfile
"Rail, Epure WT mounted",RailProfile
"Rail, Epure WT mounted",RailProfile
"Rail, Epure WT mounted",RailProfile
"Rail, Epure WT mounted",RailProfile
"Rail, Epure WT mounted",RailProfile
"Welding Bracket for Modesty, Non Rail,FAB",Bracket
"Desk SCRN FRM,intuity rail-For Fabric",DeskScreenFrame
"Desk SCRN FRM,intuity rail-For Fabric",DeskScreenFrame
"Desk SCRN FRM,intuity rail-For Fabric",DeskScreenFrame
"Desk SCRN FRM,intuity rail-For Fabric",DeskScreenFrame
"Desk SCRN FRM,intuity rail-For Fabric",DeskScreenFrame
"Desk SCRN FRM,intuity rail-For Fabric",DeskScreenFrame
"Desk SCRN FRM,intuity rail-For Fabric",DeskScreenFrame
"Desk SCRN FRM,intuity rail-For Fabric",DeskScreenFrame
"Desk SCRN FRM,intuity and tibas WT-For Fabric",DeskScreenFrame
"Desk SCRN FRM,intuity and tibas WT-For Fabric",DeskScreenFrame
"Desk SCRN FRM,intuity and tibas WT-For Fabric",DeskScreenFrame
"Desk SCRN FRM,intuity and tibas WT-For Fabric",DeskScreenFrame
"Desk SCRN FRM,intuity and tibas WT-For Fabric",DeskScreenFrame
"Desk SCRN FRM,intuity rail-For Tackable Infill",DeskScreenFrame
"Desk SCRN FRM,intuity rail-For Tackable Infill",DeskScreenFrame
"Desk SCRN FRM,intuity rail-For Tackable Infill",DeskScreenFrame
"Desk SCRN FRM,intuity rail-For Tackable Infill",DeskScreenFrame
"Desk SCRN FRM,intuity rail-For Tackable Infill",DeskScreenFrame
"Desk SCRN FRM,intuity rail-For Tackable Infill",DeskScreenFrame
"Desk SCRN FRM,intuity rail-For Tackable Infill",DeskScreenFrame
"Desk SCRN FRM,intuity rail-For Tackable Infill",DeskScreenFrame
"Desk SCRN FRM,intuity rail-For Tackable Infill",DeskScreenFrame
"Desk SCRN FRM,intuity and tibas WT-For Tackable Infill",DeskScreenFrame
"Desk SCRN FRM,intuity and tibas WT-For Tackable Infill",DeskScreenFrame
"Desk SCRN FRM,intuity and tibas WT-For Tackable Infill",DeskScreenFrame
"Desk SCRN FRM,intuity and tibas WT-For Tackable Infill",DeskScreenFrame
"Desk SCRN FRM,intuity and tibas WT-For Tackable Infill",DeskScreenFrame
"Hung SCRN FRM,intuity and tibas WT-For Fabric",HungScreenFrame
"Hung SCRN FRM,intuity and tibas WT-For Fabric",HungScreenFrame
"Hung SCRN FRM,intuity and tibas WT-For Fabric",HungScreenFrame
"Hung SCRN FRM,intuity and tibas WT-For Fabric",HungScreenFrame
"Hung SCRN FRM,intuity and tibas WT-For Fabric",HungScreenFrame
"Hung SCRN FRM,intuity and tibas WT-For Fabric",HungScreenFrame
"Hung SCRN FRM,intuity and tibas WT-For Fabric",HungScreenFrame
"Hung SCRN FRM,intuity end-For Fabric",HungScreenFrame
"Hung SCRN FRM,intuity end-For Fabric",HungScreenFrame
"Hung SCRN FRM,intuity end-For Fabric",HungScreenFrame
"Hung SCRN FRM,intuity end-For Fabric",HungScreenFrame
"Hung SCRN FRM,intuity end-For Fabric",HungScreenFrame
"Hung SCRN FRM,intuity and tibas WT-For Tackable Infill",HungScreenFrame
"Hung SCRN FRM,intuity and tibas WT-For Tackable Infill",HungScreenFrame
"Hung SCRN FRM,intuity and tibas WT-For Tackable Infill",HungScreenFrame
"Hung SCRN FRM,intuity and tibas WT-For Tackable Infill",HungScreenFrame
"Hung SCRN FRM,intuity and tibas WT-For Tackable Infill",HungScreenFrame
"Hung SCRN FRM,intuity and tibas WT-For Tackable Infill",HungScreenFrame
"Hung SCRN FRM,intuity and tibas WT-For Tackable Infill",HungScreenFrame
"Hung SCRN FRM,epure WT-For Fabric",HungScreenFrame
"Hung SCRN FRM,epure WT-For Fabric",HungScreenFrame
"Hung SCRN FRM,epure WT-For Fabric",HungScreenFrame
"Hung SCRN FRM,epure WT-For Fabric",HungScreenFrame
"Hung SCRN FRM,epure WT-For Fabric",HungScreenFrame
"Hung SCRN FRM,epure WT-For Fabric",HungScreenFrame
"Hung SCRN FRM,epure WT-For Fabric",HungScreenFrame
"Hung SCRN FRM,epure WT-For Tackable Infill",HungScreenFrame
"Hung SCRN FRM,epure WT-For Tackable Infill",HungScreenFrame
"Hung SCRN FRM,epure WT-For Tackable Infill",HungScreenFrame
"Hung SCRN FRM,epure WT-For Tackable Infill",HungScreenFrame
"Hung SCRN FRM,epure WT-For Tackable Infill",HungScreenFrame
"Hung SCRN FRM,epure WT-For Tackable Infill",HungScreenFrame
"Hung SCRN FRM,epure WT-For Tackable Infill",HungScreenFrame
"WoodFurnitScrew, 5.0X18.4, PanHead, Philips",WoodFurnitScrew
"MetricScrew,M8x50,Buttonhead,Torx",MetricScrew
"MetricScrew, M8x90, PanHead, Torx",MetricScrew
"WoodFurnitScrew, M8X30, CountersunkHead, HexagonalSocket",WoodFurnitScrew
"M8x32, PanHead, Torx, ElectrophoresisBlack, NA/NA",SelfTapScrew
"SelfTapScrew, M8x19, PanHead, Torx",SelfTapScrew
"MetricScrew, M8x50 , CheeseHead, HexagonalSocket",MetricScrew
"M6x20.00, CheeseHead, HexagonalSocket, ZincCoated, NA/GB70",MetricScrew
"MetricScrew, M10x31.75, CheeseHead, HexagonalSocket",MetricScrew
"MetricScrew, 1/4-20X1 3/4, CheeseHead, HexagonalSocket",MetricScrew
"MetricScrew, 10-32*.375 HexagonalSocket",MetricScrew
"SelfTapScrew, M4x8.6, PanHead, Torx",SelfTapScrew
"SCR8-32x.313,PAN HEAD,TF,SQUARE DRIVE",MetricScrew
"SelfTapScrew,ST5.0x12, TrussWasherHead, Torx",SelfTapScrew
"SelfTapScrew, ST6X14, TrussWasherHead, TORX",SelfTapScrew
"SelfTapScrew, ST6X14, TrussWasherHead, TORX",SelfTapScrew
MetricScrew M5*10mm Hexagonal,MetricScrew
"SCR,M5.5*19GB845, zinc coated",WoodFurnitScrew
"WoodFurnitScrew, GB845, ST4.8x19.0, PanHead, Philips",WoodFurnitScrew
"WoodFurnitScrew, ST4.2x30, CountersunkHead, Philips",WoodFurnitScrew
"SelfTapScrew, M5x16, RoundHead, Torx",SelfTapScrew
"SelfTapScrew, M5x40, FlatHead, HexagonalSocket",SelfTapScrew
"SelfTapScrew, M6X16, CountersunkHead, TORX",SelfTapScrew
"SelfTapScrew, M6X16, CountersunkHead, TORX",SelfTapScrew
"SelfTapScrew, M6x16, PanHead, Torx",SelfTapScrew
"SelfTapScrew, M6x16, FlatHead, Torx",SelfTapScrew
"SelfTapScrew, M6x20, FlatHead, HexagonalSocket",SelfTapScrew
"SelfTapScrew, M6x25, PanHead, Torx",SelfTapScrew
"SelfTapScrew, M6*40,FlatHead,HexagonalSocket",SelfTapScrew
"SelfTapScrew, M6*30,FlatHead,Torx",SelfTapScrew
"MetricScrew, M6x18, PanHead, Torx",MetricScrew
"SelfTapScrew, M6X16, PanHead, HexagonalSocket",SelfTapScrew
"SCR,GB/T70.1,M5x10",MetricScrew
"WoodFurnitScrew,GB845,M3.5x9.5,PanHead,Philips",WoodFurnitScrew
"MetricScrew, GB818, M4x5.0 PanHead, Philips",WoodFurnitScrew
"MetricScrew, GB70.3, M6x35, CountersunkHead, HexagonalSocket",MetricScrew
"MetricScrew, GB70.3, M5x12.0, CheeseHead, HexagonalSocket",MetricScrew
"SCR,GB6560-86,M4x12",SelfTapScrew
"MetricScrew,GB70.3,M5x8,CountersunkHead,HexagonalSocket",MetricScrew
"Metric Screw, GB819, CountersunkHead, Philips, M4X10",MetricScrew
"MetricScrew,GB77,M5x6,FlatHead,HexagonalSocket",MetricScrew
"MetricScrew, GB70.3, M6x30, CountersunkHead, HexagonalSocket",MetricScrew
"Metric Screw,GB77,FlatHead,Hexagonal,M6X8",MetricScrew
"MetricScrew, GB70.3, M6x10, CountersunkHead, HexagonalSocket",MetricScrew
"SCR,M6x12,hex,hx,ab,zGB70.3,10.9, zinc coated",MetricScrew
"SCR,M6x14,hex,hx,ab,zGB70.3, 10.9, zinc coated",MetricScrew
"Metric Screw,GB70,CountersunkHead,Hexagonal,1.00x12, M6X16",MetricScrew
"M6x20.00, CountersunkHead, Hexagonal, ZincCoated, NA/GB70.3",MetricScrew
"MetricScrew, GB70.3, M6x25, CountersunkHead, HexagonalSocket",MetricScrew
"M6x11.00, CountersunkHead, HexagonalSocket, ZincCoated, NA/N",MetricScrew
"SCR,pan,PH,zinc,M6x25mm",MetricScrew
"WoodFurnitScrew, GB846, ST6.3x38, CountersunkHead, Philips",WoodFurnitScrew
"MetricScrew, GB819, M6x30, CountersunkHead, Philips",MetricScrew
"Metric Screw,GB70.2, BottomHead,Hexagonal, M6X10",MetricScrew
"SCR,M6x6,pan,hex,PH,a,bGB70.2, 10.9, zinc coated",MetricScrew
"Nut,insert,M6*13",Nut
"SCR,M6x12,desk, GB77, zinc coated",MetricScrew
"SelfTapScrew, ST6.2x38, CheeseHead, Torx",SelfTapScrew
"SelfTapScrew, ST4.1x10, PanHead, Torx",SelfTapScrew
"M4x11, TrussWasherHead, Torx, ElectrophoresisBlack, NA/NA",SelfTapScrew
"SCR,M3.5-1.6-18.2,RNDWHS,head,TX,Z",SelfTapScrew
"SelfTapScrew, M5X13, PanHead, Torx",SelfTapScrew
"SelfTapScrew, M7.2X19.5, CheeseHead, Torx",SelfTapScrew
"SelfTapScrew, M5x17, PanHead, Torx",SelfTapScrew
"SelfTapScrew, M3.5x10, CountersunkHead, Torx",SelfTapScrew
"SelfTapScrew, M4x16, CountersunkHead, Torx",SelfTapScrew
"SelfTapScrew, M4x9, TrussWasherHead, Torx",SelfTapScrew
"SelfTapScrew, M6x22, CountersunkHead, HexagonalSocket",SelfTapScrew
"SelfTapScrew, M6x36.8, RaisedCountersunkHead, HexagonalSocke",SelfTapScrew
"MetricScrew, M4x18, TrussWasherHead, Torx",MetricScrew
"MetricScrew, M8X22.2, CheeseHead, Torx",MetricScrew
"MetricScrew, M6X20, PanHead, Torx",MetricScrew
"MetricScrew, M5x14.4, TrussWasherHead, Torx",MetricScrew
"MetricScrew, M4x6.4, TrussWasherHead, Torx",MetricScrew
"MetricScrew, M4x9.5, TrussWasherHead, Torx",MetricScrew
"Metric Screw, GB845-85, PanHead, Philips, ST4.2X16",MetricScrew
"Metric Screw, GB846, CountersunkHead, Philips, ST2.9x19",MetricScrew
"MetricScrew, GB70, M6x45.0, CheeseHead, HexagonalSocket",MetricScrew
"MetricScrew,GB70,M6x15.0,CheeseHead,HexagonalSocket",MetricScrew
"MetricScrew, GB77, M5X10, FlatHead, HexagonalSocket",MetricScrew
"SCR,pan M6X20GB818-85, zinc coated",MetricScrew
"SCR,pan,M10X80,GB/T70 zinc",MetricScrew
"WoodFurnitScrew, GB846, ST5.5x25, CountersunkHead, Philips",WoodFurnitScrew
"SelfTapScrew, M6x15.7, RaisedCountersunkHead, Philips",SelfTapScrew
"SelfTapScrew, GB6561, M4X10, CountersunkHead, Philips",SelfTapScrew
"M4x10, PanHead, Philips, GalvanizedWhite, NA/GB6560",SelfTapScrew
"SCR,GB/T6561,M5x12",SelfTapScrew
"SelfTapScrew,GB6560,M5X12,PanHead,Philips",SelfTapScrew
"MetricScrew, GB70, M6X70, CheeseHead, HexagonalSocket",MetricScrew
"SCR,GB/T70.1,M5x8",MetricScrew
"SelfTapScrew, M6X12, PanHead, Torx",SelfTapScrew
"SelfTapScrew, M6x24, TrussWasherHead, Torx",SelfTapScrew
"MetricScrew, 1/2-20 Button Head, Hexagonal",MetricScrew
"M5x10, PanHead, Torx, ElectrophoresisBlack, NA/NA",SelfTapScrew
"MetricScrew, GB70.3, M8x16, CountersunkHead, HexagonalSocket",MetricScrew
"MetricScrew, GB70, M8X45, CheeseHead, HexagonalSocket",MetricScrew
"WoodFurnitScrew, GB846,  M4.2X19, CountersunkHead, Philips",WoodFurnitScrew
"M5x10, TrussWasherHead, Torx, ZincCoated, NA/NA",SelfTapScrew
"MetricScrew, GB2672, M8x27, PanHead, Torx",MetricScrew
"MetricScrew, GB2672,  M8x30, PanHead, Torx",MetricScrew
"MetricScrew, GB2672, M8x35, PanHead, Torx",MetricScrew
Screw with spring washer,MiscFasteners
"3x screw, 2x spring washer and 1x flush washer",MiscFasteners
GB/T 2672  Hexagon lobularFlower shape head screws M8*30-8pc,MiscFasteners
"MetricScrew, M6x13.5, RoundHead, HexagonalSocket",MetricScrew
"MetricScrew, M5x10, TrussHead, HexagonalSocket",MetricScrew
"MetricScrew, M4x8, TrussHead, HexagonalSocket",MetricScrew
"MetricScrew, M8*30,RoundHead,Torx,Black",MetricScrew
"MetricScrew, M8x30, FlatHead, HexagonalSocket",MetricScrew
"SelfTapScrew, M4x15, TrussHead, HexagonalSocket",SelfTapScrew
"MetricScrew, GB70.1, M6x20, CheeseHead, HexagonalSocket",MetricScrew
"MetricScrew, GB70.1, M10x60, CheeseHead, HexagonalSocket",MetricScrew
"WoodFurnScrw, GB846, ST4.8x20, Countersunk, Philips, black",WoodFurnitScrew
"WoodFurnScrw, GB846, ST4.8x20, Countersunk, Philips, zinc",WoodFurnitScrew
"MetricScrew,M6*20,FlatHead,Torx,Black",MetricScrew
"MetricScrew, GB70.1, M8x16, CheeseHead, HexagonalSocket",MetricScrew
"M6x10.00, CheeseHead, HexagonalSocket, Oxidised, NA/GB70.1",MetricScrew
"Scew, half round head,M6x60, 10.9, TX, zinc plated",MetricScrew
"M6x35.00, TrussWasherHead, Torx, GalvanizedBlack, NA/NA",MetricScrew
"WoodFurnitScrew, GB/T 846 flat head, Philips,ST3.5x25",WoodFurnitScrew
"MetricScrew, M6x8, TrussWasherHead, Torx",MetricScrew
"Seat, Shell, Outer",SeatShell
"Seat, Shell, Outer",SeatShell
"Seat, Shell, Outer",SeatShell
"Seat Shell,Very Seminar/Conference",SeatShell
"Seat Shell,Very Seminar/Conference",SeatShell
"Seat Shell,Very Seminar/Conference",SeatShell
"Seat Shell,Very Seminar/Conference",SeatShell
"Seat Shell,Very Seminar/Conference",SeatShell
"Seat Shell,Very Seminar/Conference",SeatShell
"Seat Shell,Very Seminar/Conference",SeatShell
"Seat Shell,Very Seminar/Conference",SeatShell
"Seat Shell,Very Seminar/Conference",SeatShell
"Seat Shell,Very Seminar/Conference",SeatShell
"Seat Shell,Very Seminar/Conference",SeatShell
"Seat Shell,Very Seminar/Conference",SeatShell
"Seat,fixed,4leg,very",SeatPlate
"Seat,fixed,4leg,very",SeatPlate
"Seat,fixed,4leg,very",SeatPlate
"Seat,fixed,4leg,very",SeatPlate
"Seat,fixed,4leg,very",SeatPlate
"Seat,fixed,4leg,very",SeatPlate
"Seat,fixed,4leg,very",SeatPlate
"Seat,fixed,4leg,very",SeatPlate
"Seat,fixed,4leg,very",SeatPlate
"Seat,fixed,4leg,very",SeatPlate
"Seat,fixed,4leg,very",SeatPlate
"Seat,fixed,4leg,very",SeatPlate
"Seat,shell,outer,SUB ASSY,Very task",SeatPlate
"Seat,shell,outer,SUB ASSY,Very task",SeatPlate
"Seat inner, Aloha Easy guest",SeatPlate
"Shaft, adj, temsion, ctrl",SeatingControl
"SPCC,T=1.2mm,1250mm*2500mm",MetalSheets
"SGCC,T=0.7mm,1250mm*2500mm",MetalSheets
"SGCC,T=0.7mm,1720mm*2131mm",MetalSheets
"SGCC,T=0.7mm,931mm*2071.5mm",MetalSheets
"Shell,seat,inner,W/foam",SeatCushion
"Shell,Seat,SEM,X99,Export",SeatPlate
Gel Seat Foam With Plate,SeatCushion
"Shell,seat/back,Very sled base chair",SeatShell
"Shell,seat/back,Very sled base chair",SeatShell
"Shell,seat/back,Very sled base chair",SeatShell
"Shell,seat/back,Very sled base chair",SeatShell
"Shell,seat/back,Very sled base chair",SeatShell
"Shell,seat/back,Very sled base chair",SeatShell
"Shell,seat/back,Very sled base chair",SeatShell
"Shell,seat/back,Very sled base chair",SeatShell
"Shell,seat/back,Very sled base chair",SeatShell
"Shell,seat/back,Very sled base chair",SeatShell
"Shell,seat/back,Very sled base chair",SeatShell
"Shell,seat/back,Very sled base chair",SeatShell
seat inner pad for Aloha,SeatPlate
"Seat shell,ASSY,outer,Aloha Easy",SeatPlate
Out shell for Aloha Guest,SeatPlate
Aloha Easy Lite seat bottom cover,SeatPlate
Aloha Easy Lite plywood,SeatPlate
"Shell,outer,headrest,Fern",MiscHeadrestCom
"Shell,outer,headrest,Fern",MiscHeadrestCom
"Shell,outer,headrest,Fern",MiscHeadrestCom
"Shell, Uphostery, Back",BackPad
Maari lower back seat pad foam with plate,SeatCushion
"Seat/Back, Seat shell",SeatShell
"Seat/Back, Seat shell",SeatShell
"Seat/Back, Seat shell",SeatShell
"Seat/Back, Seat shell",SeatShell
Soji Seat Plywood,SeatPlate
"Daytona, Seat, Foam W Shell",SeatCushion
"Seat,Shell,Daytona",SeatPlate
"Washer, GB97, 12.5x6.6x1.5",Washer
"Sleeve,locking,footrest",Sleeve
"Slide,plastic",SlideDoorGuide
"Socket,caster",MiscConnector
"Socket,caster",MiscConnector
"Socket,caster",MiscConnector
"SPACER,INTERLOCK,TOP POSITION,LATERAL FILE,LH",CabinetConnect
"SPACER,INTERLOCK,TOP POSITION,LATERAL FILE,RH",CabinetConnect
"Spacer,No Fwd-Tilt,No Back Stop",SeatingControl
"Spacer,No Fwd-Tilt,No Back Stop",SeatingControl
"Spacer PE for acrylic scrn, Intuity rail mount",Spacer
Intuity beam BTM spacer,Spacer
Control Foundation Cushionblock LH,MiscMechComp
Control Foundation Cushionblock RH,MiscMechComp
Soji Plywood Arm Spacer LH,MiscHardware
Soji Plywood Arm Spacer RH,MiscHardware
Intuity beam top spacer,Spacer
"Spline, MDF screen",MiscConnector
"Spring, TRSN, .295D, top, fabricated",MiscMechComp
"Spring, TRSN, .295D, bottom, fabricated",MiscMechComp
"Spring, TRSN, .295D, top, painted",MiscMechComp
"Spring, TRSN, .295D, top, painted",MiscMechComp
"Tension adjust assembly,B=70D, NA",MiscMechComp
"CompressSpring, 0.4DIAx1.75L, sliding seat lever",TensionSpring
"Spring,Torsion,Control,RH",TensionSpring
"Spring,Torsioncontrol,LH",TensionSpring
"SPRING,COMPRESSION,STEEL,PLANES,FLIPTOP",CompressSpring
"Spring, ftilt, Fern",CompressSpring
"Spring, torsion, activation levers",TensionSpring
"Spring, lumbar, Fern",MiscLumbPelvCom
"Spring, Handle",CompressSpring
"TensionSpring, 35DIA×71.33L×2",TensionSpring
"Washer, GB93, 12x8x2, Black",Washer
"MD,staple,chisel pt,resin",Staples
"MD,STAPLE,CHISEL PT,RESIN",Staples
"MD,staple,chisel pt,res used in shift core",Staples
"MD,staple,black, 1008J",Staples
"MD,Staple, Zinc, 9mmWx6mmH",Staples
"SPCC,T=0.7mm,1250mm*2500mm",MetalSheets
"SPCC,T=0.7mm,1250mm*1570mm",MetalSheets
"SPCC,T=1.5mm,1250mm*2500mm",MetalSheets
"SPCC,T=2.5mm,1250mm*2500mm",MetalSheets
"SPCC,T=3.0mm,1250mm*2500mm",MetalSheets
"HSLA,T=4mm,800mm*900mm",MetalSheets
"Stop,door,bottom,storage unit",CabDoorStopper
"Stop,recline,soft",MiscConnector
"MiscHardware, stopper",MiscHardware
Blocker of Back frame,BackrestFrame
"Strap,zipper,screen, PWR,Bamboo,800",Tape
"Strap,zipper,screen, PWR,Bamboo,800",Tape
"Strap,zipper,screen, PWR,Bamboo,800",Tape
"Staple,Strip,Top.Wood,Poopy",SeatPlate
"Staple,Strip,Bottom,Wood,Poopy",SeatPlate
"Zipper, 190mm, YKK",Tape
"Zipper, Effectively used 250mm",Tape
"ArmrestSupport,arm, lower, LH,FAB",ArmrestSupport
"ArmrestSupport,arm, lower, RH,FAB",ArmrestSupport
"ArmrestSupport,arm, lower, LH",ArmrestSupport
"ArmrestSupport,arm, lower, LH",ArmrestSupport
"ArmrestSupport,arm, lower, RH",ArmrestSupport
"ArmrestSupport,arm, lower, RH",ArmrestSupport
"Support, Arm, Fixed, LH, metal,FAB",ArmrestSupport
"Support, Arm, Fixed, Metal, RH,FAB",ArmrestSupport
"Support, Arm, Fixed, Metal, RH",ArmrestSupport
"Support, Arm, Fixed, Metal, RH",ArmrestSupport
"Support, Arm, Fixed, LH, metal",ArmrestSupport
"Support, Arm, Fixed, LH, metal",ArmrestSupport
"Suprt,Rod,Seat,Very conference",MiscMechComp
Very task lumbar kit,LumbarAssy
Very task lumbar kit,LumbarAssy
"HeadRest frame, ALOHA",HeadRest
"Planes tray stiffer,FAB",Beam
"Planes tray stiffer,FAB",Beam
"Planes tray stiffer,FAB",Beam
"Zody, Headrest Assy",HeadRest
"Zody, Headrest Assy",HeadRest
"ArmrestSupport, plastic, LH, Fern",ArmrestSupport
"ArmrestSupport, plastic, LH, Fern",ArmrestSupport
"ArmrestSupport, plastic, LH, Fern",ArmrestSupport
"ArmrestSupport, plastic, RH, Fern",ArmrestSupport
"ArmrestSupport, plastic, RH, Fern",ArmrestSupport
"ArmrestSupport, plastic, RH, Fern",ArmrestSupport
"ArmrestSupport, fixed, LH, with screw, Fern, FAB",ArmrestSupport
"ArmrestSupport, fixed, RH, with screw, Fern, FAB",ArmrestSupport
"ArmrestSupport, fixed, LH, with screw, Fern",ArmrestSupport
"ArmrestSupport, fixed, RH, with screw, Fern",ArmrestSupport
"ArmrestSupport, aluminum, LH,FAB",ArmrestSupport
"ArmrestSupport, aluminum, RH, FAB",ArmrestSupport
"ArmrestSupport, aluminum, LH",ArmrestSupport
"ArmrestSupport, aluminum, RH",ArmrestSupport
"Support, mount, headrest, Fern",MiscHeadrestCom
"Support, mount, headrest, Fern",MiscHeadrestCom
"Support, mount, headrest, Fern",MiscHeadrestCom
"Support, post, headrest, Fern",MiscHeadrestCom
"Armrest support fixed, FAB, LH, very",ArmrestSupport
"Armrest support fixed, FAB, RH, very",ArmrestSupport
"Support, Arm, Fixed,PR",ArmrestSupport
"Support, Arm, Fixed,PR",ArmrestSupport
"Support,Lever,Fwdtlt,",SeatingControl
"Support,frame,Maari wood,FAB",SeatPlate
"Cabana table support,fab",Bracket
"Support, Lumbar, Slide",LumbarPad
"Support, Arm, Lower, LH, metal,FAB",ArmrestSupport
"Support, Arm, Lower, RH, metal,FAB",ArmrestSupport
"Support, Arm, Lower, LH, metal",ArmrestSupport
"Support, Arm, Lower, RH, metal",ArmrestSupport
"Daytona, Narrow, Slide",MiscConnector
"Handle, Lumbar",MiscConnector
"Handle, Lumbar",MiscConnector
"Armrest support fixed, painted, LH, very",ArmrestSupport
"Armrest support fixed, painted, RH, very",ArmrestSupport
"Double-sided adhesive tape, 1120w*75000d",Tape
"Seat,Clip,Attachment,Very family",MiscFasteners
Inner Shell Seat And Back Poppy,SeatShell
Seat Cushion Assembly,SeatCushion
cylinder with middle tube assy,GasSpringUnit
"Five star base, Aluminium,FAB",StarBase
Five star base,StarBase
Five star base,StarBase
foam chick pouf A88028601,SofaFoam
foam chick pouf A88028601,SofaFoam
panel chick pouf A88028602,Endcap
panel chick pouf A88028602,Endcap
glider chick pouf A88028603,GlideFurniture
glider chick pouf A88028603,GlideFurniture
Pivot mount chick pouf A88028604,Bracket
Pivot mount chick pouf A88028604,Bracket
bushing pivot inner chick pouf A88028605,Bushings
bushing pivot inner chick pouf A88028605,Bushings
bushing pivot outer chick pouf A88028606,Bushings
bushing pivot outer chick pouf A88028606,Bushings
E-clip chick pouf A88028607,Clamps
E-clip chick pouf A88028607,Clamps
"8mm PET board, 4*8 used in SFT PET core",PETBoard
"18mm PET board, 1780x1220",PETBoard
"MD,Tape,tray,desk",Tape
"MD,Thread,nylon,black",Yarn
"Nylon thread, Allways UM cord",CableChain
"MD,Tie,wire,plastic,14.5L",Tape
"Tie,wire,plastic,23.6_in long",CableTie
"TIE, CABLE",CableTie
"Track,LH,lumbar, Fern",MiscLumbPelvCom
"Track,LH,lumbar, Fern",MiscLumbPelvCom
"Track,LH,lumbar, Fern",MiscLumbPelvCom
"Track,RH,lumbar, Fern",MiscLumbPelvCom
"Track,RH,lumbar, Fern",MiscLumbPelvCom
"Track,RH,lumbar, Fern",MiscLumbPelvCom
"Tube,bent,SUPRY,seat,FAB, X99",BaseTube
"Tube,bent,SUPRY,seat,painted, X99",BaseTube
Brush for soft closing flip top,Brush
Brush for soft closing flip top,Brush
Brush for soft closing flip top,Brush
Brush for soft closing flip top,Brush
"Cable outlet, center, Alu edge",CableOutlet
"Cable outlet, center, Alu edge",CableOutlet
"Cable outlet, center, Alu edge",CableOutlet
"SelfTapScrew, GB6560, M4X6, PanHead, Philips",SelfTapScrew
"18mm PTB LPL board, 6*8, E0,FSC",Particleboard
"TIBAS double side end leg,Fix,FAB",Tableleg
"TIBAS double side end leg,Fix,FAB",Tableleg
"TIBAS double side end leg,Fix,FAB",Tableleg
"TIBAS double side end leg,Fix,FAB",Tableleg
"Tibas, Main Beam,FAB",Beam
"Tibas, Main Beam,FAB",Beam
"Tibas, Main Beam,FAB",Beam
"Tibas, Main Beam,FAB",Beam
"Tibas, Main Beam,FAB",Beam
"Tibas,Linear-Leg,Single side,Fix,FAB",Tableleg
"Tibas,Linear-Leg,Single side,Fix,FAB",Tableleg
"Tibas,Linear-Leg,Single side,Fix,FAB",Tableleg
"Tibas,Linear-Leg,Single side,Fix,FAB",Tableleg
"Tibas, intermediate leg, single side,FAB",Tableleg
"Tibas, intermediate leg, single side,FAB",Tableleg
"Tibas, Leg End Bracket,FAB",TopSupport
"Tibas MID-SPAN BRACKET BASE PART,FAB",TopSupport
TIBAS beam spacer,Spacer
"GB70.3,M6*40, White Zinc",MetricScrew
"TIBAS housing,30*60,M8",GlideFurniture
"Tibas plug, 30*60",Endcap
"SPHC,T=5mm,700mm*950mm",MetalSheets
"Upright,Ctrl,Assy,LH, Zody,FAB",BackUpright
"Upright,Ctrl,Assy,RH, Zody,FAB",BackUpright
"Upright,Ctrl,Assy,LH, Zody",BackUpright
"Upright,Ctrl,Assy,LH, Zody",BackUpright
"Upright,Ctrl,Assy,RH, Zody",BackUpright
"Upright,Ctrl,Assy,RH, Zody",BackUpright
"Upright,RH",BackUpright
"Upright,LH",BackUpright
"Upright,ctrl,asm,LH, Very, FAB",BackUpright
"Upright,ctrl,asm,RH, Very, FAB",BackUpright
"Upright,ctrl,asm,LH, Very, painted",BackUpright
"Upright,ctrl,asm,LH, Very, painted",BackUpright
"Upright,ctrl,asm,RH, Very, painted",BackUpright
"Upright,ctrl,asm,RH, Very, painted",BackUpright
"RH upright,Aloha Easy Guest,FAB",BackUpright
"LH upright,Aloha Easy Guest,FAB",BackUpright
"Upright,Assy,Raw,X99",BackUpright
"Upright,kit,PNT,X99,GST, FAB",BackUpright
metal bar L shape for foam back,BackrestFrame
"Upright,Ctrl Assy, Plastic,Pair",BackUpright
"Upright,ctrl,asm,LH, Very, plastic",BackUpright
"Upright,ctrl,asm,LH, Very, plastic",BackUpright
"Upright, control, pair, Very, plastic",BackUpright
"Upright, control, pair, Very, plastic",BackUpright
"Mdf painted Tablet, Maari, Poppy",WritingTableTop
"Mdf painted Tablet, Maari, Poppy",WritingTableTop
"Solid wood Tablet Maari, Poppy",WritingTableTop
"Cord,D2.5,SYS58/X-99, D971401200",Yarn
"Tang,long,seminar,X-99, D972221600",MiscSeatFramAcc
"Tang,short,D972222100",MiscSeatFramAcc
Spacer Nia,Spacer
"Plug,left.Raw,x99,gst, for armless",Endcap
"Plug,Right.Raw,x99,gst, for armless",Endcap
"Cam,german,#D972742700",SeatingControl
Back attachment Nia,BackSupport
Back support Nia,BackSupport
"seat wood, Nia",SeatPlate
"Back Wood,High",BackrestFrame
"Back Wood,Mid Nia",BackrestFrame
"INN,seat,SHL,W/nuts",SeatPlate
"INN,back,SHL,D973407702",BackPad
"Seat cover, with  armrest cutout, Nia",SeatPlate
"Seat cover, with  armrest cutout, Nia",SeatPlate
"Seat cover w/o armrest cutout,  Nia",SeatPlate
"Seat cover w/o armrest cutout,  Nia",SeatPlate
"SEAT,SHELL,TALL,AS MOLDED,PROJ 530",SeatShell
"SEAT,SHELL,TALL,AS MOLDED,PROJ 530",SeatShell
"SEAT,SHELL,TALL,AS MOLDED,PROJ 530",SeatShell
"SEAT,SHELL,TALL,AS MOLDED,PROJ 530",SeatShell
"SEAT,SHELL,TALL,AS MOLDED,PROJ 530",SeatShell
"SEAT,SHELL,TALL,AS MOLDED,PROJ 530",SeatShell
Bearing with flange Nia,Bearings
Bumper Nia,BackSupport
Strip backrest,Hooks
Strip backrest w/o incision,Hooks
"Armcap,left,bottom,X99 Cantilever",ArmCap
"Armcap,right,bottom, X99 Cantilever",ArmCap
"Stretcher,cover,plastic, Bottom",BackSupport
"Armcap,left,upper, X99 Cantilever",ArmCap
"armcap,right,upper, X99 Cantilever",ArmCap
"Bushing,tube, X99",Bushings
"Logo adapter,D974685302,001",MiscSeatFramAcc
"Glide,sled,base,chair,X99",MiscConnector
Back Mechanism accommodate Nia,BackrestFrame
Cover for back mechanism,BackSupport
"Armrest left, Nia",ArmrestAssy
"Armrest left, Nia",ArmrestAssy
"Armrest right, Nia",ArmrestAssy
"Armrest right, Nia",ArmrestAssy
"Cover backrest support,.Nia",MechCover
"Cover backrest support,.Nia",MechCover
"Cover backrest support top , Nia",MechCover
"Cover backrest support top , Nia",MechCover
"Knock-down cover,Nia",BackSupport
"Knock-down cover,Nia",BackSupport
Back lock knock-down function Nia,BackSupport
Backrest fixation,BackSupport
"Bottom cap for fixed arm,LH,",ArmCap
"Bottom cap for fixed arm,LH,",ArmCap
"Bottom cap for fixed arm,LH,",ArmCap
"Bottom cap for fixed arm,RH,",ArmCap
"Bottom cap for fixed arm,RH,",ArmCap
"Bottom cap for fixed arm,RH,",ArmCap
"Control body ,Nia",MechAssy
"Control body ,Nia",MechAssy
"Assy,Soji arm,1D,PR,withbottom cap,",ArmrestAssy
"Assy,Soji arm,1D,PR,withbottom cap,",ArmrestAssy
"Assy,Soji arm,1D,PR,withbottom cap,",ArmrestAssy
"Assy,Soji arm,4D,PR,withbottom cap,",ArmrestAssy
"Assy,Soji arm,4D,PR,withbottom cap,",ArmrestAssy
"Assy,Soji arm,4D,PR,withbottom cap,",ArmrestAssy
1D armrest left hand,ArmrestAssy
1D armrest left hand,ArmrestAssy
1D Armrest right hand,ArmrestAssy
1D Armrest right hand,ArmrestAssy
"SelfTapScrew, M6X15, PanHead, Torx",SelfTapScrew
"SelfTapScrew, M5X16 PanHead, Torx",SelfTapScrew
"SelfTapScrew, M5x20, CountersunkHead, Torx",SelfTapScrew
"InsertNut,M6X11.5, PushIn, black",InsertNut
"InsertNut,M6X11.5, PushIn, zinc",InsertNut
Plastic expanding rivet,Rivet
"Rivet,D976407100",Rivet
"Washer, 14.23x6.4x2.38",Washer
"Washer,15.70x8.10x13.00",Washer
"Washer,spring,GB/T93 5",Washer
Spring washer GB/T 93 8,Washer
"Washer, GB93, 9.2x6x1.6",Washer
"Washer, 10.4x4.5x1.5",Washer
"Washer, 28x10.15x1",Washer
"Washer,GB93,15x10x2.5",Washer
"Washer, 40x20x1.5, thrust bearing",Washer
"WIRE,MECH,BACK HGT",TensionSpring
"Wire,Mech,Pneumaticact",TensionSpring
"Wire,Fabricretainer,Seat ,431.8Mm(17.00"")",MiscHardware
"Wire,fabricretainer,seat,393.70mm(15.50"")",MiscHardware
"Wire,fabricretainer,seat,355.6mm(14.00"")",MiscHardware
"Wire, mechanical, lumbar, Fern",MiscLumbPelvCom
"Cable,Forward tilt, for new mech, Soji",SeatingControl
"Table connector, tie plate 51x51",TableConnector
"M3x10.00, CheeseHead, HexagonalSocket, NA, NA/NA",MetricScrew
MetricScrew M8*28 HexagonalSocket,MetricScrew
"MetricScrew, M5*25,PanHead, Phillips",MetricScrew
"MetricScrew, M6*25,PanHead, Phillips",MetricScrew
"MetricScrew, M6x30, RoundHead, Torx drive",MetricScrew
"SFT,50T Hor gasket of glass,L2L3",MiscConnector
"SFT,50T Hor gasket of glass,L2L3",MiscConnector
"SFT,50T Hor gasket of glass,L2L3",MiscConnector
"SFT,50T Hor gasket of glass,L2L3",MiscConnector
"SFT,50T Hor gasket of glass,L2L3",MiscConnector
"SFT,50T Hor gasket of glass,L2L3",MiscConnector
"SFT,50T Hor gasket of glass,L2L3",MiscConnector
"SFT,50T Hor gasket of glass,L2L3",MiscConnector
"SFT,50T Hor gasket of glass,L2L3",MiscConnector
"SFT,50T Hor gasket of glass,L2L3",MiscConnector
"SFT,50T Hor gasket of glass,L2L3",MiscConnector
"SFT,50T Hor gasket of glass,L2L3",MiscConnector
"SFT,50T Hor gasket of glass,L2L3",MiscConnector
"SFT,50T Hor gasket of glass,L2L3",MiscConnector
"SFT,50T Hor gasket of glass,L2L3",MiscConnector
"SFT,50T Hor gasket of glass,L2L3",MiscConnector
"SFT,50T Hor gasket of glass,L2L3",MiscConnector
"SFT,50T Hor gasket of glass,L2L3",MiscConnector
"SFT,50T Hor gasket of glass,L2L3",MiscConnector
"SFT,50T Ver gasket of glass,L2",MiscConnector
"SFT,50T Ver gasket of glass,L2",MiscConnector
"SFT,50T Ver gasket of glass,L2",MiscConnector
"SFT,50T Ver gasket of glass,L3",MiscConnector
"SFT,50T Ver gasket of glass,L2",MiscConnector
"SFT,50T Ver gasket of glass,L2",MiscConnector
"SFT,50T Ver gasket of glass,L2",MiscConnector
"SFT,50T Ver gasket of glass,L3",MiscConnector
"SFT,50T Ver gasket of glass,L2",MiscConnector
"SFT,50T Ver gasket of glass,L2",MiscConnector
"SFT,50T Ver gasket of glass,L2",MiscConnector
"SFT,50T Ver gasket of glass,L2",MiscConnector
"M6x20, PanHead, Philips, ZincCoated, NA/NA",SelfTapScrew
Insert of Shift end cantilever bracket,InsertNut
Insert of Shift end cantilever bracket 70mm,InsertNut
"SFT,50T,Bottom rail,Assy,FAB",PartPanelRail
"SFT,50T,Bottom rail,Assy,FAB",PartPanelRail
"SFT,50T,Bottom rail,Assy,FAB",PartPanelRail
"SFT,50T,Bottom rail,Assy,FAB",PartPanelRail
"SFT,50T,Bottom rail,Assy,FAB",PartPanelRail
"SFT,50T,Bottom rail,Assy,FAB",PartPanelRail
"SFT,50T,Bottom rail,Assy,FAB",PartPanelRail
"SFT,50T,Bottom rail,Assy,FAB",PartPanelRail
"SFT,50T,Bottom rail,Assy,FAB",PartPanelRail
"SFT,50T,Bottom rail,Assy,FAB",PartPanelRail
"SFT,50T,Bottom rail,Assy,FAB",PartPanelRail
"SFT,50T,Bottom rail,Assy,FAB",PartPanelRail
"SFT,50T,Bottom rail,Assy,FAB",PartPanelRail
"SFT,50T,Bottom rail,Assy,FAB",PartPanelRail
"SFT,50T,Bottom rail,Assy,FAB",PartPanelRail
"SFT,50T,Bottom rail,Assy,FAB",PartPanelRail
"SFT,50T,Bottom rail,Assy,FAB",PartPanelRail
"SFT,50T,Bottom rail,Assy,FAB",PartPanelRail
"SFT,50T,Bottom rail,Assy,FAB",PartPanelRail
"SFT,50T,Bottom rail,Assy,FAB",PartPanelRail
"SFT,50T,Bottom rail,Assy,FAB",PartPanelRail
"SFT,50T,Horizontal rail,FAB",RailProfile
"SFT,50T,Horizontal rail,FAB",RailProfile
"SFT,50T,Horizontal rail,FAB",RailProfile
"SFT,50T,Horizontal rail,FAB",RailProfile
"SFT,50T,Horizontal rail,FAB",RailProfile
"SFT,50T,Horizontal rail,FAB",RailProfile
"SFT,50T,Horizontal rail,FAB",RailProfile
"SFT,50T,Horizontal rail,FAB",RailProfile
"SFT,50T,Horizontal rail,FAB",RailProfile
"SFT,50T,Horizontal rail,FAB",RailProfile
"SFT,50T,Top trim,FAB,",RailProfile
"SFT,50T,Top trim,FAB,",RailProfile
"SFT,50T,Top trim,FAB,",RailProfile
"SFT,50T,Top trim,FAB,",RailProfile
"SFT,50T,Top trim,FAB,",RailProfile
"SFT,50T,Top trim,FAB,",RailProfile
"SFT,50T,Top trim,FAB,",RailProfile
"SFT,50T,Top trim,FAB,",RailProfile
"SFT,50T,Top trim,FAB,",RailProfile
"SFT,50T,Top trim,FAB,",RailProfile
"SFT, 25T,bottom rail with nut,FAB",RailProfile
"SFT, 25T,bottom rail with nut,FAB",RailProfile
"SFT, 25T,bottom rail with nut,FAB",RailProfile
"SFT, 25T,bottom rail with nut,FAB",RailProfile
"SFT, 25T,bottom rail with nut,FAB",RailProfile
"SFT, 25T,bottom rail with nut,FAB",RailProfile
"SFT, 25T,bottom rail with nut,FAB",RailProfile
"SFT, 25T,bottom rail with nut,FAB",RailProfile
"SFT, 25T,intermediate rail, FAB",RailProfile
"SFT, 25T,intermediate rail, FAB",RailProfile
"SFT, 25T,intermediate rail, FAB",RailProfile
"SFT, 25T,intermediate rail, FAB",RailProfile
"SFT, 25T,intermediate rail, FAB",RailProfile
"SFT, 25T,intermediate rail, FAB",RailProfile
"SFT, 25T,intermediate rail, FAB",RailProfile
"SFT, 25T,intermediate rail, FAB",RailProfile
"SFT, 25T,intermediate rail, FAB",RailProfile
"SFT,25T, Horizontal rail, FAB",RailProfile
"SFT,25T, Horizontal rail, FAB",RailProfile
"SFT,25T, Horizontal rail, FAB",RailProfile
"SFT,25T, Horizontal rail, FAB",RailProfile
"SFT,25T, Horizontal rail, FAB",RailProfile
"SFT,25T, Horizontal rail, FAB",RailProfile
"SFT,25T, Horizontal rail, FAB",RailProfile
"SFT,25T, Horizontal rail, FAB",RailProfile
"SFT,25T,Top trim,FAB",RailProfile
"SFT,25T,Top trim,FAB",RailProfile
"SFT,25T,Top trim,FAB",RailProfile
"SFT,25T,Top trim,FAB",RailProfile
"SFT,25T,Top trim,FAB",RailProfile
"SFT,25T,Top trim,FAB",RailProfile
"SFT,25T,Top trim,FAB",RailProfile
"SFT,25T,Top trim,FAB",RailProfile
"SFT,50T,intermediate rail, FAB",RailProfile
"SFT,50T,intermediate rail, FAB",RailProfile
"SFT,50T,intermediate rail, FAB",RailProfile
"SFT,50T,intermediate rail, FAB",RailProfile
"SFT,50T,intermediate rail, FAB",RailProfile
"SFT,50T,intermediate rail, FAB",RailProfile
"SFT,50T,intermediate rail, FAB",RailProfile
"SFT,50T,Upper Power rail,LowWT, FAB",RailProfile
"SFT,50T,Upper Power rail,LowWT, FAB",RailProfile
"SFT,50T,Upper Power rail,LowWT, FAB",RailProfile
"SFT,50T,Upper Power rail,LowWT, FAB",RailProfile
"SFT,50T,Upper Power rail,LowWT, FAB",RailProfile
"SFT,50T,Upper Power rail,LowWT, FAB",RailProfile
"SFT,50T,Upper Power rail,LowWT, FAB",RailProfile
"SFT,50T,Upper Power rail,LowWT, FAB",RailProfile
"SFT,50T,Upper Power rail,LowWT, FAB",RailProfile
"SFT,50T,Upper Power rail,LowWT, FAB",RailProfile
"SFT,50T,Upper Power rail,LowWT, FAB",RailProfile
"SFT,50T,Upper Power rail,LowWT, FAB",RailProfile
"SFT, Lateral screen end trim cap,FAB",Endcap
"SFT,end trim cap,50T,FIN,FAB",Endcap
"Shift, Junction cap, 25x25,FAB",PanelJunction
"Shift, Junction cap, 25x25,FAB",PanelJunction
"Shift, Junction cap, 25x25,FAB",PanelJunction
"Shift, Junction cap, 25x25,FAB",PanelJunction
"Shift, Junction cap, 50×50,FAB",PanelJunction
"Shift, Junction cap, 50×50,FAB",PanelJunction
"Shift, Junction cap, 50×50,FAB",PanelJunction
"Shift, Junction cap, 50x50, 120D, fabricated",PanelJunction
"Shift, Junction caps, 25x50_50x25,FAB",PanelJunction
"Shift, Junction caps, 25x50_50x25,FAB",PanelJunction
"Shift, Junction caps, 25x50_50x25,FAB",PanelJunction
"Shift, Junction caps, 25x50_50x25,FAB",PanelJunction
"Shift, Junction caps, 25x50_50x25,FAB",PanelJunction
"Shift, Junction caps, 25x50_50x25,FAB",PanelJunction
"SFT,panel top connector",PanelConnector
"SFT,panel bottom connector",PanelConnector
"SFT,aligner for connector",PanelConnector
"Shift sliding bracket, SHIFT",Bracket
"Shift sliding bracket, SHIFT",Bracket
"Shift, Frame leg, L-shape,LH,FAB",FrameLeg
"Shift, Frame leg, L-shape,LH,FAB",FrameLeg
"Shift, Frame leg, L-shape,LH,FAB",FrameLeg
"Shift, Frame leg, L-shape,RH,FAB",FrameLeg
"Shift, Frame leg, L-shape,RH,FAB",FrameLeg
"Shift, Frame leg, L-shape,RH,FAB",FrameLeg
"Shift, Frame leg, L-shape,shared,FAB",FrameLeg
"Shift, Frame leg, L-shape,shared,FAB",FrameLeg
"SFT,L-bracket,for frame end leg,FAB",Bracket
"Shift, Frame leg, U-shape,shared,FAB",FrameLeg
"Shift, Frame leg, U-shape,shared,FAB",FrameLeg
"SFT,bottom-bracket,for end U leg,FAB",Bracket
"SFT,stabilizer foot,end,25T,FAB",PanelStabilizer
"SFT,stabilizer foot,end,50T,FAB",PanelStabilizer
"SFT,50T,Upper Power rail,UpWT,FAB",RailProfile
"SFT,50T,Upper Power rail,UpWT,FAB",RailProfile
"SFT,50T,Upper Power rail,UpWT,FAB",RailProfile
"SFT,50T,Upper Power rail,UpWT,FAB",RailProfile
"SFT,50T,Upper Power rail,UpWT,FAB",RailProfile
"SFT,50T,Upper Power rail,UpWT,FAB",RailProfile
"SFT,50T,Upper Power rail,UpWT,FAB",RailProfile
"SFT,50T,Upper Power rail,UpWT,FAB",RailProfile
"SFT,50T,Upper Power rail,UpWT,FAB",RailProfile
"SFT,50T,Upper Power rail,UpWT,FAB",RailProfile
"SFT,50T,Upper Power rail,UpWT,FAB",RailProfile
"SFT,foam for raceway",Foams
"SHIFT, Lateral screen vertical rail,FAB",RailProfile
"SHIFT, Lateral screen vertical rail,FAB",RailProfile
"SHIFT, Lateral screen horizontal rail,FAB",RailProfile
"SHIFT, Lateral screen horizontal rail,FAB",RailProfile
"SHIFT, Lateral screen horizontal rail,FAB",RailProfile
"SHIFT, Lateral screen horizontal rail,FAB",RailProfile
"SFT, Lateral screen top trim,FAB",RailProfile
"SFT, Lateral screen top trim,FAB",RailProfile
"SFT, Lateral screen top trim,FAB",RailProfile
"SFT, Lateral screen top trim,FAB",RailProfile
"SFT, Lateral screen shared back bracket,FAB",Bracket
"SFT, Lateral screen shared front bracket,FAB",Bracket
"SFT, Lateral screen end back bracket,FAB",RailProfile
"SFT, Lateral screen end back bracket,FAB",RailProfile
"SFT, Lateral screen end front bracket, LH,FAB",Bracket
"SFT, Lateral screen end front bracket, RH, FAB",Bracket
"SFT, Lateral screen end trim,FAB",RailProfile
"SFT, Lateral screen end trim,FAB",RailProfile
"SFT, Lateral screen top trim,FAB",RailProfile
"SFT, Lateral screen top trim,FAB",RailProfile
"SFT, Lateral screen top trim,FAB",RailProfile
"SFT, Lateral screen top trim,FAB",RailProfile
"SFT,25T VER adapter,lateral screen, FAB",RailProfile
"SFT,25T VER adapter,lateral screen, FAB",RailProfile
"SFT,25T VER adapter,lateral screen, FAB",RailProfile
"SFT,25T VER adapter, lateral screen,FAB",RailProfile
"SFT,25T VER adapter,lateral screen, FAB",RailProfile
"SFT,25T VER adapter,lateral screen, FAB",RailProfile
"SFT,25T VER adapter, lateral screen,FAB",RailProfile
"SFT,25T VER adapter,lateral screen, FAB",RailProfile
"SFT,25T HOR adapter, glass core, FAB",RailProfile
"SFT,25T HOR adapter, glass core, FAB",RailProfile
"SFT,25T HOR adapter, glass core, FAB",RailProfile
"SFT,25T HOR adapter, glass core, FAB",RailProfile
"SFT,25T HOR adapter, glass core, FAB",RailProfile
"SFT,25T HOR adapter, glass core, FAB",RailProfile
"SFT,25T HOR adapter, glass core, FAB",RailProfile
"SFT,25T HOR adapter, glass core, FAB",RailProfile
"SFT,25T HOR adapter, glass core, FAB",RailProfile
"SFT,25T HOR adapter, glass core, FAB",RailProfile
"SFT,25T HOR adapter, glass core, FAB",RailProfile
"SFT,25T HOR adapter,lateral screen,FAB",RailProfile
"SFT,25T HOR adapter,lateral screen,FAB",RailProfile
"SFT,25T HOR adapter,lateral screen,FAB",RailProfile
"SFT,25T HOR adapter,lateral screen,FAB",RailProfile
"SFT,50T Ver adapter,glass core,L2,  FAB",RailProfile
"SFT,50T Ver adapter,glass core,L2,  FAB",RailProfile
"SFT,50T Ver adapter,glass core,L2,  FAB",RailProfile
"SFT,50T Ver adapter,glass core,L2,  FAB",RailProfile
"SFT,50T Ver adapter,glass core,L3, FAB",RailProfile
"SFT,50T Ver adapter,glass core,L2,  FAB",RailProfile
"SFT,50T Ver adapter,glass core,L2,  FAB",RailProfile
"SFT,50T Ver adapter,glass core,L2,  FAB",RailProfile
"SFT,50T Ver adapter,glass core,L3, FAB",RailProfile
"SFT,50T Ver adapter,glass core,L2,  FAB",RailProfile
"SFT,50T Ver adapter,glass core,L2,  FAB",RailProfile
"SFT,50T Ver adapter,glass core,L2,  FAB",RailProfile
"SFT,50T Ver adapter,glass core,L2,  FAB",RailProfile
"SFT,50T Hor adapter,glass core,L2L3,FAB",RailProfile
"SFT,50T Hor adapter,glass core,L2L3,FAB",RailProfile
"SFT,50T Hor adapter,glass core,L2L3,FAB",RailProfile
"SFT,50T Hor adapter,glass core,L2L3,FAB",RailProfile
"SFT,50T Hor adapter,glass core,L2L3,FAB",RailProfile
"SFT,50T Hor adapter,glass core,L2L3,FAB",RailProfile
"SFT,50T Hor adapter,glass core,L2L3,FAB",RailProfile
"SFT, end bracket for Mono,LH, fabricated",Bracket
"SFT, end bracket for Mono,RH, fabricated",Bracket
"SFT, 6mm Glass board,L2",PartPanelInfill
"SFT, 6mm Glass board,L2",PartPanelInfill
"SFT, 6mm Glass board,L2",PartPanelInfill
"SFT, 6mm Glass board,L2",PartPanelInfill
"SFT, 6mm Glass board,L2",PartPanelInfill
"SFT, 6mm Glass board,L2",PartPanelInfill
"SFT, 6mm Glass board,L2",PartPanelInfill
"SFT, 6mm Glass board,L2",PartPanelInfill
"SFT, 6mm Glass board,L2",PartPanelInfill
"SFT, 6mm Glass board,L2",PartPanelInfill
"SFT, 6mm Glass board,L2",PartPanelInfill
"SFT, 6mm Glass board,L2",PartPanelInfill
"SFT, 6mm Glass board,L2",PartPanelInfill
"SFT, 6mm Glass board,L2",PartPanelInfill
"SFT, 6mm Glass board,L2",PartPanelInfill
"SFT, 6mm Glass board,L2",PartPanelInfill
"SFT, 6mm Glass board,L2",PartPanelInfill
"SFT, 6mm Glass board,L2",PartPanelInfill
"SFT, 6mm Glass board,L2",PartPanelInfill
"SFT, 6mm Glass board,L2",PartPanelInfill
"SFT, 6mm Glass board,L2",PartPanelInfill
"SFT, 6mm Glass board,L2",PartPanelInfill
"SFT, 6mm Glass board,L2",PartPanelInfill
"SFT, 6mm Glass board,L2",PartPanelInfill
"SFT, 6mm Glass board,L2",PartPanelInfill
"SFT, 6mm Glass board,L2",PartPanelInfill
"SFT, 6mm Glass board,L2",PartPanelInfill
"SFT, 6mm Glass board,L2",PartPanelInfill
"SFT, 6mm Glass board,L2",PartPanelInfill
"SFT, 6mm Glass board,L2",PartPanelInfill
"SFT, 6mm Glass board,L2",PartPanelInfill
"SFT, 6mm Glass board,L2",PartPanelInfill
"SFT, 6mm Glass board,L2",PartPanelInfill
"SFT, 6mm Glass board,L2",PartPanelInfill
"SFT, 6mm Glass board,L2",PartPanelInfill
"SFT, 6mm Glass board,L2",PartPanelInfill
"SFT, 6mm Glass board,L2",PartPanelInfill
"SFT, 6mm Glass board,L2",PartPanelInfill
"SFT, 6mm Glass board,L2",PartPanelInfill
"SFT, 6mm Glass board,L2",PartPanelInfill
"SFT, 6mm Glass board,L2",PartPanelInfill
"SFT, 6mm Glass board,L2",PartPanelInfill
"SFT, 6mm Glass board,L2",PartPanelInfill
"SFT, 6mm Glass board,L2",PartPanelInfill
"SFT, 6mm Glass board,L2",PartPanelInfill
"SFT, 6mm Glass board,L2",PartPanelInfill
"SFT, 6mm Glass board,L2",PartPanelInfill
"SFT, 6mm Glass board,L2",PartPanelInfill
"SFT, 6mm Glass board,L2",PartPanelInfill
"SFT, 6mm Glass board,L2",PartPanelInfill
"SFT, 6mm Glass board,L2",PartPanelInfill
"SFT, 6mm Glass board,L2",PartPanelInfill
"SFT, 6mm Glass board,L2",PartPanelInfill
"SFT, 6mm Glass board,L2",PartPanelInfill
"SFT, 6mm Glass board,L2",PartPanelInfill
"SFT, 6mm Glass board,L2",PartPanelInfill
"SFT, 6mm Glass board,L2",PartPanelInfill
"SFT, 6mm Glass board,L2",PartPanelInfill
"SFT, 6mm Glass board,L2",PartPanelInfill
"SFT, 6mm Glass board,L2",PartPanelInfill
"SFT, 6mm Glass board,L2",PartPanelInfill
"SFT, 6mm Glass board,L2",PartPanelInfill
"SFT, 6mm Glass board,L2",PartPanelInfill
"SFT, 6mm Glass board,L2",PartPanelInfill
"SFT, 6mm Glass board,L2",PartPanelInfill
"SFT, 6mm Glass board,L2",PartPanelInfill
"SFT, 6mm Glass board,L2",PartPanelInfill
"SFT, 6mm Glass board,L2",PartPanelInfill
"SFT, 6mm Glass board,L2",PartPanelInfill
"SFT, 6mm Glass board,L2",PartPanelInfill
"SFT, 6mm Glass board,L2",PartPanelInfill
"SFT, 6mm Glass board,L2",PartPanelInfill
"SFT, 6mm Glass board,L2",PartPanelInfill
"SFT, 6mm Glass board,L2",PartPanelInfill
"SFT, 6mm Glass board,L2",PartPanelInfill
"SFT, 6mm Glass board,L2",PartPanelInfill
"SFT, 6mm Glass board,L2",PartPanelInfill
"SFT, 6mm Glass board,L2",PartPanelInfill
"SFT, 6mm Glass board,L2",PartPanelInfill
"SFT, 6mm Glass board,L2",PartPanelInfill
"SFT, 6mm Glass board,L2",PartPanelInfill
"SFT, 6mm Glass board,L2",PartPanelInfill
"SFT, 6mm Glass board,L2",PartPanelInfill
"SFT, 6mm Glass board,L2",PartPanelInfill
"SFT, 6mm Glass board,L2",PartPanelInfill
"SFT, 6mm Glass board,L2",PartPanelInfill
"SFT, 6mm Glass board,L3",PartPanelInfill
"SFT, 6mm Glass board,L3",PartPanelInfill
"SFT, 6mm Glass board,L3",PartPanelInfill
"SFT, 6mm Glass board,L3",PartPanelInfill
"SFT, 6mm Glass board,L3",PartPanelInfill
"SFT, 6mm Glass board,L3",PartPanelInfill
"SFT, 6mm Glass board,L3",PartPanelInfill
"SFT, 6mm Glass board,L3",PartPanelInfill
"SFT, 6mm Glass board,L3",PartPanelInfill
"SFT, 6mm Glass board,L3",PartPanelInfill
"SFT, 6mm Glass board,L3",PartPanelInfill
"SFT, 6mm Glass board,L3",PartPanelInfill
"SFT, 6mm Glass board,L3",PartPanelInfill
"SFT, 6mm Glass board,L3",PartPanelInfill
"SFT, 6mm Glass board,L3",PartPanelInfill
"SFT, 6mm Glass board,L3",PartPanelInfill
"SFT, 6mm Glass board,L3",PartPanelInfill
"SFT, 6mm Glass board,L3",PartPanelInfill
"SFT, 6mm Glass board,L3",PartPanelInfill
"SFT, 6mm Glass board,L3",PartPanelInfill
"SFT, 6mm Glass board,L3",PartPanelInfill
"SFT, 6mm Glass board,L2",PartPanelInfill
"SFT, 6mm Glass board,L2",PartPanelInfill
"SFT, 6mm Glass board,L2",PartPanelInfill
"SFT, 6mm Glass board,L2",PartPanelInfill
"SFT, 6mm Glass board,L2",PartPanelInfill
"SFT, 6mm Glass board,L2",PartPanelInfill
"SFT, 6mm Glass board,L2",PartPanelInfill
"SFT, 6mm Glass board,L2",PartPanelInfill
"SFT, 6mm Glass board,L2",PartPanelInfill
"SFT, 6mm Glass board,L2",PartPanelInfill
"SFT, 6mm Glass board,L2",PartPanelInfill
"SFT, 6mm Glass board,L2",PartPanelInfill
"SFT, 6mm Glass board,L2",PartPanelInfill
"SFT, 6mm Glass board,L2",PartPanelInfill
"SFT, 6mm Glass board,L2",PartPanelInfill
"SFT, 6mm Glass board,L2",PartPanelInfill
"SFT, 6mm Glass board,L2",PartPanelInfill
"SFT, 6mm Glass board,L2",PartPanelInfill
"SFT, 6mm Glass board,L2",PartPanelInfill
"SFT, 6mm Glass board,L2",PartPanelInfill
"SFT, 6mm Glass board,L2",PartPanelInfill
"SFT, 6mm Glass board,L2",PartPanelInfill
"SFT, 6mm Glass board,L2",PartPanelInfill
"SFT, 6mm Glass board,L2",PartPanelInfill
"SFT, 6mm Glass board,L2",PartPanelInfill
"SFT, 6mm Glass board,L2",PartPanelInfill
"SFT, 6mm Glass board,L2",PartPanelInfill
"SFT, 6mm Glass board,L2",PartPanelInfill
"SFT, 6mm Glass board,L2",PartPanelInfill
"SFT, 6mm Glass board,L2",PartPanelInfill
"SFT, 6mm Glass board,L2",PartPanelInfill
"SFT, 6mm Glass board,L2",PartPanelInfill
"SFT, 6mm Glass board,L2",PartPanelInfill
"SFT, 6mm Glass board,L2",PartPanelInfill
"SFT, 6mm Glass board,L2",PartPanelInfill
"SFT, 6mm Glass board,L2",PartPanelInfill
"SFT, 6mm Glass board,L2",PartPanelInfill
"SFT, 6mm Glass board,L2",PartPanelInfill
"SFT, 6mm Glass board,L2",PartPanelInfill
"SFT, 6mm Glass board,L2",PartPanelInfill
"SFT, 6mm Glass board,L2",PartPanelInfill
"SFT, 6mm Glass board,L2",PartPanelInfill
"SFT, 6mm Glass board,L2",PartPanelInfill
"SFT, 6mm Glass board,L2",PartPanelInfill
"SFT, 6mm Glass board,L2",PartPanelInfill
"SFT, 6mm Glass board,L2",PartPanelInfill
"SFT, 6mm Glass board,L2",PartPanelInfill
"SFT, 6mm Glass board,L2",PartPanelInfill
"SFT, 6mm Glass board,L2",PartPanelInfill
"SFT, 6mm Glass board,L2",PartPanelInfill
"SFT, 6mm Glass board,L2",PartPanelInfill
"SFT, 6mm Glass board,L2",PartPanelInfill
"SFT, 6mm Glass board,L2",PartPanelInfill
"SFT, 6mm Glass board,L2",PartPanelInfill
"SFT, 6mm Glass board,L2",PartPanelInfill
"SFT, 6mm Glass board,L2",PartPanelInfill
"SFT, 6mm Glass board,L2",PartPanelInfill
"SFT, 6mm Glass board,L2",PartPanelInfill
"SFT, 6mm Glass board,L2",PartPanelInfill
"SFT, 6mm Glass board,L2",PartPanelInfill
"SFT, 6mm Glass board,L2",PartPanelInfill
"SFT, 6mm Glass board,L2",PartPanelInfill
"SFT, 6mm Glass board,L2",PartPanelInfill
"SFT, 6mm Glass board,L2",PartPanelInfill
"SFT, 6mm Glass board,L2",PartPanelInfill
"SFT, 6mm Glass board,L2",PartPanelInfill
"SFT, 6mm Glass board,L3",PartPanelInfill
"SFT, 6mm Glass board,L3",PartPanelInfill
"SFT, 6mm Glass board,L3",PartPanelInfill
"SFT, 6mm Glass board,L3",PartPanelInfill
"SFT, 6mm Glass board,L3",PartPanelInfill
"SFT, 6mm Glass board,L3",PartPanelInfill
"SFT, 6mm Glass board,L3",PartPanelInfill
"SFT, 6mm Glass board,L3",PartPanelInfill
"SFT, 6mm Glass board,L3",PartPanelInfill
"SFT, 6mm Glass board,L3",PartPanelInfill
"SFT, 6mm Glass board,L3",PartPanelInfill
"SFT, 6mm Glass board,L3",PartPanelInfill
"SFT, 6mm Glass board,L3",PartPanelInfill
"SFT, 6mm Glass board,L3",PartPanelInfill
"SFT, 6mm Glass board,L3",PartPanelInfill
"SFT, 6mm Glass board,L3",PartPanelInfill
"SFT, 6mm Glass board,L3",PartPanelInfill
"SFT, 6mm Glass board,L3",PartPanelInfill
"SFT, 6mm Glass board,L3",PartPanelInfill
"SFT, 6mm Glass board,L3",PartPanelInfill
"SFT, 6mm Glass board,L3",PartPanelInfill
"SFT, 6mm Glass board,L3",PartPanelInfill
"SFT, 6mm Glass board,L2",PartPanelInfill
"SFT, 6mm Glass board,L2",PartPanelInfill
"SFT, 6mm Glass board,L2",PartPanelInfill
"SFT, 6mm Glass board,L2",PartPanelInfill
"SFT, 6mm Glass board,L2",PartPanelInfill
"SFT, 6mm Glass board,L2",PartPanelInfill
"SFT, 6mm Glass board,L2",PartPanelInfill
"SFT, 6mm Glass board,L2",PartPanelInfill
"SFT, 6mm Glass board,L2",PartPanelInfill
"SFT, 6mm Glass board,L2",PartPanelInfill
"SFT, 6mm Glass board,L2",PartPanelInfill
"SFT, 6mm Glass board,L2",PartPanelInfill
"SFT, 6mm Glass board,L2",PartPanelInfill
"SFT, 6mm Glass board,L2",PartPanelInfill
"SFT, 6mm Glass board,L2",PartPanelInfill
"SFT, 6mm Glass board,L2",PartPanelInfill
"SFT, 6mm Glass board,L2",PartPanelInfill
"SFT, 6mm Glass board,L2",PartPanelInfill
"SFT, 6mm Glass board,L2",PartPanelInfill
"SFT, 6mm Glass board,L2",PartPanelInfill
"SFT, 6mm Glass board,L2",PartPanelInfill
"SFT, 6mm Glass board,L2",PartPanelInfill
"SFT, glass board for Lateral screen",PartPanelInfill
"SFT, glass board for Lateral screen",PartPanelInfill
"SFT, glass board for Lateral screen",PartPanelInfill
"SFT, glass board for Lateral screen",PartPanelInfill
"SFT, glass board for Lateral screen",PartPanelInfill
"SFT, glass board for Lateral screen",PartPanelInfill
"SFT, glass board for Lateral screen",PartPanelInfill
"SFT, glass board for Lateral screen",PartPanelInfill
"SFT, 6mm Glass board,L2",PartPanelInfill
"SFT, 6mm Glass board,L2",PartPanelInfill
"SFT, 6mm Glass board,L2",PartPanelInfill
"SFT, 6mm Glass board,L2",PartPanelInfill
"SFT, 6mm Glass board,L2",PartPanelInfill
"SFT, 6mm Glass board,L2",PartPanelInfill
"SFT, 6mm Glass board,L2",PartPanelInfill
"SFT, 6mm Glass board,L2",PartPanelInfill
"SFT, 6mm Glass board,L2",PartPanelInfill
"SFT, 6mm Glass board,L2",PartPanelInfill
"SFT, 6mm Glass board,L2",PartPanelInfill
"SFT, 6mm Glass board,L2",PartPanelInfill
"SFT, 6mm Glass board,L2",PartPanelInfill
"SFT, 6mm Glass board,L2",PartPanelInfill
"SFT, 6mm Glass board,L2",PartPanelInfill
"SFT, 6mm Glass board,L2",PartPanelInfill
"SFT, 6mm Glass board,L2",PartPanelInfill
"SFT, 6mm Glass board,L2",PartPanelInfill
"SFT, 6mm Glass board,L2",PartPanelInfill
"SFT, 6mm Glass board,L2",PartPanelInfill
"SFT, 6mm Glass board,L2",PartPanelInfill
"SFT, 6mm Glass board,L2",PartPanelInfill
"SFT, glass board for Lateral screen",PartPanelInfill
"SFT, glass board for Lateral screen",PartPanelInfill
"SFT, glass board for Lateral screen",PartPanelInfill
"SFT, glass board for Lateral screen",PartPanelInfill
"SFT, glass board for Lateral screen",PartPanelInfill
"SFT, glass board for Lateral screen",PartPanelInfill
"SFT, glass board for Lateral screen",PartPanelInfill
"SFT, glass board for Lateral screen",PartPanelInfill
"SFT, 6mm Glass board,L2",PartPanelInfill
"SFT, 6mm Glass board,L2",PartPanelInfill
"SFT, 6mm Glass board,L2",PartPanelInfill
"SFT, 6mm Glass board,L2",PartPanelInfill
"SFT, 6mm Glass board,L2",PartPanelInfill
"SFT, 6mm Glass board,L2",PartPanelInfill
"SFT, 6mm Glass board,L2",PartPanelInfill
"SFT, 6mm Glass board,L2",PartPanelInfill
"SFT, 6mm Glass board,L2",PartPanelInfill
"SFT, 6mm Glass board,L2",PartPanelInfill
"SFT, 6mm Glass board,L2",PartPanelInfill
"SFT, 6mm Glass board,L2",PartPanelInfill
"SFT, 6mm Glass board,L2",PartPanelInfill
"SFT, 6mm Glass board,L2",PartPanelInfill
"SFT, 6mm Glass board,L2",PartPanelInfill
"SFT, 6mm Glass board,L2",PartPanelInfill
"SFT, 6mm Glass board,L2",PartPanelInfill
"SFT, 6mm Glass board,L2",PartPanelInfill
"SFT, 6mm Glass board,L2",PartPanelInfill
"SFT, 6mm Glass board,L2",PartPanelInfill
"SFT, 6mm Glass board,L2",PartPanelInfill
"SFT, 6mm Glass board,L2",PartPanelInfill
"SFT, 6mm Glass board,L2",PartPanelInfill
"SFT, 6mm Glass board,L2",PartPanelInfill
"SFT, 6mm Glass board,L2",PartPanelInfill
"SFT, 6mm Glass board,L2",PartPanelInfill
"SFT, 6mm Glass board,L2",PartPanelInfill
"SFT, 6mm Glass board,L2",PartPanelInfill
"SFT, 6mm Glass board,L2",PartPanelInfill
"SFT, 6mm Glass board,L2",PartPanelInfill
"SFT, 6mm Glass board,L2",PartPanelInfill
"SFT, 6mm Glass board,L2",PartPanelInfill
"SFT, 6mm Glass board,L2",PartPanelInfill
"SFT, 6mm Glass board,L2",PartPanelInfill
"SFT, 6mm Glass board,L2",PartPanelInfill
"SFT, 6mm Glass board,L2",PartPanelInfill
"SFT, 6mm Glass board,L2",PartPanelInfill
"SFT, 6mm Glass board,L2",PartPanelInfill
"SFT, 6mm Glass board,L2",PartPanelInfill
"SFT, 6mm Glass board,L2",PartPanelInfill
"SFT, 6mm Glass board,L2",PartPanelInfill
"SFT, 6mm Glass board,L2",PartPanelInfill
"SFT, 6mm Glass board,L2",PartPanelInfill
"SFT, 6mm Glass board,L2",PartPanelInfill
"Shift, Frame leg, U-shape for monolithic, shared,FAB",FrameLeg
"Shift, Frame leg, U-shape for monolithic, shared,FAB",FrameLeg
"SFT,stabilizer foot,Mid,25T, FAB",PanelStabilizer
"SFT,stabilizer foot,Mid,50T, FAB",PanelStabilizer
"SFT,stabilizer foot cover,Mid, FAB",Bracket
"SFT, foam for lateral screen373",Foams
"SFT, foam for lateral screen60",Foams
"Magnet round,8 mm dia,2 mm thick",MiscHardware
"Shift shared cantilever bracket,FAB",Bracket
"Aligner, top trim, SHIFT",PanelConnector
"Glide, SHIFT panel",GlideFurniture
"SFT,50T,Lower Power rail,FAB",RailProfile
"SFT,50T,Lower Power rail,FAB",RailProfile
"SFT,50T,Lower Power rail,FAB",RailProfile
"SFT,50T,Lower Power rail,FAB",RailProfile
"SFT,50T,Lower Power rail,FAB",RailProfile
"SFT,50T,Lower Power rail,FAB",RailProfile
"SFT,50T,Lower Power rail,FAB",RailProfile
"SFT,50T,Lower Power rail,FAB",RailProfile
"SFT,50T,Lower Power rail,FAB",RailProfile
"SFT,50T,Lower Power rail,FAB",RailProfile
"SFT,50T,Lower Power rail,FAB",RailProfile
"SFT,25T,vertical rail,FAB",PartiVertRail
"SFT,25T,vertical rail,FAB",PartiVertRail
"SFT,25T,vertical rail,FAB",PartiVertRail
"SFT,25T,vertical rail,FAB",PartiVertRail
"SFT,25T,vertical rail,FAB",PartiVertRail
"SFT,25T,vertical rail,FAB",PartiVertRail
"SFT,25T,vertical rail,FAB",PartiVertRail
"SFT,25T,vertical rail,FAB",PartiVertRail
"SFT,vertical rail,50T,S0,FAB",PartiVertRail
"SFT,vertical rail,50T,S0,FAB",PartiVertRail
"SFT,vertical rail,50T,S0,FAB",PartiVertRail
"SFT,vertical rail,50T,S0,FAB",PartiVertRail
"SFT,vertical rail,50T,S0,FAB",PartiVertRail
"SFT,vertical rail,50T,S0,FAB",PartiVertRail
"SFT,vertical rail,50T,S0,FAB",PartiVertRail
"SFT,vertical rail,50T,P1,FAB",PartiVertRail
"SFT,vertical rail,50T,P1,FAB",PartiVertRail
"SFT,vertical rail,50T,P1,FAB",PartiVertRail
"SFT,vertical rail,50T,P1,FAB",PartiVertRail
"SFT,vertical rail,50T,P1,FAB",PartiVertRail
"SFT,vertical rail,50T,P1,FAB",PartiVertRail
"SFT,vertical rail,50T,P1,FAB",PartiVertRail
"SFT,vertical rail,50T,P1,FAB",PartiVertRail
"SFT,vertical rail,50T,P2,Below Worktop,FAB",PartiVertRail
"SFT,vertical rail,50T,P2,Below Worktop,FAB",PartiVertRail
"SFT,vertical rail,50T,P2,Below Worktop,FAB",PartiVertRail
"SFT,vertical rail,50T,P2,Below Worktop,FAB",PartiVertRail
"SFT,vertical rail,50T,P2,Below Worktop,FAB",PartiVertRail
"SFT,vertical rail,50T,P2,Below Worktop,FAB",PartiVertRail
"SFT,vertical rail,50T,P2,Below Worktop,FAB",PartiVertRail
"SFT, board for 25T, level1,thick fabric",PartPanelInfill
"SFT, board for 25T, level1,thick fabric",PartPanelInfill
"SFT, board for 25T, level1,thick fabric",PartPanelInfill
"SFT, board for 25T, level1,thick fabric",PartPanelInfill
"SFT, board for 25T, level1,thick fabric",PartPanelInfill
"SFT, board for 25T, level1,thick fabric",PartPanelInfill
"SFT, board for 25T, level1,thick fabric",PartPanelInfill
"SFT, board for 25T, level1,thick fabric",PartPanelInfill
"SFT, board for 25T, level1,thick fabric",PartPanelInfill
"SFT, board for 25T, level1,thick fabric",PartPanelInfill
"SFT, board for 25T, level1,thick fabric",PartPanelInfill
"SFT, board for 25T, level2,thick fabric",PartPanelInfill
"SFT, board for 25T, level2,thick fabric",PartPanelInfill
"SFT, board for 25T, level2,thick fabric",PartPanelInfill
"SFT, board for 25T, level2,thick fabric",PartPanelInfill
"SFT, board for 25T, level2,thick fabric",PartPanelInfill
"SFT, board for 25T, level2,thick fabric",PartPanelInfill
"SFT, board for 25T, level2,thick fabric",PartPanelInfill
"SFT, board for 25T, level2,thick fabric",PartPanelInfill
"SFT, board for 25T, level2,thick fabric",PartPanelInfill
"SFT, board for 25T, level2,thick fabric",PartPanelInfill
"SFT, board for 25T, level2,thick fabric",PartPanelInfill
"SFT, board for 25T, level3,thick fabric",PartPanelInfill
"SFT, board for 25T, level3,thick fabric",PartPanelInfill
"SFT, board for 25T, level3,thick fabric",PartPanelInfill
"SFT, board for 25T, level3,thick fabric",PartPanelInfill
"SFT, board for 25T, level3,thick fabric",PartPanelInfill
"SFT, board for 25T, level3,thick fabric",PartPanelInfill
"SFT, board for 25T, level3,thick fabric",PartPanelInfill
"SFT, board for 25T, level3,thick fabric",PartPanelInfill
"SFT, board for 25T, level3,thick fabric",PartPanelInfill
"SFT, board for 25T, level3,thick fabric",PartPanelInfill
"SFT, board for 25T, level3,thick fabric",PartPanelInfill
"SFT, 25T, honeycomb for metal core, level1",PartPanelInfill
"SFT, 25T, honeycomb for metal, level2",PartPanelInfill
"SFT, 25T, honeycomb for metal, level2",PartPanelInfill
"SFT, 25T, honeycomb for metal, level2",PartPanelInfill
"SFT, 25T, honeycomb for metal, level2",PartPanelInfill
"SFT, 25T, honeycomb for metal, level2",PartPanelInfill
"SFT, 25T, honeycomb for metal, level2",PartPanelInfill
"SFT, 25T, honeycomb for metal, level3",PartPanelInfill
"SFT, 25T, honeycomb for metal, level3",PartPanelInfill
"SFT, kraft for 25T LPL core level1",PartPanelInfill
"SFT,50T,honeycomb for metal,level1",PartPanelInfill
"SFT,50T,honeycomb for metal,level2",PartPanelInfill
"SFT,50T,honeycomb for metal,level1",PartPanelInfill
"SFT,50T,honeycomb for LPL,level1",PartPanelInfill
"SFT,50T,honeycomb for LPL,level1",PartPanelInfill
"SFT,end trim,25T,FIN,FAB",PanelTrim
"SFT,end trim,25T,FIN,FAB",PanelTrim
"SFT,end trim,25T,FIN,FAB",PanelTrim
"SFT,end trim,25T,FIN,FAB",PanelTrim
"SFT,end trim,25T,FIN,FAB",PanelTrim
"SFT,end trim,25T,FIN,FAB",PanelTrim
"SFT,end trim,25T,FIN,FAB",PanelTrim
"SFT,end trim,25T,FIN,FAB",PanelTrim
"SFT,end trim,25T,FIN,FAB",PanelTrim
"SFT,end trim,25T,FIN,FAB",PanelTrim
"SFT,end trim,25T,FIN,FAB",PanelTrim
"SFT,end trim,25T,FIN,FAB",PanelTrim
"SFT,end trim,25T,FIN,FAB",PanelTrim
"SFT,end trim,25T,FIN,FAB",PanelTrim
"SFT,end trim,25T,FIN,FAB",PanelTrim
"SFT,end trim,25T,FIN,FAB",PanelTrim
"SFT,end trim,25T,FIN,FAB",PanelTrim
"SFT,end trim,25T,FIN,FAB",PanelTrim
"SFT,end trim,25T,FIN,FAB",PanelTrim
"SFT,end trim,25T,FIN,FAB",PanelTrim
"SFT,end trim,50T,FIN,FAB",PanelTrim
"SFT,end trim,50T,FIN,FAB",PanelTrim
"SFT,end trim,50T,FIN,FAB",PanelTrim
"SFT,end trim,50T,FIN,FAB",PanelTrim
"SFT,end trim,50T,FIN,FAB",PanelTrim
"SFT,end trim,50T,FIN,FAB",PanelTrim
"SFT,end trim,50T,FIN,FAB",PanelTrim
"SFT,end trim,50T,FIN,FAB",PanelTrim
"SFT,end trim,50T,FIN,FAB",PanelTrim
"SFT,end trim,50T,FIN,FAB",PanelTrim
"SFT,end trim,50T,FIN,FAB",PanelTrim
"SFT,end trim,50T,FIN,FAB",PanelTrim
"SFT,end trim,50T,FIN,FAB",PanelTrim
"SFT,end trim,50T,FIN,FAB",PanelTrim
"SFT,end trim,50T,FIN,FAB",PanelTrim
"SFT,end trim,50T,FIN,FAB",PanelTrim
"SFT,end trim,50T,FIN,FAB",PanelTrim
"SFT,end trim,50T,FIN,FAB",PanelTrim
"Shift, Junction 25x25, FAB",PanelJunction
"Shift, Junction 25x25, FAB",PanelJunction
"Shift, Junction 25x25, FAB",PanelJunction
"Shift, Junction 25x25, FAB",PanelJunction
"Shift, Junction 25x25, FAB",PanelJunction
"Shift, Junction 25x25, FAB",PanelJunction
"Shift, Junction 25x25, FAB",PanelJunction
"Shift, Junction 25x25, FAB",PanelJunction
"Shift, Junction 25x25, FAB",PanelJunction
"Shift, Junction 25x25, FAB",PanelJunction
"Shift, Junction 25x25, FAB",PanelJunction
"Shift, Junction 25x25, FAB",PanelJunction
"Shift, Junction 25x25, FAB",PanelJunction
"Shift, Junction 25x25, FAB",PanelJunction
"Shift, Junction 25x25, FAB",PanelJunction
"Shift, Junction 25x25, FAB",PanelJunction
"Shift, Junction 25x25, FAB",PanelJunction
"Shift, Junction 25x25, FAB",PanelJunction
"Shift, Junction 25x25, FAB",PanelJunction
"Shift, Junction 25x25, FAB",PanelJunction
"Shift, Junction 25x25, FAB",PanelJunction
"Shift, Junction 25x25, FAB",PanelJunction
"Shift, Junction 25x25, FAB",PanelJunction
"Shift, Junction 25x25, FAB",PanelJunction
"Shift, Junction 25x25, FAB",PanelJunction
"Shift, Junction 25x25, FAB",PanelJunction
"Shift, Junction 25x25, FAB",PanelJunction
"Shift, Junction 25x25, FAB",PanelJunction
"Shift, Junction 25x25, FAB",PanelJunction
"Shift, Junction 25x25, FAB",PanelJunction
"Shift, Junction 25x25, FAB",PanelJunction
"Shift, Junction 25x50_50x25,FAB",PanelJunction
"Shift, Junction 25x50_50x25,FAB",PanelJunction
"Shift, Junction 25x50_50x25,FAB",PanelJunction
"Shift, Junction 25x50_50x25,FAB",PanelJunction
"Shift, Junction 25x50_50x25,FAB",PanelJunction
"Shift, Junction 25x50_50x25,FAB",PanelJunction
"Shift, Junction 25x50_50x25,FAB",PanelJunction
"Shift, Junction 25x50_50x25,FAB",PanelJunction
"Shift, Junction 25x50_50x25,FAB",PanelJunction
"Shift, Junction 25x50_50x25,FAB",PanelJunction
"Shift, Junction 25x50_50x25,FAB",PanelJunction
"Shift, Junction 25x50_50x25,FAB",PanelJunction
"Shift, Junction 25x50_50x25,FAB",PanelJunction
"Shift, Junction 25x50_50x25,FAB",PanelJunction
"Shift, Junction 25x50_50x25,FAB",PanelJunction
"Shift, Junction 25x50_50x25,FAB",PanelJunction
"Shift, Junction 25x50_50x25,FAB",PanelJunction
"Shift, Junction 25x50_50x25,FAB",PanelJunction
"Shift, Junction 25x50_50x25,FAB",PanelJunction
"Shift, Junction 25x50_50x25,FAB",PanelJunction
"Shift, Junction 25x50_50x25,FAB",PanelJunction
"Shift, Junction 25x50_50x25,FAB",PanelJunction
"Shift, Junction 25x50_50x25,FAB",PanelJunction
"Shift, Junction 25x50_50x25,FAB",PanelJunction
"Shift, Junction 25x50_50x25,FAB",PanelJunction
"Shift, Junction 25x50_50x25,FAB",PanelJunction
"Shift, Junction 25x50_50x25,FAB",PanelJunction
"Shift, Junction 25x50_50x25,FAB",PanelJunction
"Shift, Junction 25x50_50x25,FAB",PanelJunction
"Shift, Junction 25x50_50x25,FAB",PanelJunction
"Shift, Junction 25x50_50x25,FAB",PanelJunction
"Shift, Junction 25x50_50x25,FAB",PanelJunction
"Shift, Junction 25x50_50x25,FAB",PanelJunction
"Shift, Junction 25x50_50x25,FAB",PanelJunction
"Shift, Junction 25x50_50x25,FAB",PanelJunction
"Shift, Junction 25x50_50x25,FAB",PanelJunction
"Shift, Junction 25x50_50x25,FAB",PanelJunction
"Shift, Junction 25x50_50x25,FAB",PanelJunction
"Shift, Junction 25x50_50x25,FAB",PanelJunction
"Shift, Junction 25x50_50x25,FAB",PanelJunction
"Shift, Junction 25x50_50x25,FAB",PanelJunction
"Shift, Junction 25x50_50x25,FAB",PanelJunction
"Shift, Junction 25x50_50x25,FAB",PanelJunction
"Shift, Junction 25x50_50x25,FAB",PanelJunction
"Shift, Junction 25x50_50x25,FAB",PanelJunction
"Shift, Junction 25x50_50x25,FAB",PanelJunction
"Shift, Junction 25x50_50x25,FAB",PanelJunction
"Shift, Junction 25x50_50x25,FAB",PanelJunction
"Shift, Junction 25x50_50x25,FAB",PanelJunction
"Shift, Junction 25x50_50x25,FAB",PanelJunction
"Shift, Junction 25x50_50x25,FAB",PanelJunction
"Shift, Junction 25x50_50x25,FAB",PanelJunction
"Shift, Junction 25x50_50x25,FAB",PanelJunction
"Shift, Junction 25x50_50x25,FAB",PanelJunction
"Shift, Junction 25x50_50x25,FAB",PanelJunction
"Shift, Junction 25x50_50x25,FAB",PanelJunction
"Shift, Junction 25x50_50x25,FAB",PanelJunction
"Shift, Junction 25x50_50x25,FAB",PanelJunction
"Shift, Junction 25x50_50x25,FAB",PanelJunction
"Shift, Junction 25x50_50x25,FAB",PanelJunction
"Shift, Junction 25x50_50x25,FAB",PanelJunction
"Shift, Junction 25x50_50x25,FAB",PanelJunction
"Shift, Junction 25x50_50x25,FAB",PanelJunction
"Shift, Junction 25x50_50x25,FAB",PanelJunction
"Shift, Junction 25x50_50x25,FAB",PanelJunction
"Shift, Junction 25x50_50x25,FAB",PanelJunction
"Shift, Junction 25x50_50x25,FAB",PanelJunction
"Shift, Junction 25x50_50x25,FAB",PanelJunction
"Shift, Junction 25x50_50x25,FAB",PanelJunction
"Shift, Junction 25x50_50x25,FAB",PanelJunction
"Shift, Junction 25x50_50x25,FAB",PanelJunction
"Shift, Junction 50x50,FAB",PanelJunction
"Shift, Junction 50x50,FAB",PanelJunction
"Shift, Junction 50x50,FAB",PanelJunction
"Shift, Junction 50x50,FAB",PanelJunction
"Shift, Junction 50x50,FAB",PanelJunction
"Shift, Junction 50x50,FAB",PanelJunction
"Shift, Junction 50x50,FAB",PanelJunction
"Shift, Junction 50x50,FAB",PanelJunction
"Shift, Junction 50x50,FAB",PanelJunction
"Shift, Junction 50x50,FAB",PanelJunction
"Shift, Junction 50x50,FAB",PanelJunction
"Shift, Junction 50x50,FAB",PanelJunction
"Shift, Junction 50x50,FAB",PanelJunction
"Shift, Junction 50x50,FAB",PanelJunction
"Shift, Junction 50x50,FAB",PanelJunction
"Shift, Junction 50x50,FAB",PanelJunction
"Shift, Junction 50x50,FAB",PanelJunction
"Shift, Junction 50x50,FAB",PanelJunction
"Shift, Junction 50x50,FAB",PanelJunction
"Shift, Junction 50x50,FAB",PanelJunction
"Shift, Junction 50x50,FAB",PanelJunction
"Shift, Junction 50x50,FAB",PanelJunction
"Shift, Junction 50x50,FAB",PanelJunction
"Shift, Junction 50x50,FAB",PanelJunction
"Shift, Junction 50x50,FAB",PanelJunction
"Shift, Junction 50x50,FAB",PanelJunction
"Shift, Junction 50x50,FAB",PanelJunction
"Shift, Junction 50x50,FAB",PanelJunction
"Shift, Junction 50x50,FAB",PanelJunction
"Shift, Junction 50x50,FAB",PanelJunction
"Shift, Junction 50x50,FAB",PanelJunction
"Shift, Junction 50x50,FAB",PanelJunction
"Shift, Junction 50x50,FAB",PanelJunction
"Shift, Junction 50x50,FAB",PanelJunction
"Shift, Junction 50x50,FAB",PanelJunction
"Shift, Junction 50x50,FAB",PanelJunction
"Shift, Junction 50x50,FAB",PanelJunction
"Shift, Junction 50x50,FAB",PanelJunction
"Shift, Junction 50x50,FAB",PanelJunction
"Shift, Junction 50x50,FAB",PanelJunction
"Shift, Junction 50x50, 120D, fabricated",PanelJunction
"Shift, Junction 50x50, 120D, fabricated",PanelJunction
"Shift, Junction 50x50, 120D, fabricated",PanelJunction
"Shift, Junction 50x50, 120D, fabricated",PanelJunction
"Shift, Junction 50x50, 120D, fabricated",PanelJunction
"Shift, Junction 50x50, 120D, fabricated",PanelJunction
"Shift, Junction 50x50, 120D, fabricated",PanelJunction
"Shift, Junction 50x50, 120D, fabricated",PanelJunction
"Shift, Junction 50x50, 120D, fabricated",PanelJunction
"Shift, Junction 50x50, 120D, fabricated",PanelJunction
"Shift, Junction 50x50, 120D, fabricated",PanelJunction
"Shift, Junction 50x50, 120D, fabricated",PanelJunction
"Shift, Junction 50x50, 120D, fabricated",PanelJunction
"Shift, Junction 50x50, 120D, fabricated",PanelJunction
"Shift, Junction 50x50, 120D, fabricated",PanelJunction
"Shift, Junction 50x50, 120D, fabricated",PanelJunction
"Shift, Junction 50x50, 120D, fabricated",PanelJunction
"Shift, Junction 50x50, 120D, fabricated",PanelJunction
"Shift, Junction 50x50, 120D, fabricated",PanelJunction
"Shift, Junction 50x50, 120D, fabricated",PanelJunction
"Shift, Junction 50x50, 120D, fabricated",PanelJunction
"Shift, Junction 50x50, 120D, fabricated",PanelJunction
"Shift, Junction 50x50, 120D, fabricated",PanelJunction
"Shift, Junction 50x50, 120D, fabricated",PanelJunction
"Shift, Junction 50x50, 120D, fabricated",PanelJunction
"Shift, Junction 50x50, 120D, fabricated",PanelJunction
"Shift, Junction 50x50, 120D, fabricated",PanelJunction
"Shift, Junction 50x50, 120D, fabricated",PanelJunction
"Shift, Junction 50x50, 120D, fabricated",PanelJunction
"Shift, Junction 50x50, 120D, fabricated",PanelJunction
"Shift, Frame leg, U-shape,LH,FAB",FrameLeg
"Shift, Frame leg, U-shape,LH,FAB",FrameLeg
"Shift, Frame leg, U-shape,LH,FAB",FrameLeg
"Shift, Frame leg, U-shape,RH,FAB",FrameLeg
"Shift, Frame leg, U-shape,RH,FAB",FrameLeg
"Shift, Frame leg, U-shape,RH,FAB",FrameLeg
"Shift, Frame leg, U-shape for monolithic, LH,FAB",FrameLeg
"Shift, Frame leg, U-shape for monolithic, LH,FAB",FrameLeg
"Shift, Frame leg, U-shape for monolithic, LH,FAB",FrameLeg
"Shift, Frame leg, U-shape for monolithic, RH,FAB",FrameLeg
"Shift, Frame leg, U-shape for monolithic, RH,FAB",FrameLeg
"Shift, Frame leg, U-shape for monolithic, RH,FAB",FrameLeg
"SFT, board for fabric Lateral screen, thick fabric",PartPanelInfill
"SFT, board for fabric Lateral screen, thick fabric",PartPanelInfill
"SFT, board for fabric Lateral screen, thick fabric",PartPanelInfill
"SFT, board for fabric Lateral screen, thick fabric",PartPanelInfill
"SFT, board for fabric Lateral screen, thick fabric",PartPanelInfill
"SFT, board for fabric Lateral screen, thick fabric",PartPanelInfill
"SFT, board for fabric Lateral screen, thick fabric",PartPanelInfill
"SFT, board for fabric Lateral screen, thick fabric",PartPanelInfill
"BuzziDesk screen, Honeycomb",ScreenInFill
"BuzziDesk screen, Honeycomb",ScreenInFill
"BuzziDesk screen, Honeycomb",ScreenInFill
"BuzziDesk screen, Honeycomb",ScreenInFill
"BuzziDesk screen, Honeycomb",ScreenInFill
"BuzziDesk screen, Honeycomb for HAT double",ScreenInFill
"BuzziDesk screen, Honeycomb for HAT double",ScreenInFill
"BuzziDesk screen, Honeycomb for HAT double",ScreenInFill
"BuzziDesk screen, Honeycomb for HAT double",ScreenInFill
"BuzziDesk screen, Honeycomb for HAT double",ScreenInFill
"BuzziDesk screen, Honeycomb for HAT single",ScreenInFill
"BuzziDesk screen, Honeycomb for HAT single",ScreenInFill
"BuzziDesk screen, Honeycomb for HAT single",ScreenInFill
"BuzziDesk screen, Honeycomb for HAT single",ScreenInFill
"BuzziDesk screen, Honeycomb for HAT single",ScreenInFill
"BuzziDesk screen, Frame for HAT double,FAB",DeskScreenFrame
"BuzziDesk screen, Frame for HAT double,FAB",DeskScreenFrame
"BuzziDesk screen, Frame for HAT double,FAB",DeskScreenFrame
"BuzziDesk screen, Frame for HAT double,FAB",DeskScreenFrame
"BuzziDesk screen, Frame for HAT double,FAB",DeskScreenFrame
"BuzziDesk screen, Frame for HAT single,FAB",DeskScreenFrame
"BuzziDesk screen, Frame for HAT single,FAB",DeskScreenFrame
"BuzziDesk screen, Frame for HAT single,FAB",DeskScreenFrame
"BuzziDesk screen, Frame for HAT single,FAB",DeskScreenFrame
"BuzziDesk screen, Frame for HAT single,FAB",DeskScreenFrame
"BuzziScreen thread,NYLON,white M10 TEX270 840/3 750M",Yarn
"BuzziScreen thread,NYLON,black M10 TEX270 840/3 750M",Yarn
Brown tape,Tape
"Nut, GB13681-92, M6.5x5.5, HexagonNut",Nut
"6mm steel, pickled steel board, 560*155",MetalSheets
"Desk SCRN FRM,equre WT-For Fabric",DeskScreenFrame
"Desk SCRN FRM,equre WT-For Fabric",DeskScreenFrame
"Desk SCRN FRM,equre WT-For Fabric",DeskScreenFrame
"Desk SCRN FRM,equre WT-For Fabric",DeskScreenFrame
"Desk SCRN FRM,equre WT-For Fabric",DeskScreenFrame
"Desk SCRN FRM,epure WT-For Tackable Infill",DeskScreenFrame
"Desk SCRN FRM,epure WT-For Tackable Infill",DeskScreenFrame
"Desk SCRN FRM,epure WT-For Tackable Infill",DeskScreenFrame
"Desk SCRN FRM,epure WT-For Tackable Infill",DeskScreenFrame
"Desk SCRN FRM,epure WT-For Tackable Infill",DeskScreenFrame
"Epure hung screen bracket,FAB",Bracket
"AP,Epure linking plate, FAB",TableConnector
"Epure BKT for intermediate leg, fabricated",TopSupport
"Epure, Stiffener for bench,FAB",Beam
"Epure, Stiffener for bench,FAB",Beam
"Epure, Stiffener for bench,FAB",Beam
"Epure, Stiffener for bench,FAB",Beam
"AP,EpureOpenableTray,Cover",CableTray
"AP,EpureOpenableTray,Cover",CableTray
"Openable cable tray,FAB",CableTray
"Openable cable tray,FAB",CableTray
"Openable cable tray,FAB",CableTray
"Openable cable tray,FAB",CableTray
"Openable cable tray,FAB",CableTray
"Openable cable tray,FAB",CableTray
"Epure desk screen plate,FAB",Bracket
Brush for LPL flip top,Brush
Brush for LPL flip top,Brush
Brush for LPL flip top,Brush
"Bracket for Epure WT mounted,FAB",Bracket
"MetricScrew, GB70.3, M10x25, CountersunkHead, Hexagonal",MetricScrew
"Epure Metal Plate For Wood,FAB",TopSupport
"EPURE,bracket for Alu leg,FAB",LegConnector
"AP,EpureAluminumLeg,TechHeight,FAB",Tableleg
"Beam LH, FAB",Beam
"Beam RH, FAB",Beam
"Beam mid, FAB",Beam
"Electric Linear Actuator, IC parts",Column
"Electric Linear Actuator, IC parts",Column
"Electric Linear Actuator, IC parts",Column
"Electric Linear Actuator, IC parts",Column
"Electric Linear Actuator, IC parts",Column
"Electric Linear Actuator, IC parts",Column
"Electric Linear Actuator, IC parts",Column
"Electric Linear Actuator, IC parts",Column
"Electric Linear Actuator, IC parts",Column
"Electric Linear Actuator, IC parts",Column
"Electric Linear Actuator, IC parts",Column
"Electric Linear Actuator, IC parts",Column
"Electric Linear Actuator, IC parts",Column
"Electric Linear Actuator, IC parts",Column
"Electric Linear Actuator, IC parts",Column
"Electric Linear Actuator, IC parts",Column
"Electric Linear Actuator, IC parts",Column
"Electric Linear Actuator, IC parts",Column
"Electric Linear Actuator, IC parts",Column
"Electric Linear Actuator, IC parts",Column
"HAT 1st pitch tube,FAB",Column
"HAT 1st pitch tube with welding BKT,FAB",Column
"HAT 2nd pitch tube,FAB",Column
"HAT 3rd pitch tube,FAB",Column
"Side bracket, FAB",TopSupport
"Foot plate for Rec, FAB",DeskFoot
"Foot plate for Rec, FAB",DeskFoot
"Foot plate for Rec, IC parts",DeskFoot
"Foot plate for Rec, IC parts",DeskFoot
"Foot plate for Rec, IC parts",DeskFoot
"Foot plate for Rec, IC parts",DeskFoot
"Foot plate for Rec, IC parts",DeskFoot
"Foot plate for Rec, IC parts",DeskFoot
"Foot plate for Rec, IC parts",DeskFoot
"Foot plate for Rec, IC parts",DeskFoot
"Foot plate for Rec, IC parts",DeskFoot
"Foot plate for Rec, IC parts",DeskFoot
"Foot plate for Rec, IC parts",DeskFoot
"Foot plate for Rec, IC parts",DeskFoot
"Foot plate for Rec, IC parts",DeskFoot
"Foot plate for Rec, IC parts",DeskFoot
"Foot plate for Rec, IC parts",DeskFoot
"Foot plate for Rec, IC parts",DeskFoot
"Foot plate for Rec, IC parts",DeskFoot
"Foot plate for Rec, IC parts",DeskFoot
"Foot plate for Rec, IC parts",DeskFoot
Controller,ControlUnit
Control box,ControlUnit
Control box,ControlUnit
Glide for Rec HAT,GlideFurniture
"Foot block for Rec, FAB",DeskFoot
"Rec HAT foot block,IC",DeskFoot
"Rec HAT foot block,IC",DeskFoot
"Rec HAT foot block,IC",DeskFoot
"Rec HAT foot block,IC",DeskFoot
"Rec HAT foot block,IC",DeskFoot
"Rec HAT foot block,IC",DeskFoot
"Rec HAT foot block,IC",DeskFoot
"Rec HAT foot block,IC",DeskFoot
"Rec HAT foot block,IC",DeskFoot
"Rec HAT foot block,IC",DeskFoot
HAT cable tie,CableTie
Power wire,PowerCable
Power wire,PowerCable
Power wire CN,PowerCable
Power wire,PowerCable
Power wire,PowerCable
Power wire,PowerCable
Power wire KR,PowerCable
Power wire,PowerCable
HAT mechanical structure,MiscCtrlUnitAcc
HAT motor,MiscCtrlUnitAcc
HAT motor spacer,Spacer
HAT motor bearing,Bearings
HAT plastic cap for Moto,MiscHardware
HAT small ring,FootRing
HAT small ring,FootRing
HAT small ring,FootRing
HAT big ring,FootRing
HAT big ring,FootRing
HAT big ring,FootRing
HAT M6*16 for leg & side bkt,MetricScrew
HAT M6*10 for motor box,MetricScrew
HAT Washer GT/T 93  6,Washer
HAT self screw,WoodFurnitScrew
Alen Key 5,MiscHardware
HAT carton box,PackagingCarton
Bottom foam of packing for beam,Foams
HAT Top foam of packing for leg,Foams
HAT top flat foam cover,Foams
HAT big slider,MiscHardware
HAT small slider,MiscHardware
HAT rubber pad,Spacer
HAT lubricating grease,Grease
Shaft spacer 902,Spacer
E shape spring,CompressSpring
M4*25  screw,MetricScrew
CM5*12 cup head screw,MetricScrew
Washer 807 for motor,Washer
"Tape,backing",Tape
"Intuity, Base_angled Housing,fixed",Housing
"Intuity, Base-angled housing for caster",Housing
"Intuity, base-straight housing, fixed",Housing
"Intuity, Base-straight housing for caster",Housing
"Intuity base-straight housing, extension",Housing
"Glide Furniture, Hard, PA6, M8X30",GlideFurniture
"SFT,glide,17mm",GlideFurniture
"Intuity TopSupport,mid-span,FIN",TopSupport
"Intuity TopSupport,mid-span,FIN",TopSupport
"Intuity TopSupport,mid-span,FAB",TopSupport
"End cap,Rail,Double side,Part,FAB",Endcap
"End cap,single side,LH, FAB",Endcap
"End cap,single side,RH, FAB",Endcap
"Cover for end cap, sigle side,FAB",Endcap
"Universal rail,double side,FAB",RailProfile
"Universal rail,double side,FAB",RailProfile
"Universal rail,double side,FAB",RailProfile
"Universal rail,double side,FAB",RailProfile
"Bench rail,Double side,Ceiling,Part,FAB",RailProfile
"Bench rail,Double side,Ceiling,Part,FAB",RailProfile
"Bench rail,Double side,Ceiling,Part,FAB",RailProfile
"Bench rail,Double side,Ceiling,Part,FAB",RailProfile
"Bench rail,Double side,Ceiling,Part,FAB",RailProfile
"Universal-NON ceiling rail Single side,FAB",RailProfile
"Universal-NON ceiling rail Single side,FAB",RailProfile
"Universal-NON ceiling rail Single side,FAB",RailProfile
"Universal-NON ceiling rail Single side,FAB",RailProfile
"Universal-NON ceiling rail Single side,FAB",RailProfile
"RH Uni-ceiling rail Single side,FAB",RailProfile
"RH Uni-ceiling rail Single side,FAB",RailProfile
"RH Uni-ceiling rail Single side,FAB",RailProfile
"RH Uni-ceiling rail Single side,FAB",RailProfile
"RH Uni-ceiling rail Single side,FAB",RailProfile
"LH Uni-ceiling rail Single side,FAB",RailProfile
"LH Uni-ceiling rail Single side,FAB",RailProfile
"LH Uni-ceiling rail Single side,FAB",RailProfile
"LH Uni-ceiling rail Single side,FAB",RailProfile
"LH Uni-ceiling rail Single side,FAB",RailProfile
"SFT,L-bracket,for frame shared leg,FAB",Bracket
"Intuity end screen brakect,FAB",Bracket
Receiver for shelf screen,Bracket
fabric cover for AP Fabric screen,Fabric
Hung & Bench screen end rail,RailProfile
Hung & Bench screen end rail,RailProfile
Hung & Bench screen end rail,RailProfile
Hung & Bench screen end rail,RailProfile
Hung & Bench screen end rail,RailProfile
Fabric cover for HAT frameless screen,Fabric
Fabric cover for HAT frameless screen,Fabric
Fabric cover for HAT frameless screen,Fabric
Fabric cover for HAT frameless screen,Fabric
Fabric cover for HAT frameless tall screen,Fabric
Fabric cover for HAT frameless tall screen,Fabric
Fabric cover for HAT frameless tall screen,Fabric
Fabric cover for HAT frameless tall screen,Fabric
Fabric cover for HAT frameless tall screen,Fabric
"Intuity, Nylon spacer,Velcro",Spacer
"Cable tie,Intuity",CableTie
"HAT cable tray, FAB",CableTray
"HAT cable tray, FAB",CableTray
"HAT cable tray, FAB",CableTray
"HAT cable tray, FAB",CableTray
"Intuity, A-leg for single WS, LH,FAB",Tableleg
"Intuity, A-leg for single WS, LH,FAB",Tableleg
"Intuity, A-leg for single WS, LH,FAB",Tableleg
"Intuity, A-leg for single WS, LH,FAB",Tableleg
"Intuity, Straight extension tube for tech height,FAB",Tableleg
"Intuity, Angled extension tube for tech height,FAB",Tableleg
"Epure straight extension,FAB",Column
"Intuity single side A leg, RH,FAB",Tableleg
"Intuity single side A leg, RH,FAB",Tableleg
"Intuity single side A leg, RH,FAB",Tableleg
"Intuity single side A leg, RH,FAB",Tableleg
"Intuity Beam,main beam,FAB",Beam
"Intuity Beam,main beam,FAB",Beam
"Intuity Beam,main beam,FAB",Beam
"Intuity Beam,main beam,FAB",Beam
"Intuity Beam,main beam,FAB",Beam
"Intuity Beam,main beam,FAB",Beam
"Intuity Beam,main beam,FAB",Beam
"Intuity Beam,main beam,FAB",Beam
"Intuity Beam,main beam,FAB",Beam
"Intuity Beam,main beam,FAB",Beam
"Intuity Beam,90 deg return beam,FAB",Beam
"Intuity Beam,90 deg return beam,FAB",Beam
"Intuity Beam,90 deg return beam,FAB",Beam
"Intuity Beam,90 deg return beam,FAB",Beam
"Intuity Beam,90 deg return beam,FAB",Beam
"Intuity Beam,120 deg return beam,FIN",Beam
"Intuity Beam,120 deg return beam,FIN",Beam
"Intuity Beam,120 deg return beam,FIN",Beam
"Intuity Beam,120 deg return beam,FIN",Beam
"Intuity Beam,120 deg return beam,FAB",Beam
"Intuity Beam,120 deg return beam,FAB",Beam
"Intuity Beam,120 deg return beam,FAB",Beam
"Intuity Beam,120 deg return beam,FAB",Beam
"Intuity Beam,main beam,FIN",Beam
"Intuity Beam,main beam,FIN",Beam
"Intuity Beam,main beam,FIN",Beam
"Intuity Beam,main beam,FIN",Beam
"Intuity Beam,main beam,FIN",Beam
"Intuity Beam,main beam,FIN",Beam
"Intuity Beam,main beam,FIN",Beam
"Intuity Beam,main beam,FIN",Beam
"Intuity Beam,main beam,FIN",Beam
"Intuity Beam,main beam,FIN",Beam
"Intuity Beam,main beam,FIN",Beam
"Intuity Beam,main beam,FIN",Beam
"Intuity Beam,90 deg return beam,FIN",Beam
"Intuity Beam,90 deg return beam,FIN",Beam
"Intuity Beam,90 deg return beam,FIN",Beam
"Intuity Beam,90 deg return beam,FIN",Beam
"Intuity Beam,90 deg return beam,FIN",Beam
"IT,Double A leg accent plate cover,FAB",AccentPlate
"IT,Double A leg accent plate cover,FAB",AccentPlate
"IT,Double A leg accent plate cover,FAB",AccentPlate
"IT,Double A leg accent plate cover,FAB",AccentPlate
"IT,Double A leg accent plate cover,FAB",AccentPlate
"IT,Single A leg accent plate cover,LH,FAB",AccentPlate
"IT,Single A leg accent plate cover,LH,FAB",AccentPlate
"IT,Single A leg accent plate cover,LH,FAB",AccentPlate
"IT,Single A leg accent plate cover,LH,FAB",AccentPlate
"IT,Single A leg accent plate cover,RH,FAB",AccentPlate
"IT,Single A leg accent plate cover,RH,FAB",AccentPlate
"IT,Single A leg accent plate cover,RH,FAB",AccentPlate
"IT,Single A leg accent plate cover,RH,FAB",AccentPlate
"IT,Single f leg accent plate cover,FAB",AccentPlate
"IT,Single f leg accent plate cover,FAB",AccentPlate
"IT,Single f leg accent plate cover,FAB",AccentPlate
"IT,Single f leg accent plate cover,FAB",AccentPlate
"IT,Double F leg accent plate cover,FAB",AccentPlate
"IT,Double F leg accent plate cover,FAB",AccentPlate
"IT,Double F leg accent plate cover,FAB",AccentPlate
"IT,Double F leg accent plate cover,FAB",AccentPlate
"IT,Double F leg accent plate cover,FAB",AccentPlate
"Accent plate,Angled,Double side,Part,FAB",AccentPlate
"Accent plate,Angled,Double side,Part,FAB",AccentPlate
"Accent plate,Angled,Double side,Part,FAB",AccentPlate
"Accent plate,Angled,Double side,Part,FAB",AccentPlate
"Accent plate,Angled,Double side,Part,FAB",AccentPlate
"IT,Single A leg accent plate,LH,FAB",AccentPlate
"IT,Single A leg accent plate,LH,FAB",AccentPlate
"IT,Single A leg accent plate,LH,FAB",AccentPlate
"IT,Single A leg accent plate,LH,FAB",AccentPlate
"IT,Single A leg accent plate,RH,FAB",AccentPlate
"IT,Single A leg accent plate,RH,FAB",AccentPlate
"IT,Single A leg accent plate,RH,FAB",AccentPlate
"IT,Single A leg accent plate,RH,FAB",AccentPlate
"IT,Single F leg accent plate,FAB",AccentPlate
"IT,Single F leg accent plate,FAB",AccentPlate
"IT,Single F leg accent plate,FAB",AccentPlate
"IT,Single F leg accent plate,FAB",AccentPlate
"IT,Double F leg accent plate,FAB",AccentPlate
"IT,Double F leg accent plate,FAB",AccentPlate
"IT,Double F leg accent plate,FAB",AccentPlate
"IT,Double F leg accent plate,FAB",AccentPlate
"IT,Double F leg accent plate,FAB",AccentPlate
"Intuity double side A leg,FAB",Tableleg
"Intuity double side A leg,FAB",Tableleg
"Intuity double side A leg,FAB",Tableleg
"Intuity double side A leg,FAB",Tableleg
"Intuity double side A leg,FAB",Tableleg
"Intuity, A-leg for single WS, LH,FAB",Tableleg
"Intuity, A-leg for single WS, LH,FAB",Tableleg
"Intuity, A-leg for single WS, LH,FAB",Tableleg
"Intuity, A-leg for single WS, LH,FAB",Tableleg
"Intuity single side A leg, RH,FAB",Tableleg
"Intuity single side A leg, RH,FAB",Tableleg
"Intuity single side A leg, RH,FAB",Tableleg
"Intuity single side A leg, RH,FAB",Tableleg
"IT,F-LEG,Single side,LH,Fixed, FAB",Tableleg
"IT,F-LEG,Single side,LH,Fixed, FAB",Tableleg
"IT,F-LEG,Single side,LH,Fixed, FAB",Tableleg
"IT,F-LEG,Single side,LH,Fixed, FAB",Tableleg
"Intuity,F-leg,Single side,Fixed height,RH,Assy,FAB",Tableleg
"Intuity,F-leg,Single side,Fixed height,RH,Assy,FAB",Tableleg
"Intuity,F-leg,Single side,Fixed height,RH,Assy,FAB",Tableleg
"Intuity,F-leg,Single side,Fixed height,RH,Assy,FAB",Tableleg
"IT,F-LEG,Single side,LH,Fixed, FAB",Tableleg
"IT,F-LEG,Single side,LH,Fixed, FAB",Tableleg
"IT,F-LEG,Single side,LH,Fixed, FAB",Tableleg
"IT,F-LEG,Single side,LH,Fixed, FAB",Tableleg
"Intuity,F-leg,Single side,Fixed height,RH,Assy,FAB",Tableleg
"Intuity,F-leg,Single side,Fixed height,RH,Assy,FAB",Tableleg
"Intuity,F-leg,Single side,Fixed height,RH,Assy,FAB",Tableleg
"Intuity,F-leg,Single side,Fixed height,RH,Assy,FAB",Tableleg
"Intuity,Frame leg,Double side,Fixed height,Assy,FAB",Tableleg
"Intuity,Frame leg,Double side,Fixed height,Assy,FAB",Tableleg
"Intuity,Frame leg,Double side,Fixed height,Assy,FAB",Tableleg
"Intuity,Frame leg,Double side,Fixed height,Assy,FAB",Tableleg
"Intuity,Frame leg,Double side,Fixed height,Assy,FAB",Tableleg
"Intuity, A-leg for Single WS, Share, PC, FAB",Tableleg
"Intuity,Frame leg,Single side,Shared,Support,Assy,FAB",Tableleg
"Intuity,Frame leg,Single side,Shared,Support,Assy,FAB",Tableleg
"Acrylic screen BKT, FAB",Bracket
EVA foam for Intuity acrylic screen,Spacer
"Intuity,Pole leg,Main body,Assy,FAB",Tableleg
"Intuity,Pole leg,Main body,Assy,FAB",Tableleg
"Dob side cable tray bracket, for rail,FAB",CableHolder
"Rail Bracket for Modesty Screen,FAB",Bracket
"CastorsFurniture,Ø50mm, ScrewIn, braked, M8",CastorsFurnit
"Desk screen acrylic, Gasket",MiscConnector
"Desk screen acrylic, Gasket",MiscConnector
"Desk screen acrylic, Gasket",MiscConnector
"Desk screen acrylic, Gasket",MiscConnector
"Desk screen acrylic, Gasket",MiscConnector
"Bracket for Intuity and Tibas WT mounted,FAB",Bracket
"Desk screen acrylic, End cap,FAB",Endcap
"Intuity, Base-angled housing, fixed assy",GlideFurniture
"Intuity,base-straight housing,fixed assy",GlideFurniture
"Intuity, Base-angled housing, extension Assy",GlideFurniture
"Intuity, base-straight housing,extension assy",GlideFurniture
"Intuity base-angle,fixed with SHIFT leg",GlideFurniture
"Intuity base-straight,fixed with glide SHIFT leg",GlideFurniture
"Welding Bracket for modesty, rail,FAB",Bracket
"LPL core for sitbench, Sitbench",SitBenchSeat
"Parkbench, main beam for seating, fabricated",Beam
"Parkbench, main beam for seating, fabricated",Beam
"Parkbench, main beam for seating, fabricated",Beam
"Parkbench, main beam for seating, fabricated",Beam
"Parkbench, small beam for seating, fabricated",Beam
"Parkbench, small beam for seating, fabricated",Beam
"Parkbench, small beam for seating, fabricated",Beam
"Parkbench, small beam for seating, fabricated",Beam
"Timber leg for sitbench, LH",ChairLeg
"Timber leg for sitbench, LH",ChairLeg
"Timber leg for sitbench, RH",ChairLeg
"Timber leg for sitbench, RH",ChairLeg
"Top bracket for umbilical cord, FAB",Bracket
"HAT SCRN FRM,DBL Bench-For Fabric",BenchScreenFrm
"HAT SCRN FRM,DBL Bench-For Fabric",BenchScreenFrm
"HAT SCRN FRM,DBL Bench-For Fabric",BenchScreenFrm
"HAT SCRN FRM,DBL Bench-For Fabric",BenchScreenFrm
"HAT SCRN FRM,DBL Bench-For Fabric",BenchScreenFrm
"HAT SCRN FRM,DBL Bench-For Tackable Infill",BenchScreenFrm
"HAT SCRN FRM,DBL Bench-For Tackable Infill",BenchScreenFrm
"HAT SCRN FRM,DBL Bench-For Tackable Infill",BenchScreenFrm
"HAT,Cable trunk,Single side,Trunk body,Assy,FAB",CableTrunk
"HAT,Cable trunk,Single side,Trunk body,Assy,FAB",CableTrunk
"HAT,Cable trunk,Single side,Trunk body,Assy,FAB",CableTrunk
"HAT,Cable trunk,Single side,Trunk body,Assy,FAB",CableTrunk
"HAT,Cable trunk,Single side,Trunk body,Assy,FAB",CableTrunk
"HAT SCRN FRM,SGL Bench-For Fabric",BenchScreenFrm
"HAT SCRN FRM,SGL Bench-For Fabric",BenchScreenFrm
"HAT SCRN FRM,SGL Bench-For Fabric",BenchScreenFrm
"HAT SCRN FRM,SGL Bench-For Fabric",BenchScreenFrm
"HAT SCRN FRM,SGL Bench-For Tackable Infill",BenchScreenFrm
"HAT SCRN FRM,SGL Bench-For Tackable Infill",BenchScreenFrm
"HAT SCRN FRM,SGL Bench-For Tackable Infill",BenchScreenFrm
"HAT SCRN FRM,SGL Bench-For Tackable Infill",BenchScreenFrm
"Bottom bracket for umbilical cord, FAB",Bracket
"Cross beam assy for Parkbench sitting height, fabricated",CrossBeam
"Cross beam assy for Parkbench sitting height, fabricated",CrossBeam
"Cross beam assy for Parkbench sitting height, fabricated",CrossBeam
Timber top for sitbench,SitBenchSeat
Timber top for sitbench,SitBenchSeat
"Parkbench, Accent plate for seating table, fabricated",AccentPlate
"Parkbench, Accent plate for seating table, fabricated",AccentPlate
"Parkbench, Accent plate for seating table, fabricated",AccentPlate
"M8x20.00, CountersunkHead, HexagonalSocket, NA, NA/GB70.3",MetricScrew
"Parkbench end cap for central tray, fabricated",Bracket
"Parkbench Central tray, fabricated",CableTray
"Parkbench Central tray, fabricated",CableTray
"Park Bench Flip cover, FAB",CableOutlet
"Park Bench socket plate, FAB",FacePlate
"Park Bench socket plate, FAB",FacePlate
"Park Bench socket plate, FAB",FacePlate
"Park Bench bracket for socketplate, LH, fabricated",Bracket
"Park Bench bracket for socketplate, RH, fabricated",Bracket
"Central Tray Bracket for 25mmTable Top, fabricated",Bracket
"Parkbench, metal leg for Seating table,LH, painted",Tableleg
"Parkbench, metal leg for Seating table,RH, fabricated",Tableleg
"Parkbench, Timber leg for Seating table, LH",Tableleg
"Parkbench, Timber leg for Seating table, LH",Tableleg
"Parkbench, Timber leg for Seating table, RH",Tableleg
"Parkbench, Timber leg for Seating table, RH",Tableleg
"Bottom cover for central tray, fabricated",Bracket
"End frame for sitbench, Parkbench, fabricated",Bracket
"Metal leg for sitbench, LH, Parkbench, fabricated",ChairLeg
"Metal leg for sitbench, RH, Parkbench, fabricated",ChairLeg
Cushion foam for Sitbench,SeatCushion
"Side frame for sitbench, Parkbench, fabricated",Bracket
"Bracket for Sitbench cushion, fabricated",Bracket
Black rope,Yarn
Umbilical Channel 1,CableSleeve
Umbilical Channel 2,CableSleeve
"HAT umbilical cord btm bracket to trunk,FAB",Bracket
"HAT frame,freestanding,SQ electric.",DeskFrame
"HAT frame,freestanding,SQ electric.",DeskFrame
"HAT frame,freestanding,SQ electric.",DeskFrame
"HAT frame,freestanding,SQ electric.",DeskFrame
"HAT frame,freestanding,SQ electric.",DeskFrame
"HAT frame,freestanding,SQ electric.",DeskFrame
"HAT frame,freestanding,SQ electric.",DeskFrame
"HAT frame,freestanding,SQ electric.",DeskFrame
"HAT frame,freestanding,SQ electric.",DeskFrame
"HAT frame,freestanding,SQ electric.",DeskFrame
"HAT frame,freestanding,SQ electric.",DeskFrame
"HAT frame,freestanding,SQ electric.",DeskFrame
"HAT frame,freestanding,SQ electric.",DeskFrame
"HAT frame,freestanding,SQ electric.",DeskFrame
"HAT frame,freestanding,SQ electric.",DeskFrame
"HAT frame,freestanding,SQ electric.",DeskFrame
"HAT frame,freestanding,SQ electric.",DeskFrame
"HAT frame,freestanding,SQ electric.",DeskFrame
"HAT frame,freestanding,SQ electric.",DeskFrame
"HAT frame,freestanding,SQ electric.",DeskFrame
"HAT frame,freestanding,SQ electric.",DeskFrame
"HAT frame,freestanding,SQ electric.",DeskFrame
"HAT frame,freestanding,SQ electric.",DeskFrame
"HAT frame,freestanding,SQ electric.",DeskFrame
"Double INTER-leg cover, fixed,FAB",MiscTblFrameAcc
"Double intermediate leg,FAB",Tableleg
"Double intermediate leg,FAB",Tableleg
"Single INTER-leg cover,LH, fixed, fabricated",MiscTblFrameAcc
"Single INTER-leg cover,LH, fixed, fabricated",MiscTblFrameAcc
"Single INTER-leg cover,RH, fixed, fabricated",MiscTblFrameAcc
"Single INTER-leg cover,RH, fixed, fabricated",MiscTblFrameAcc
"Single INTER-leg cover,LH, adjustable,FAB",MiscTblFrameAcc
"Single INTER-leg cover,LH, adjustable,FAB",MiscTblFrameAcc
"Single  INTER-leg cover,RH, adjustable,FAB",MiscTblFrameAcc
"Single  INTER-leg cover,RH, adjustable,FAB",MiscTblFrameAcc
"Epure SG inter leg,tech-height,FAB",Tableleg
"Epure SG inter leg,tech-height,FAB",Tableleg
"Intuity rail mount bkt,plstic",Bracket
Intuity hung screen bracket,Bracket
"Double leg connector,SQ, trunk,FAB",LegConnector
"Double leg connector,SQ, trunk,FAB",LegConnector
"Double leg connector,SQ, trunk,FAB",LegConnector
"Double leg connector,SQ, trunk,FAB",LegConnector
"Double leg connector,RE, trunk,FAB",LegConnector
"Double leg connector,RE, trunk,FAB",LegConnector
"Double leg connector,RE, trunk,FAB",LegConnector
"Double leg connector,RE, trunk,FAB",LegConnector
"Double leg connector,SQ,trunk&screen,FAB",LegConnector
"Double leg connector,SQ,trunk&screen,FAB",LegConnector
"Double leg connector,SQ,trunk&screen,FAB",LegConnector
"Double leg connector,SQ,trunk&screen,FAB",LegConnector
"Double leg connector,SQ,screen,FAB",LegConnector
"Double leg connector,SQ,screen,FAB",LegConnector
"Double leg connector,SQ,screen,FAB",LegConnector
"Double leg connector,SQ,screen,FAB",LegConnector
"Double leg connector,RE,trunk&screen,FAB",LegConnector
"Double leg connector,RE,trunk&screen,FAB",LegConnector
"Double leg connector,RE,trunk&screen,FAB",LegConnector
"Double leg connector,RE,trunk&screen,FAB",LegConnector
"Double leg connector,RE,screen,FAB",LegConnector
"Double leg connector,RE,screen,FAB",LegConnector
"Double leg connector,RE,screen,FAB",LegConnector
"Double leg connector,RE,screen,FAB",LegConnector
"Double leg connector,RD, trunk,FAB",LegConnector
"Double leg connector,RD, trunk,FAB",LegConnector
"Double leg connector,RD, trunk,FAB",LegConnector
"Double leg connector,RD, trunk,FAB",LegConnector
"Double leg connector,RD,trunk&screen,FAB",LegConnector
"Double leg connector,RD,trunk&screen,FAB",LegConnector
"Double leg connector,RD,trunk&screen,FAB",LegConnector
"Double leg connector,RD,trunk&screen,FAB",LegConnector
"Double leg connector,RD,screen,FAB",LegConnector
"Double leg connector,RD,screen,FAB",LegConnector
"Double leg connector,RD,screen,FAB",LegConnector
"Double leg connector,RD,screen,FAB",LegConnector
"Single leg connector,SQ, RH,W/ trunk, FAB",LegConnector
"Single leg connector,SQ, RH,W/ trunk, FAB",LegConnector
"Single leg connector,SQ, RH,W/ trunk, FAB",LegConnector
"Single leg connector,SQ, RH,W/ trunk, FAB",LegConnector
"Single leg connector,SQ, LH,W/ trunk, FAB",LegConnector
"Single leg connector,SQ, LH,W/ trunk, FAB",LegConnector
"Single leg connector,SQ, LH,W/ trunk, FAB",LegConnector
"Single leg connector,SQ, LH,W/ trunk, FAB",LegConnector
"Single leg connector,SQ, RH,W/O trunk, FAB",LegConnector
"Single leg connector,SQ, RH,W/O trunk, FAB",LegConnector
"Single leg connector,SQ, RH,W/O trunk, FAB",LegConnector
"Single leg connector,SQ, RH,W/O trunk, FAB",LegConnector
"Single leg connector,RE,RH,W/ trunk FAB",LegConnector
"Single leg connector,RE,RH,W/ trunk FAB",LegConnector
"Single leg connector,RE,RH,W/ trunk FAB",LegConnector
"Single leg connector,RE,RH,W/ trunk FAB",LegConnector
"Single leg connector,RE,LH,W/ trunk FAB",LegConnector
"Single leg connector,RE,LH,W/ trunk FAB",LegConnector
"Single leg connector,RE,LH,W/ trunk FAB",LegConnector
"Single leg connector,RE,LH,W/ trunk FAB",LegConnector
"Single leg connector,RE,  RH,W/O trunk FAB",LegConnector
"Single leg connector,RE,  RH,W/O trunk FAB",LegConnector
"Single leg connector,RE,  RH,W/O trunk FAB",LegConnector
"Single leg connector,RE,  RH,W/O trunk FAB",LegConnector
"Single leg connector,RD,  RH,W/ trunk FAB",LegConnector
"Single leg connector,RD,  RH,W/ trunk FAB",LegConnector
"Single leg connector,RD,  RH,W/ trunk FAB",LegConnector
"Single leg connector,RD,  RH,W/ trunk FAB",LegConnector
"Single leg connector,RD, LH,W/ trunk FAB",LegConnector
"Single leg connector,RD, LH,W/ trunk FAB",LegConnector
"Single leg connector,RD, LH,W/ trunk FAB",LegConnector
"Single leg connector,RD, LH,W/ trunk FAB",LegConnector
"Single leg connector,RD,RH,W/O trunk FAB",LegConnector
"Single leg connector,RD,RH,W/O trunk FAB",LegConnector
"Single leg connector,RD,RH,W/O trunk FAB",LegConnector
"Single leg connector,RD,RH,W/O trunk FAB",LegConnector
"HAT,Floor feed connector,120 degree,Bottom plate,Part,FAB",LegConnector
"HAT,Floor feed connector,120 degree,Column,Part,FAB",LegConnector
"HAT,Floor feed connector,120 degree,Top plate,Part,FAB",LegConnector
"HAT,Floor feed connector,120 degree,Top cover,For screen and",LegConnector
"HAT,Floor feed connector,120 degree,Top cover,For trunk,Part",LegConnector
"HAT,Floor feed connector,120 degree,Top cover,For screen,Par",LegConnector
"JIS screw,M8*55",MetricScrew
"HAT SCRN FRM,SGL Bench-For Fabric",BenchScreenFrm
"HAT SCRN FRM,SGL Bench-For Fabric",BenchScreenFrm
"HAT SCRN FRM,SGL Bench-For Fabric",BenchScreenFrm
"HAT SCRN FRM,SGL Bench-For Fabric",BenchScreenFrm
"HAT SCRN FRM,SGL Bench-For Fabric",BenchScreenFrm
"HAT SCRN FRM,SGL Bench-For Tackable Infill",BenchScreenFrm
"HAT SCRN FRM,SGL Bench-For Tackable Infill",BenchScreenFrm
"HAT SCRN FRM,SGL Bench-For Tackable Infill",BenchScreenFrm
"HAT SCRN FRM,SGL Bench-For Tackable Infill",BenchScreenFrm
"HAT SCRN FRM,SGL Bench-For Tackable Infill",BenchScreenFrm
"HAT SCRN FRM,DBL Bench-For Fabric",BenchScreenFrm
"HAT SCRN FRM,DBL Bench-For Fabric",BenchScreenFrm
"HAT SCRN FRM,DBL Bench-For Fabric",BenchScreenFrm
"HAT SCRN FRM,DBL Bench-For Fabric",BenchScreenFrm
"HAT SCRN FRM,DBL Bench-For Fabric",BenchScreenFrm
"HAT SCRN FRM,DBL Bench-For Tackable Infill",BenchScreenFrm
"HAT SCRN FRM,DBL Bench-For Tackable Infill",BenchScreenFrm
"HAT SCRN FRM,DBL Bench-For Tackable Infill",BenchScreenFrm
"HAT SCRN FRM,DBL Bench-For Tackable Infill",BenchScreenFrm
"HAT SCRN FRM,DBL Bench-For Tackable Infill",BenchScreenFrm
"HAT,Square leg connector,120 degree mid,Trunk,Assy,FAB",LegConnector
"HAT,Square leg connector,120 degree mid,Trunk,Assy,FAB",LegConnector
"HAT,Square leg connector,120 degree mid,Trunk,Assy,FAB",LegConnector
"HAT,Square leg connector,120 degree mid,Trunk,Assy,FAB",LegConnector
"HAT,Round leg connector,120 degree mid,Trunk,Assy,FAB",LegConnector
"HAT,Round leg connector,120 degree mid,Trunk,Assy,FAB",LegConnector
"HAT,Round leg connector,120 degree mid,Trunk,Assy,FAB",LegConnector
"HAT,Round leg connector,120 degree mid,Trunk,Assy,FAB",LegConnector
"HAT,Square leg connector,120 degree mid,Non trunk,Assy,FAB",LegConnector
"HAT,Square leg connector,120 degree mid,Non trunk,Assy,FAB",LegConnector
"HAT,Square leg connector,120 degree mid,Non trunk,Assy,FAB",LegConnector
"HAT,Square leg connector,120 degree mid,Non trunk,Assy,FAB",LegConnector
"HAT,Round leg connector,120 degree mid,Non trunk,Assy,FAB",LegConnector
"HAT,Round leg connector,120 degree mid,Non trunk,Assy,FAB",LegConnector
"HAT,Round leg connector,120 degree mid,Non trunk,Assy,FAB",LegConnector
"HAT,Round leg connector,120 degree mid,Non trunk,Assy,FAB",LegConnector
Washer GB/T 97.1-1985 M6,Washer
"MetricScrew, GB70.3, M5x14, CountersunkHead, HexagonalSocket",MetricScrew
"BuzziDesk frame,1700,FAB, A-0000000070",DeskScreenFrame
"BuzziDesk frame,1500,FAB, A-0000000077",DeskScreenFrame
"BuzziDesk frame,1300,FAB, A-0000000078",DeskScreenFrame
"BuzziDesk frame,1000,FAB, A-0000000082",DeskScreenFrame
Buzzi brown tape with logo A-0000000203,Tape
"Buzzi GLIDE CAP TRANSPARANT, A-0000000211",Endcap
"Buzzi plastic extrusion,2000 A-0000000218",Spacer
BuzziSpace tag A-0000000339,ProductLabel
"Buzzi bolt M8x37 DIN 464, A-0000002289",MetricScrew
"Buzzi GLIDE M8x35, A-0000002290",MetricScrew
"Buzzi velcro Pad 32x32x1 Loop, A-0000003397",Tape
Welding nut M8 for A000049301,Nut
SCR 1/4-20X7/8  PH HEX PAT,MetricScrew
"Adapter,glide,fliptop,FAB",Sleeve
"MD,Adhesive,hot, Henkel TECHNOMELT KS 3567",Glue
Adhesive CA50 GEL,Glue
"Glue, Novattane 2100, 21007S",Glue
"Arm kit,X99,seminar,export",ArmrestAssy
"Arm kit,mesh,seminar,X99, Export",ArmrestAssy
"Arm,fixed,LH,FAB,CONF",ArmrestSupport
"Arm,fixed,RH,FAB,CONF",ArmrestSupport
"Arm,fixed,LH,CONF polished,.#ACTRM",ArmrestSupport
"Arm,fixed,RH,CONF polished,.#ACTRM",ArmrestSupport
"BRACKET,LOCK,FORWARD TILT",SeatingControl
"Arm,SUB cap,LH,side stool, Very,.#ACPLS",ArmCap
"Arm,SUB cap,LH,side stool, Very,.#ACPLS",ArmCap
"Arm,SUB cap,RH,side stool, Very,.#ACPLS",ArmCap
"Arm,SUB cap,RH,side stool, Very,.#ACPLS",ArmCap
"Arm,tablet,casting,ASSY,LH, Very,.#ACTAC",WriteTableFrame
"Arm,tablet,casting,ASSY,RH, Very,.#ACTAC",WriteTableFrame
"AL flip top, single, outbound FAB, .#MMW W",CableOutlet
"AL flip top, single, outbound FAB, .#MMW W",CableOutlet
"AL flip top, single, outbound FAB, .#MMW W",CableOutlet
Stopper of Mech,MiscMechComp
"Arm,planes C leg",TopSupport
"Aloha ref arm,R, .#ACPLS",ArmrestAssy
"Aloha ref arm,R,.#ACPLS",ArmrestAssy
"Aloha ref arm,L, .#ACPLS",ArmrestAssy
"Aloha ref arm,L,.#ACPLS",ArmrestAssy
"PLUG,ARMLESS,LH,PLASTIC,FERN, BLACK,EXPORT",Endcap
"PLUG,ARMLESS,LH,PLASTIC,FERN, FOG,EXPORT",Endcap
"PLUG,ARMLESS,LH,PLASTIC,FERN, SNOW,EXPORT",Endcap
"PLUG,ARMLESS,RH,PLASTIC,FERN, BLACK,EXPORT",Endcap
"PLUG,ARMLESS,RH,PLASTIC,FERN, FOG,EXPORT",Endcap
"PLUG,ARMLESS,RH,PLASTIC,FERN, SNOW,EXPORT",Endcap
"INNER SHELL, ARM, LH, POPPY CHAIR",SeatShell
"INNER SHELL, ARM, RH, POPPY CHAIR",SeatShell
"ARM,COLUMN,1D,CAP ASSY,PAIR",ArmrestAssy
"ARM,COLUMN,1D,CAP ASSY,PAIR",ArmrestAssy
"ARM,COLUMN,1D,CAP ASSY,PAIR",ArmrestAssy
"COLUMN, ARM, 4D, PAIR, ASSY W/ BLACK CAP",ArmrestAssy
"COLUMN, ARM, 4D, PAIR, ASSY W/ FOG CAP",ArmrestAssy
"White COLUMN, ARM, 4D, PAIR W/ FOG CAP",ArmrestAssy
"ARM KIT, LH&RH,PAIR,Aloha Acti ,.#ACPLS",ArmrestAssy
"ARM KIT, LH&RH,PAIR,Aloha Acti ,.#ACPLS",ArmrestAssy
"Zody Arm,complete kit,4D,LH, self skin ,.#ACPLS",ArmrestAssy
"Zody Arm,complete kit,4D,LH, self skin ,.#ACPLS",ArmrestAssy
"Zody Arm,complete kit,4D,LH, self skin ,.#ACPLS",ArmrestAssy
"zodyArm,complete kit,4D,RH, self skin  ,.#ACPLS",ArmrestAssy
"zodyArm,complete kit,4D,RH, self skin ,.#ACPLS",ArmrestAssy
"zodyArm,complete kit,4D,RH, self skin ,.#ACPLS",ArmrestAssy
"zodyArm,complete kit,HGT ADJ,L self skin ,.#ACPLS",ArmrestAssy
"zodyArm,complete kit,HGT ADJ,L self skin ,.#ACPLS",ArmrestAssy
"zodyArm,complete kit,HGT ADJ,L self skin ,.#ACPLS",ArmrestAssy
"zodyArm,complete kit,HGT ADJ,R self skin ,.#ACPLS",ArmrestAssy
"zodyArm,complete kit,HGT ADJ,R self skin ,.#ACPLS",ArmrestAssy
"zodyArm,complete kit,HGT ADJ,R self skin ,.#ACPLS",ArmrestAssy
"ARM CAP,LH,PROJ530,.*ACPLS, FOR SIDE CHAIR",ArmCap
"ARM CAP,LH,PROJ530,.*ACPLS, FOR SIDE CHAIR",ArmCap
"ARM CAP,LH,PROJ530,.*ACPLS, FOR SIDE CHAIR",ArmCap
"ARM CAP,LH,PROJ530,.*ACPLS, FOR SIDE CHAIR",ArmCap
"ARM CAP,LH,PROJ530,.*ACPLS, FOR SIDE CHAIR",ArmCap
"ARM CAP,LH,PROJ530,.*ACPLS, FOR SIDE CHAIR",ArmCap
"ARM CAP,RH,PROJ530,.*ACPLS, FOR SIDE CHAIR",ArmCap
"ARM CAP,RH,PROJ530,.*ACPLS, FOR SIDE CHAIR",ArmCap
"ARM CAP,RH,PROJ530,.*ACPLS, FOR SIDE CHAIR",ArmCap
"ARM CAP,RH,PROJ530,.*ACPLS, FOR SIDE CHAIR",ArmCap
"ARM CAP,RH,PROJ530,.*ACPLS, FOR SIDE CHAIR",ArmCap
"ARM CAP,RH,PROJ530,.*ACPLS, FOR SIDE CHAIR",ArmCap
"Plastic Arm support LH ,.#ACPLS",ArmrestSupport
"Plastic Arm support LH ,.#ACPLS",ArmrestSupport
"Plastic Arm support RH ,.#ACPLS",ArmrestSupport
"Plastic Arm support RH ,.#ACPLS",ArmrestSupport
"ARM SUPPORT, FIXED, LH, RAW",ArmrestSupport
"ARM SUPPORT, FIXED, RH, RAW",ArmrestSupport
"ARM SUPPORT, FIXED, LH, POLISH",ArmrestSupport
"ARM SUPPORT, FIXED, RH, POLISH",ArmrestSupport
"Arm, pivot, cast, Tablet, Maari, Poppy",WriteTableFrame
"Arm weldment, Tablet, Maari, Poppy",ArmUpright
"ARM ASSY, UPPER, LH, 4D, .#ACPLS, DAYTONA",ArmrestAssy
"ARM ASSY, UPPER, LH, 4D, .#ACPLS, DAYTONA",ArmrestAssy
"ARM ASSY, UPPER, LH, 4D, .#ACPLS, DAYTONA",ArmrestAssy
"ARM ASSY, UPPER, RH, 4D, .#ACPLS, DAYTONA",ArmrestAssy
"ARM ASSY, UPPER, RH, 4D, .#ACPLS, DAYTONA",ArmrestAssy
"ARM ASSY, UPPER, RH, 4D, .#ACPLS, DAYTONA",ArmrestAssy
"ARM ASSY, UPPER, LH, 1D, .#ACPLS, DAYTONA",ArmrestAssy
"ARM ASSY, UPPER, LH, 1D, .#ACPLS, DAYTONA",ArmrestAssy
"ARM ASSY, UPPER, LH, 1D, .#ACPLS, DAYTONA",ArmrestAssy
"ARM ASSY, UPPER, RH, 1D, .#ACPLS, DAYTONA",ArmrestAssy
"ARM ASSY, UPPER, RH, 1D, .#ACPLS, DAYTONA",ArmrestAssy
"ARM ASSY, UPPER, RH, 1D, .#ACPLS, DAYTONA",ArmrestAssy
"Washer,flat,3/8X.438X1.00",Washer
"SCR,6-18X.625,FLT,PH,A,B GB846, 3.5*16, zinc coated",WoodFurnitScrew
"SCR,8-15x.750,flt,ph,a,b GB846, 4.2*19, zinc coated",WoodFurnitScrew
"SCR,10-12,X1.500",WoodFurnitScrew
"SCR.10-16x.750,pan GB845, 4.8*19 ,zinc coated",WoodFurnitScrew
"SCR,10-12x1.00,trs,ph,z GB845 4.8*25, zinc coated",WoodFurnitScrew
"MD,Staple",Staples
"MD,Staple 1004J",Staples
"Body,caster,leg, .#ACPLS",CastorsFurnit
"Body,caster,leg, .#ACPLS",CastorsFurnit
"EDGEBANDING,ABS,2MMT,31MMH .#ACEGB",Edgebanding
"EDGEBANDING,ABS,2MMT,31MMH .#ACEGB",Edgebanding
"EDGEBANDING,ABS,2MMT,31MMH .#ACEGB",Edgebanding
"EDGEBANDING,ABS,2MMT,31MMH .#ACEGB",Edgebanding
"EDGEBANDING,ABS,2MMT,31MMH .#ACEGB",Edgebanding
"EDGEBANDING,ABS,2MMT,31MMH .#ACEGB",Edgebanding
"EDGEBANDING,ABS,2MMT,31MMH .#ACEGB",Edgebanding
"EDGEBANDING,ABS,2MMT,31MMH .#ACEGB",Edgebanding
"EDGEBANDING,ABS,2MMT,31MMH .#ACEGB",Edgebanding
"EDGEBANDING,ABS,2MMT,31MMH .#ACEGB",Edgebanding
"EDGEBANDING,ABS,2*31 8843WB",Edgebanding
"EDGEBANDING,ABS,2MMT,31MMH .#ACEGB",Edgebanding
"EDGEBANDING,ABS,2MMT,31MMH .#ACEGB",Edgebanding
"EDGEBANDING,ABS,2MMT,31MMH .#ACEGB",Edgebanding
"Edgebanding,ABS,2mm*31mm, CE015 Sinowolf, N/A: F0870NT",Edgebanding
"CE016 FORMICA, EDGEBAND: 6055NT",Edgebanding
"CE017 Sinowolf, WP10899",Edgebanding
"CE018 REHAU 012958, Figured Annigre 1360B 1mm",Edgebanding
"CE019 Haworth, Haworth EDGE: HP-PW Ply-Edge",Edgebanding
"CE020 Sinowolf, n/a:F0909",Edgebanding
"CE021 FORMICA, EDGEBAND:5364NT",Edgebanding
"EDGEBANDING,ABS, .#ACEGB, 2MMT,31MMH",Edgebanding
"EDGEBANDING,ABS, .#ACEGB, 2MMT,31MMH",Edgebanding
"Sinwolf, Beige HP034 , 2*31",Edgebanding
"Sinwolf, Putty HP0AA , 2*31",Edgebanding
"Sinwolf, Natural Beech HP0CC , 2*31",Edgebanding
"Sinwolf, Copper Beech HP0CA , 2*31",Edgebanding
"Sinwolf, Ivory HP0CF , 2*31",Edgebanding
"Sinwolf, 2357 , 2*31",Edgebanding
"CE032 REHAU 012958, 9049NT",Edgebanding
"CE035 Sinowolf, with wood grain: 8844 NT",Edgebanding
CE036 LITMAX : R-68129-A TB-2,Edgebanding
"EDGEBANDING,ABS, .#ACEGB, 2MMT,31MMH",Edgebanding
"EDGEBANDING,ABS, .#ACEGB, 2MMT,31MMH",Edgebanding
"EDGEBANDING,ABS,2MMT,31MMH .#ACEGB",Edgebanding
"EDGEBANDING,ABS,2MMT,31MMH .#ACEGB",Edgebanding
"EDGEBANDING,ABS,2MMT,31MMH .#ACEGB",Edgebanding
"EDGEBANDING,ABS,2MMT,31MMH .#ACEGB",Edgebanding
"EDGEBANDING,ABS,2MMT,31MMH",Edgebanding
"EDGEBANDING,ABS,2MMT,31MMH",Edgebanding
"EDGEBANDING,ABS,2MMT,31MMH",Edgebanding
"EDGEBANDING,ABS,2MMT,31MMH .#ACEGB",Edgebanding
"EDGEBANDING,ABS,2MMT,31MMH .#ACEGB",Edgebanding
"EDGEBANDING,ABS,2MMT,31MMH",Edgebanding
"EDGEBANDING,ABS,2MMT,31MMH .#ACEGB",Edgebanding
"EDGEBANDING,ABS,2MMT,31MMH .#ACEGB",Edgebanding
"EDGEBANDING,ABS,2MMT,31MMH",Edgebanding
"EDGEBANDING,ABS,2MMT,31MMH",Edgebanding
"Edgebanding,ABS,2MMT,31MMH, .#ACEGB",Edgebanding
"EDGEBANDING,ABS,2MMT,31MMH",Edgebanding
"EDGEBANDING,ABS,2MMT,31MMH",Edgebanding
"EDGEBANDING,ABS,2MMT,31MMH",Edgebanding
"EDGEBANDING,ABS,2MMT,31MMH",Edgebanding
"Edgebanding,ABS,1mm, 35mm width,.#ACEGB",Edgebanding
"Edgebanding,ABS,1mm, 35mm width,.#ACEGB",Edgebanding
"Edgebanding,ABS,1mm, 35mm width,.#ACEGB",Edgebanding
"Edgebanding,ABS,1mm, 35mm width,.#ACEGB",Edgebanding
"Edgebanding,ABS,1mm, 35mm width,.#ACEGB",Edgebanding
"Edgebanding,ABS,1mm, 35mm width,.#ACEGB",Edgebanding
"Edgebanding,ABS,1mm, 35mm width,.#ACEGB",Edgebanding
"Sinowolf, Edg-banding ABS, 1*35mm,CE013, WP3897",Edgebanding
"Edgebanding,ABS,1mm, 35mm width,.#ACEGB",Edgebanding
"Edgebanding,ABS,1mm*35mm, CE015 Sinowolf, N/A: F0870NT",Edgebanding
"Edgebanding,ABS,1mm*35mm, CE021 FORMICA, EDGEBAND:5364NT",Edgebanding
"Edgebanding,ABS, .#ACEGB, 1mm*35mm",Edgebanding
"Sinwolf, Beige HP034 , 1*35",Edgebanding
"Sinwolf, Putty HP0AA , 1*35",Edgebanding
"Sinwolf, Natural Beech HP0CC , 1*35",Edgebanding
"Sinwolf, Copper Beech HP0CA , 1*35",Edgebanding
"Sinwolf, Ivory HP0CF , 1*35",Edgebanding
"CE029 Sinwolf, 2357",Edgebanding
"REHAU 012958,9049NT",Edgebanding
"CE035 Sinowolf, with wood grain: 8844 NT",Edgebanding
"Edgebanding,ABS,1mm, 35mm width,.#ACEGB",Edgebanding
"Edgebanding,ABS,1mm, 35mm width,.#ACEGB",Edgebanding
"Edgebanding,ABS,1mm, 35mm width,.#ACEGB",Edgebanding
"Edgebanding,ABS,1mm, 35mm width,.#ACEGB",Edgebanding
"Edgebanding,ABS,1mm, 35mm width",Edgebanding
"Edgebanding,ABS,1mm, 35mm width",Edgebanding
"Edgebanding,ABS,1mm, 35mm width",Edgebanding
"Edgebanding,ABS,1mm, 35mm width,.#ACEGB",Edgebanding
"Edgebanding,ABS,1mm, 35mm width,.#ACEGB",Edgebanding
"Edgebanding,ABS,1mm, 35mm width",Edgebanding
"Edgebanding,ABS,1mm, 35mm width,.#ACEGB",Edgebanding
"Edgebanding,ABS,1mm, 35mm width,.#ACEGB",Edgebanding
"Edgebanding,ABS,1mm, 35mm width",Edgebanding
"Edgebanding,ABS,1mm, 35mm width",Edgebanding
"Edgebanding,ABS,1mm, 35mm width,.#ACEGB",Edgebanding
"Edgebanding,ABS,1mm, 35mm width",Edgebanding
"Edgebanding,ABS,1mm, 35mm width",Edgebanding
"Edgebanding,ABS,1mm, 35mm width",Edgebanding
"Edgebanding,ABS,1mm, 35mm width",Edgebanding
"Back,lumbar,ASSY,ADV SPRG .#ACPLS",LumbarAssy
"Back,lumbar,ASSY,ADV SPRG, .#ACPLS",LumbarAssy
"Back,lumbar,ASSY,ADV SPRG, .#ACPLS",LumbarAssy
"Back,lumbar,ASSY,ADV SPRG, .#ACPLS",LumbarAssy
"Frame,back ASSY .#ACMSH,.#ACPLS",BackRestAssy
"Frame,back ASSY .#ACMSH,.#ACPLS",BackRestAssy
"Frame,back ASSY .#ACMSH,.#ACPLS",BackRestAssy
"Frame,back ASSY .#ACMSH,.#ACPLS",BackRestAssy
"Frame,back ASSY .#ACMSH,.#ACPLS",BackRestAssy
"Frame,back ASSY .#ACMSH,.#ACPLS",BackRestAssy
"Frame,back ASSY .#ACMSH,.#ACPLS",BackRestAssy
"Frame,back ASSY .#ACMSH,.#ACPLS",BackRestAssy
"Frame,back ASSY .#ACMSH,.#ACPLS",BackRestAssy
"Frame,back ASSY .#ACMSH,.#ACPLS",BackRestAssy
"Frame,back ASSY .#ACMSH,.#ACPLS",BackRestAssy
"Frame,back ASSY .#ACMSH,.#ACPLS",BackRestAssy
"Frame,back ASSY .#ACMSH,.#ACPLS",BackRestAssy
"Frame,back ASSY .#ACMSH,.#ACPLS",BackRestAssy
"Frame,back ASSY .#ACMSH,.#ACPLS",BackRestAssy
"Frame,back ASSY .#ACMSH,.#ACPLS",BackRestAssy
"Frame,back ASSY .#ACMSH,.#ACPLS",BackRestAssy
"Frame,back ASSY .#ACMSH,.#ACPLS",BackRestAssy
"Frame,back ASSY .#ACMSH,.#ACPLS",BackRestAssy
"Frame,back ASSY .#ACMSH,.#ACPLS",BackRestAssy
"Frame,back ASSY .#ACMSH,.#ACPLS",BackRestAssy
"Frame,back ASSY .#ACMSH,.#ACPLS",BackRestAssy
"Frame,back ASSY .#ACMSH,.#ACPLS",BackRestAssy
"Frame,back ASSY .#ACMSH,.#ACPLS",BackRestAssy
"Frame,back ASSY .#ACMSH, .#ACPLS",BackRestAssy
"Frame,back ASSY .#ACMSH, .#ACPLS",BackRestAssy
"Frame,back ASSY .#ACMSH, .#ACPLS",BackRestAssy
"Frame,back ASSY .#ACMSH, .#ACPLS",BackRestAssy
"Frame,back ASSY .#ACMSH, .#ACPLS",BackRestAssy
"Frame,back ASSY .#ACMSH, .#ACPLS",BackRestAssy
"Frame,back ASSY .#ACMSH, .#ACPLS",BackRestAssy
"Frame,back ASSY .#ACMSH, .#ACPLS",BackRestAssy
"Frame,back ASSY .#ACMSH, .#ACPLS",BackRestAssy
"Frame,back ASSY .#ACMSH, .#ACPLS",BackRestAssy
"Frame,back ASSY .#ACMSH, .#ACPLS",BackRestAssy
"Frame,back ASSY .#ACMSH, .#ACPLS",BackRestAssy
"Frame,back ASSY .#ACMSH, .#ACPLS",BackRestAssy
"Frame,back ASSY .#ACMSH, .#ACPLS",BackRestAssy
"Frame,back ASSY .#ACMSH, .#ACPLS",BackRestAssy
"Frame,Mesh back ASSY, .*ACMSH .#ACPLS",BackRestAssy
"Frame,Mesh back ASSY, .*ACMSH .#ACPLS",BackRestAssy
"Frame,Mesh back ASSY, .*ACMSH .#ACPLS",BackRestAssy
"Frame,Mesh back ASSY, .*ACMSH .#ACPLS",BackRestAssy
"Frame,Mesh back ASSY, .*ACMSH .#ACPLS",BackRestAssy
"Frame,Mesh back ASSY, .*ACMSH .#ACPLS",BackRestAssy
"Frame,Mesh back ASSY, .*ACMSH .#ACPLS",BackRestAssy
"Frame,Mesh back ASSY, .*ACMSH .#ACPLS",BackRestAssy
"Frame,Mesh back ASSY, .*ACMSH .#ACPLS",BackRestAssy
"Back,upright,left,SEM,X99",BackUpright
"Back,upright,right,SEM,X99",BackUpright
"Back,shell,Very side, seminar, CONF,.#ACPLS",BackrestFrame
"Back,shell,Very side, seminar, CONF,.#ACPLS",BackrestFrame
"Back,shell,Very side, seminar, CONF,.#ACPLS",BackrestFrame
"Back,shell,Very side, seminar, CONF,.#ACPLS",BackrestFrame
"Back,shell,Very side, seminar, CONF,.#ACPLS",BackrestFrame
"Back,shell,Very side, seminar, CONF,.#ACPLS",BackrestFrame
"Back,shell,Very side, seminar, CONF,.#ACPLS",BackrestFrame
"Back,shell,Very side, seminar, CONF,.#ACPLS",BackrestFrame
"Back,shell,Very side,seminar, CONF,.#ACPLS",BackrestFrame
"Back,shell,Very side,seminar, CONF,.#ACPLS",BackrestFrame
"Back ASSY,Very task, .#ACMSH ,.#ACPLS",BackRestAssy
"Back ASSY,Very task, .#ACMSH ,.#ACPLS",BackRestAssy
"Back ASSY,Very task, .#ACMSH ,.#ACPLS",BackRestAssy
"Back ASSY,Very task, .#ACMSH ,.#ACPLS",BackRestAssy
"Back ASSY,Very task, .#ACMSH ,.#ACPLS",BackRestAssy
"Back ASSY,Very task, .#ACMSH ,.#ACPLS",BackRestAssy
"Back ASSY,Very task, .#ACMSH ,.#ACPLS",BackRestAssy
"Back ASSY,Very task, .#ACMSH ,.#ACPLS",BackRestAssy
"Back ASSY,Very task, .#ACMSH ,.#ACPLS",BackRestAssy
"Back ASSY,Very task, .#ACMSH ,.#ACPLS",BackRestAssy
"Back ASSY,Very task, .#ACMSH ,.#ACPLS",BackRestAssy
"Back ASSY,Very task, .#ACMSH ,.#ACPLS",BackRestAssy
"Back ASSY,Very task, .#ACMSH ,.#ACPLS",BackRestAssy
"Back ASSY,Very task, .#ACMSH ,.#ACPLS",BackRestAssy
"Back ASSY,Very task, .#ACMSH, .#ACPLS",BackRestAssy
"Back ASSY,Very task, .#ACMSH, .#ACPLS",BackRestAssy
"Back ASSY,Very task, .#ACMSH, .#ACPLS",BackRestAssy
"Back ASSY,Very task, .#ACMSH, .#ACPLS",BackRestAssy
SPACER FOR METAL MODESTY SCREEN,Bracket
PKG Pip colla column,PseudoPack
"CT002 Haworth,Sold: IBM Blue",PowderCoat
"CT004 AKZO 013341, Metallic Champagne",PowderCoat
"CT005 DULUX, Precious Nickle Pearl 88360",PowderCoat
"CT006 AKZO 013341, Moss",PowderCoat
"CT007 AKZO 013341, Tangerine",PowderCoat
"CT011 DGL Camel 061044, Gloss: Teal",PowderCoat
CT012 DULUX : White Satin 1139S,PowderCoat
CT013 AKZO 013341 : Sliver,PowderCoat
CT014 AKZO 013341 : Charcoal Grey,PowderCoat
CT015 AKZO 013341 : RAL 51,PowderCoat
CT016 AKZO 013341 : RAL 742,PowderCoat
CT017 AKZO 013341 : Black,PowderCoat
CT018 Linglong 954777 : Tellure Spring,PowderCoat
CT019 Longli : RAL 9016,PowderCoat
CT020 Linglong 954777: Apple White (TR0AP),PowderCoat
"CT021 Linglong 954777, black: RN139",PowderCoat
"CT022 Linglong 954777, black sand: RN152S",PowderCoat
"CT023 Linglong 954777, Patone: 107",PowderCoat
CT024 Tiger 061105: 009/4924,PowderCoat
CT025 Linglong 954777 : China White (TR0AW),PowderCoat
CT026 Tiger 061105: 009/3495,PowderCoat
"Paint,powdercoat,hybrid .#ACTRM",PowderCoat
"Paint,powdercoat,hybrid .#ACTRM",PowderCoat
"Paint,powdercoat,hybrid .#ACTRM",PowderCoat
CT030 Linglong 954777 :rn145,PowderCoat
CT031 AKZO 013341: Patone code 368,PowderCoat
CT032 DULUX: SURMIST SATIN 2721137S,PowderCoat
"CT033 TIGER 061105, 59/90852; Silver ME/SGL",PowderCoat
CT034 AKZO 013341: Grey CC007800 S50EL,PowderCoat
CT035 AKZO 013341: Red CC007338 S50 EG,PowderCoat
"CT036 Linglong 954777, black: RN227S",PowderCoat
CT037 AKZO 013341: TRMTW Matte White,PowderCoat
CT038 Tiger 061105 : TRMRR Matte Rusty Red,PowderCoat
CT039 Linglong 954777: Matte Night TRM1N,PowderCoat
CT040 Linglong 954777: Matte Terra TRM1H,PowderCoat
CT041 AKZO 013341: Plaster Smooth,PowderCoat
CT042 Valspar: Chalk,PowderCoat
CT043 Valspar: Graphite,PowderCoat
CT044 Valspar: Silver,PowderCoat
CT045 AZKO 013341: TRM1N,PowderCoat
"CT046 AKZO 013341, Solid; RAL 7043",PowderCoat
"CT047 AKZO 013341, Texture; RAL 9005",PowderCoat
CT048 DULUX; 9063187K,PowderCoat
"CT049 AKZO 013341, charcoal TR00K",PowderCoat
"CT050 Tiger 061105, 019/73621",PowderCoat
CT051 AKZO: TR700,PowderCoat
CT052 DULUX: Navy Gloss 98450282,PowderCoat
"Paint,powdercoat,hybrid .#ACTRM",PowderCoat
"Paint,powdercoat,hybrid .#ACTRM",PowderCoat
"Paint,powdercoat,hybrid .#ACTRM",PowderCoat
"Paint,powdercoat,hybrid .#ACTRM",PowderCoat
"Paint,powdercoat,hybrid .#ACTRM",PowderCoat
"Paint,powdercoat,hybrid .#ACTRM",PowderCoat
"Paint,powdercoat,hybrid .#ACTRM",PowderCoat
"Paint,powdercoat,hybrid .#ACTRM",PowderCoat
"Paint,powdercoat,hybrid .#ACTRM",PowderCoat
"Paint,powdercoat,hybrid .#ACTRM",PowderCoat
"Paint,powdercoat,hybrid .#ACTRM",PowderCoat
"Paint,powdercoat,hybrid .#ACTRM",PowderCoat
"Paint,powdercoat,hybrid .#ACTRM",PowderCoat
"Paint,powdercoat,hybrid .#ACTRM",PowderCoat
"Paint,powdercoat,hybrid .#ACTRM",PowderCoat
.#ACTRM,PowderCoat
CT075 AKZO: Panton cool grey 3 U,PowderCoat
CT076 AKZO: Panton cool grey 1C,PowderCoat
CT077 AKZO: Pantone Warm 2C,PowderCoat
CT078 AKZO: Pantone Warm 7C,PowderCoat
"Paint,powdercoat,hybrid .#ACTRM",PowderCoat
"Paint,powdercoat,hybrid .#ACTRM",PowderCoat
"Paint,powdercoat,hybrid .#ACTRM",PowderCoat
"Paint,powdercoat,hybrid .#ACTRM",PowderCoat
"Paint,powdercoat,hybrid .#ACTRM",PowderCoat
CT085 AKZO 013341 RAL 7024 GRAPHITE GREY,PowderCoat
CT086 HWS(SH):Y31 (Xiaguang Red),PowderCoat
"Paint,powdercoat,hybrid .#ACTRM",PowderCoat
"Paint,powdercoat,hybrid .#ACTRM",PowderCoat
"Paint,powdercoat,hybrid .#ACTRM",PowderCoat
Powdercoat AP,PowderCoat
"Paint,powdercoat,hybrid .#ACTRM",PowderCoat
"Paint,powdercoat,hybrid .#ACTRM",PowderCoat
"Paint,powdercoat,hybrid, .#ACTRM",PowderCoat
"Paint,powdercoat,hybrid .#ACTRM",PowderCoat
Powdercoat AP,PowderCoat
Powdercoat AP,PowderCoat
"Paint,powdercoat,hybrid .#ACTRM",PowderCoat
Powdercoat AP,PowderCoat
"Paint,powdercoat,hybrid .#ACTRM",PowderCoat
"Paint,powdercoat,hybrid .#ACTRM",PowderCoat
"Paint,powdercoat,hybrid .#ACTRM",PowderCoat
"Powder,TR0AN,920VER48=019, Anthracite ral 7016 varnish",PowderCoat
"Paint,powdercoat,hybrid .#ACTRM",PowderCoat
"Paint,powdercoat,hybrid .#ACTRM",PowderCoat
"Paint,powdercoat,hybrid .#ACTRM",PowderCoat
Powdercoat AP,PowderCoat
"Paint,powdercoat,hybrid .#ACTRM",PowderCoat
"Paint,powdercoat,hybrid .#ACTRM",PowderCoat
Powdercoat AP,PowderCoat
"Paint,powdercoat,hybrid .#ACTRM",PowderCoat
"Paint,powdercoat,hybrid .#ACTRM",PowderCoat
"Paint,powdercoat,hybrid .#ACTRM",PowderCoat
"Paint,powdercoat,hybrid .#ACTRM",PowderCoat
"Paint,powdercoat,hybrid .#ACTRM",PowderCoat
"Paint,powdercoat,hybrid .#ACTRM",PowderCoat
"Paint,powdercoat,hybrid .#ACTRM",PowderCoat
"Paint,powdercoat,hybrid .#ACTRM",PowderCoat
"Paint,powdercoat,hybrid, .#ACTRM",PowderCoat
"Paint,powdercoat,hybrid, .#ACTRM",PowderCoat
Powdercoat AP,PowderCoat
Powdercoat AP,PowderCoat
"Paint,powdercoat,hybrid, .#ACTRM",PowderCoat
"Paint,powdercoat,hybrid, .#ACTRM",PowderCoat
Powdercoat AP,PowderCoat
"Powder, TR0WH,920VER01=019, White ral 9010 varnish",PowderCoat
"Paint,powdercoat,hybrid .#ACTRM",PowderCoat
"Paint,powdercoat,hybrid .#ACTRM",PowderCoat
"Paint,powdercoat,hybrid .#ACTRM",PowderCoat
"Paint,powdercoat,hybrid, .#ACTRM",PowderCoat
Powdercoat AP,PowderCoat
"Paint,powdercoat,hybrid .#ACTRM",PowderCoat
Powdercoat AP,PowderCoat
Powdercoat AP,PowderCoat
Powdercoat AP,PowderCoat
Powdercoat AP,PowderCoat
Powdercoat AP,PowderCoat
Powdercoat AP,PowderCoat
Powdercoat AP,PowderCoat
"Paint,powdercoat,hybrid .#ACTRM",PowderCoat
Powdercoat AP,PowderCoat
Powdercoat AP,PowderCoat
Textured Gunmetal Grey Powder TRM28,PowderCoat
"Paint,powdercoat,hybrid .#ACTRM",PowderCoat
Powdercoat AP,PowderCoat
Powdercoat AP,PowderCoat
Powdercoat AP,PowderCoat
Powdercoat AP,PowderCoat
"Paint,powdercoat,hybrid ,00P01 ,Pure white",PowderCoat
"Paint,powdercoat,hybrid ,00P03,aluminum",PowderCoat
"Paint,powdercoat,hybrid .#ACTRM",PowderCoat
Powdercoat AP,PowderCoat
Powdercoat AP,PowderCoat
"Base,UM,PWR,desk, .#ACPLS",CableChain
"Base,UM,PWR,desk, .#ACPLS",CableChain
"WGT,base,umbili,PWR,desk,",CableChain
"Base,plastic,Very, .#ACPLS",StarBase
"Base,plastic,Very, .#ACPLS",StarBase
"BASE,PLASTIC,FERN,BLACK,EXPORT",StarBase
"BASE,PLASTIC,FERN,FOG,EXPORT",StarBase
"BASE, ALUMINUM, PFP",StarBase
"BASE, ALUMINUM, POLISHED, PROJ 451",StarBase
"BASE, ALUMINUM, POLISHED, PROJ 451",StarBase
"Four star Base, Alu, PFP",StarBase
"Five star Base, Alu, PFP",StarBase
"Bearing,shaft,front, Sliding seat,Look",MiscMechComp
"Bearing,bushing,end, Spring,rear",Bearings
"Bearing,bushing,end,isolator",Bearings
"Bearing,rear seat plate,pivot, Plastic",SeatingControl
"Bearing,MECH,CONF,Very",Bearings
"Bearing,radial,MECH,LH",Bearings
"Bearing,radial,MECH,RH",Bearings
"Bearing,bushing,rod,Very",Bearings
"Bearing,pivot,SHLDR,CONF D18.87mm",Bearings
"Bearing,pivot,SHLDR,CONF D15.88mm",Bearings
"BEARING,SUPPORT,SPRING",Bearings
"Bearing,,,tube,insert",Bearings
"BEARING,PIVOT,REAR, DUAL POSTURE",SeatingControl
"Bearing, thrust, Tablet, Maari, Poppy",Bearings
"BLOCK,FIXED, BACK STOP",MiscMechComp
"Block,out stop,sliding seat, Aloha Active",MiscMechComp
"BLOCK,FIXING,FOR 4/5 STAR",SeatingControl
STEEL PLATE BLOCK 3-M8 Aloha Easy,BackrestFrame
"Fixing block, Tablet. Maari, Poppy",SeatingControl
"PTB board,4'x8',25THK E0,FSC100%",Particleboard
"PTB board,6'x8',25THK E0,FSC100%",Particleboard
"25mm PTB LPL board, 6*8, E0, FSC, .#ACLPL",Particleboard
"25mm PTB LPL board, 6*8, E0, FSC Mix 70%, .#ACLPL",Particleboard
"25mm PTB LPL board, 6*8, E0, FSC Mix 70%, .#ACLPL",Particleboard
"25mm PTB LPL board, 6*8, E0, FSC Mix 70%, .#ACLPL",Particleboard
"25mm PTB LPL board, 6*8, E0, FSC Mix 70%, .#ACLPL",Particleboard
"25mm PTB LPL board, 6*8, E0, FSC Mix 70%, .#ACLPL",Particleboard
"25mm PTB LPL board, 6*8, E0, FSC Mix 70%, .#ACLPL",Particleboard
"25mm PTB LPL board, 6*8, E0, FSC Mix 70%, .#ACLPL",Particleboard
"25mm PTB LPL board, 6*8, E0, FSC Mix 70%, .#ACLPL",Particleboard
"25mm PTB LPL board, 6*8, E0, FSC Mix 70%, .#ACLPL",Particleboard
"25mm PTB LPL board, 6*8, E0, FSC Mix 70%, .#ACLPL",Particleboard
"25mm PTB LPL board, 6*8, E0, FSC Mix 70%, .#ACLPL",Particleboard
"25mm PTB LPL board, 6*8, E0, FSC Mix 70%, .#ACLPL",Particleboard
"25mm PTB LPL board, 6*8, E0, FSC100%, .#ACLPL",Particleboard
"25mm PTB LPL board, 6*8, E0, FSC",Particleboard
"25mm PTB LPL board, 6*8, E0, FSC",Particleboard
"25mm PTB LPL board, 6*8, E0, FSC",Particleboard
"25mm PTB LPL board, 6*8, E0, FSC",Particleboard
"25mm PTB LPL board, 6*8, E0, FSC",Particleboard
"25mm PTB LPL board, 6*8, E0, FSC",Particleboard
"LPL,1829X2438X25 .#ACLPL",Particleboard
"LPL,1829X2438X25 .#ACLPL",Particleboard
"LPL,1829X2438X25 .#ACLPL",Particleboard
"LPL,1829X2438X25 .#ACLPL",Particleboard
"LPL,1829X2438X25 .#ACLPL",Particleboard
"LPL,1829X2438X25 .#ACLPL",Particleboard
"LPL,1829X2438X25 .#ACLPL",Particleboard
"LPL,1829X2438X25 .#ACLPL",Particleboard
"LPL,1829X2438X25 .#ACLPL",Particleboard
"LPL,1829X2438X25 .#ACLPL",Particleboard
"LPL,1829X2438X25 .#ACLPL",Particleboard
"LPL,1829X2438X25 .#ACLPL",Particleboard
"LPL,1829X2438X25 .#ACLPL",Particleboard
"LPL,1829X2438X25 .#ACLPL",Particleboard
"LPL, .#ACLPL 1829X2438X25",Particleboard
"LPL, .#ACLPL 1829X2438X25",Particleboard
"LPL, .#ACLPL 1829X2438X25",Particleboard
"LPL, .#ACLPL 1829X2438X25",Particleboard
"LPL, .#ACLPL 1829X2438X25",Particleboard
"LPL, .#ACLPL 1829X2438X25",Particleboard
"LPL, .#ACLPL 1829X2438X25",Particleboard
"LPL, .#ACLPL 1829X2438X25",Particleboard
"LPL, .#ACLPL 1829X2438X25",Particleboard
"LPL, .#ACLPL",Particleboard
"25mm PTB LPL board, 6*8, CL133 wood grain: EGGER#3157",Particleboard
"LPL, .#ACLPL",Particleboard
"LPL,1829X2438X25 .#ACLPL",Particleboard
"LPL,1829X2438X25 .#ACLPL",Particleboard
"LPL,1829X2438X25 .#ACLPL",Particleboard
"LPL,1829X2438X25 .#ACLPL",Particleboard
"9mm MDF LPL board, 4*8, E0, FSC Mix 70%, .#ACLPL",Particleboard
"9mm MDF LPL board, 4*8, E0, FSC Mix 70%, .#ACLPL",Particleboard
"9mm MDF LPL board, 4*8, E0, FSC Mix 70%, .#ACLPL",Particleboard
"9mm MDF LPL board, 4*8, E0, FSC Mix 70%, .#ACLPL",Particleboard
"9mm MDF LPL board, 4*8, E0, FSC Mix 70%, .#ACLPL",Particleboard
"9mm MDF LPL board, 4*8, E0, FSC Mix 70%, .#ACLPL",Particleboard
"9mm MDF LPL board, 4*8, E0, FSC Mix 70%, .#ACLPL",Particleboard
"9mm MDF LPL board, 4*8, E0, FSC Mix 70%, .#ACLPL",Particleboard
"9mm MDF LPL board, 4*8, E0, FSC100%, .#ACLPL",Particleboard
"9mm MDF LPL board, 4*8, E0, FSC100%, .#ACLPL",Particleboard
"9mm MDF LPL board, 4*8, E0, FSC100%, .#ACLPL",Particleboard
"9mm MDF LPL board, 4*8, E0, FSC100%, .#ACLPL",Particleboard
"9mm MDF LPL board, 4*8, E0, FSC100%, .#ACLPL",Particleboard
"9mm MDF LPL board, 4*8, E0, FSC Mix 70%, .#ACLPL",Particleboard
"9mm MDF LPL board, 4*8, E0, FSC Mix 70%, .#ACLPL",Particleboard
"9mm MDF LPL board, 4*8, E0, FSC100%, .#ACLPL",Particleboard
"LPL board,double surface 1220x2438x9, .*ACLPL",Particleboard
"18mm PTB LPL board, 6*8, E0, FSC Mix 70%, .#ACLPL",Particleboard
"18mm PTB LPL board, 6*8, E0, FSC Mix 70%, .#ACLPL",Particleboard
"18mm PTB LPL board, 6*8, E0, FSC Mix 70%, .#ACLPL",Particleboard
"18mm PTB LPL board, 6*8, E0, FSC Mix 70%, .#ACLPL",Particleboard
"18mm PTB LPL board, 6*8, E0, FSC Mix 70%, .#ACLPL",Particleboard
"18mm PTB LPL board, 6*8, E0, FSC Mix 70%, .#ACLPL",Particleboard
"18mm PTB LPL board, 6*8, E0, FSC Mix 70%, .#ACLPL",Particleboard
"18mm PTB LPL board, 6*8, E0, FSC Mix 70%, .#ACLPL",Particleboard
"18mm PTB LPL board, 6*8, E0, FSC Mix 70%, .#ACLPL",Particleboard
"18mm PTB LPL board, 6*8, E0, FSC Mix 70%, .#ACLPL",Particleboard
"18mm PTB LPL board, 6*8, E0, FSC Mix 70%, .#ACLPL",Particleboard
"18mm PTB LPL board, 6*8, E0, FSC Mix 70%, .#ACLPL",Particleboard
"18mm PTB LPL board, 6*8, E0, FSC100%, .#ACLPL",Particleboard
"18mm PTB LPL board, 6*8, E0, FSC100%, .#ACLPL",Particleboard
"18mm PTB LPL board, 6*8, E0, FSC100%, .#ACLPL",Particleboard
"18mm PTB LPL board, 6*8, E0, FSC100%, .#ACLPL",Particleboard
"18mm PTB LPL board, 6*8, E0, FSC Mix 70%, .#ACLPL",Particleboard
"18mm PTB LPL board, 6*8, E0, FSC Mix 70%, .#ACLPL",Particleboard
"Melaine board,6'x 8',18mm .#ACLPL",Particleboard
"Melaine board,6'x 8',18mm .#ACLPL",Particleboard
"Melaine board,6'x 8',18mm .#ACLPL",Particleboard
"Melaine board,6'x 8',18mm .#ACLPL",Particleboard
"Melaine board,6'x 8',18mm .#ACLPL",Particleboard
"Melaine board,6'x 8',18mm .#ACLPL",Particleboard
"Melaine board,6'x 8',18mm .#ACLPL",Particleboard
"Melaine board,6'x 8',18mm .#ACLPL",Particleboard
"Melaine board,6'x 8',18mm .#ACLPL",Particleboard
"Melaine board,6'x 8',18mm .#ACLPL",Particleboard
"Melaine board,6'x 8',18mm .#ACLPL",Particleboard
"6mm MDF, double white melamine ,4*8, E0, FSC100%",MDFBoard
"9mm PTB, double white melamine ,4*8, E1, FSC100%",Particleboard
"26.4MM, 25T PTB WITH DOUBLE HP 5'*8', E0, FSC, .*ACHPL",Particleboard
"26.4MM, 25T PTB WITH DOUBLE HP 5'*8', E0, FSC, .*ACHPL",Particleboard
"26.4MM, 25T PTB WITH DOUBLE HP 5'*8', E0, FSC, .*ACHPL",Particleboard
"26.4MM, 25T PTB WITH DOUBLE HP 5'*8', E0, FSC, .*ACHPL",Particleboard
"26.4MM, 25T PTB WITH DOUBLE HP5'*8', E0, FSC, .*ACHPL",Particleboard
"26.4MM, 25T PTB WITH DOUBLE HP5'*8', E0, FSC, .*ACHPL",Particleboard
"26.4MM, 25T PTB WITH DOUBLE HP 4'*8', E0, FSC, .*ACHPL",Particleboard
"SCR,Bolt,5/16-18x3.250L, socket HD",Bolt
"SCR,12-M8x60,PH, GB70-85, 8.8, zinc coated",MetricScrew
M6X65mm-Cylindrical screw,MetricScrew
"SCR,6x20mm,Torx,Self Tapping Screw",SelfTapScrew
"Bumper,push-in,rubber,CONF",MiscHardware
"Bumper,stacking,fixed,seminar, Very,.#ACPLS",MiscMechComp
"Bumper,stacking,fixed,seminar, Very,.#ACPLS",MiscMechComp
"BUMPER, VERY WIRE STACKER",SelfTapScrew
"BUMPER, VERY WIRE STACKER",SelfTapScrew
"Frame, Bumper ,.*ACPLS",MiscSeatFramAcc
"Frame, Bumper ,.*ACPLS",MiscSeatFramAcc
"PKG,wire stool,Very,",PseudoPack
"PKG,wire stool,Very,",PseudoPack
"Bushing,inner end,CTRL",Bushings
"Bushing,arm,fliptop,acetron",Bushings
"Bushing,cap,crush,j-tube",Bushings
Right arm cap TR00F,ArmCap
Left arm cap TR00F,ArmCap
"BUSHING, BRONZE, REAR",MiscMechComp
"Bushing, arm to arm, Tablet, .#ACTRM",MiscConnector
"Bushing, arm to arm, Tablet, .#ACTRM",MiscConnector
"Bushing, bronze, bearing",Bushings
"MD,Bag,poly-straight panels 1880Lx1499W",PackingPouchBag
"MD,Bag,poly-straight panels",PackingPouchBag
"MD,Bag,102x203x0.5,LD PE,",PackingPouchBag
"MD,Bag,poly -6x10x3 MIL",PackingPouchBag
"Brkt,suprt,seat,LH, X99 seminar",Bracket
"Brkt,suprt,seat,RH, X99 seminar",Bracket
"Tension holder, bracket, for Zody metal plate",SeatPlate
"FRM for 4&5 star, No arm, MAARI,raw",SeatPlate
"BKT,MOUNTING,SCREEN,FAB",Bracket
"BKT, GANGING, SCREEN, FAB,",Bracket
"BKT, PLATE, COVER, PROJ 561",Bracket
"BKT,CONNECTOR,SCREEN,FAB",Bracket
"HAT mid-span BKT.600,FAB",BeamSupport
"HAT mid-span top plate, .#MMD1  , FAB",BeamSupport
"HAT mid-span top plate, .#MMD1  , FAB",BeamSupport
"HAT mid-span top plate, .#MMD1  , FAB",BeamSupport
"HAT mid-span bottom plate,FAB",BeamSupport
"Cable,MECH flex tension",SeatingControl
"CABLE,MECHANICAL,PNUEMATIC, FERN,EXPORT",SeatingControl
"CABLE,MECHANICAL,SEAT DEPTH, FERN,EXPORT",SeatingControl
"CABLE,MECHANICAL,FORWARD TILT, FERN,EXPORT",SeatingControl
"Cap,Aluminium base",Endcap
"SUB cap,arm,LH .#ACPLS",ArmCap
"SUB cap,arm,LH .#ACPLS",ArmCap
"SUB cap,arm,LH .#ACPLS",ArmCap
"SUB cap,arm,RH .#ACPLS",ArmCap
"SUB cap,arm,RH .#ACPLS",ArmCap
"SUB cap,arm,RH .#ACPLS",ArmCap
"Cap ,top ,extrusion,for easel Polycarbonate",Endcap
"Cap,caster,leg, .#ACPLS",CastorsFurnit
"Cap,caster,leg, .#ACPLS",CastorsFurnit
"Cap,caster,leg, .#ACPLS",CastorsFurnit
"Cap,base,molded,CONF, .#ACPLS",Endcap
"Cap,base,molded,CONF, .#ACPLS",Endcap
"Cap,LH,fixed arm,CONF, .#ACPLS",ArmCap
"Cap,LH,fixed arm,CONF, .#ACPLS",ArmCap
"Cap,RH,fixed arm,CONF, .#ACPLS",ArmCap
"Cap,RH,fixed arm,CONF, .#ACPLS",ArmCap
"Cap,RH,arm,seminar, .#ACPLS",ArmCap
"Cap,RH,arm,seminar, .#ACPLS",ArmCap
"Cap,LH,arm,seminar, .#ACPLS",ArmCap
"Cap,LH,arm,seminar, .#ACPLS",ArmCap
"Cap,RH,arm,Wire stacker, .#ACPLS",ArmCap
"Cap,RH,arm,Wire stacker, .#ACPLS",ArmCap
"Cap,LH,arm,Wire stacker, .#ACPLS",ArmCap
"Cap,LH,arm,Wire stacker, .#ACPLS",ArmCap
"Cap,RH,hard,arm, .#ACPLS",ArmCap
"Cap,RH,hard,arm, .#ACPLS",ArmCap
"Cap,LH,hard,arm, .#ACPLS",ArmCap
"Cap,LH,hard,arm, .#ACPLS",ArmCap
"Cap,arm,fixed,LH,ASSY .#ACPLS",ArmCap
"Cap,arm,fixed,LH,ASSY .#ACPLS",ArmCap
"Cap,arm,fixed,RH,ASSY .#ACPLS",ArmCap
"Cap,arm,fixed,RH,ASSY .#ACPLS",ArmCap
"Cap,arm,4-leg,tablet .#ACPLS",ArmCap
"Cap,arm,4-leg,tablet .#ACPLS",ArmCap
"Cap,lock,footrest",Endcap
"CAP, ARM, FIXED, ASSY, LH, BLACK, PROJ 451",ArmCap
"CAP, ARM, FIXED, ASSY, RH, BLACK, PROJ 451",ArmCap
"CAP, ARM, FIXED, ASSY, LH, FOG, PROJ 451",ArmCap
"CAP, ARM, FIXED, ASSY, RH, FOG, PROJ 451",ArmCap
"CAP, ARM, FIXED, LH,.*ACPLS",ArmCap
"CAP, ARM, FIXED, LH,.*ACPLS",ArmCap
"CAP, ARM, FIXED, RH,.*ACPLS",ArmCap
"CAP, ARM, FIXED, RH,.*ACPLS",ArmCap
"zodyCap,arm,pair , self skin ,.#ACPLS",ArmCap
"zodyCap,arm,pair , self skin  ,.#ACPLS",ArmCap
"Arm cap,ASSY,ADJ,.*ACPLS,  SELF-SKIN,LH",ArmCap
"Arm cap,ASSY,ADJ,.*ACPLS,  SELF-SKIN,LH",ArmCap
"Arm cap,ASSY,ADJ,.*ACPLS,  SELF-SKIN,RH",ArmCap
"Arm cap,ASSY,ADJ,.*ACPLS,  SELF-SKIN,RH",ArmCap
"corner cap, screen, .#ACPLS",Endcap
"corner cap, screen, .#ACPLS",Endcap
"corner cap, screen, .#ACPLS",Endcap
"Caster,X-99,hard",CastorsSeating
"CASTER,60MM,CONF,VERY,HARD",CastorsSeating
"CASTER,60MM,CONF,VERY,SOFT",CastorsSeating
"CASTER,60MM,CONF,VERY,HARD, 2 COLOR",CastorsSeating
"Caster,60mm,hard",CastorsSeating
"Caster,60mm,soft",CastorsSeating
"Caster,60mm,hard,two color",CastorsSeating
"Caster,50mm,hard,Very",CastorsSeating
"Caster,50mm,PROJ 275,soft",CastorsSeating
"Caster,50mm,2color,hard,Very",CastorsSeating
"Caster,50mm,2color,hard, Plaster",CastorsSeating
"Clip,retain,internal",MiscHardware
"Clip,RTNG,front,MECH,seat",SeatShell
"Clip,ganging,wire,stacker",MiscConnector
"Damper clip,LH,AL flip top,SC",MiscHardware
"Damper clip,RH,AL flip top,SC",MiscHardware
"CLIP,BARREL ASSY,8MM,FERN, EXPORT",MiscFasteners
"S-CLIP,TINNERMAN",Clamps
"Headrest,Very task, .#ACPLS",HeadRest
"Headrest,Very task, .#ACPLS",HeadRest
"MD,Draw STR-fing",Yarn
"Collar,split,footrest,LH",ShaftCollar
"Collar,split,footrest,RH",ShaftCollar
"CLMN,4H,27STD,PLCASSY,FAB",Column
"Connect, planes training table ,FAB",LegConnector
"Control body bottom plate, NA/AP,A=110.6D",MiscMechComp
"Control,CONFchair,FAB",MechCover
"Control,CONFchair,polished",MechCover
"CNTRL,BS2/FT,VRY,RET ,.*ACPLS",MechAssy
"CNTRL,BS2/FT,VRY,RET ,.*ACPLS",MechAssy
"CONTROL,MECH,ASSY,STD, TRTF,TRF, PROJ 451",MechAssy
"CONTROL,MECH,ASSY,STD, TRTF,TR7, PROJ 451",MechAssy
"CONTROL,MECH,ASSY,STD, TRLE,TRF, PROJ 451",MechAssy
"CONTROL,MECH,ASSY,STD, TRLE,TR7, PROJ 451",MechAssy
"CONTROL,MECH,ASSY,STD, PMP,TRF, PROJ 451",MechAssy
"CONTROL,MECH,ASSY,STD, PMP,TR7, PROJ 451",MechAssy
"CONTROL,MECH,ASSY,BACK STOP, TRTF,TRF, PROJ 451",MechAssy
"CONTROL,MECH,ASSY,BACK STOP, TRTF,TR7, PROJ 451",MechAssy
"CONTROL,MECH,ASSY,BACK STOP, TRLE,TRF, PROJ 451",MechAssy
"CONTROL,MECH,ASSY,BACK STOP, TRLE,TR7, PROJ 451",MechAssy
"CONTROL,MECH,ASSY,BACK STOP, PMP,TRF, PROJ 451",MechAssy
"CONTROL,MECH,ASSY,BACK STOP, PMP,TR7, PROJ 451",MechAssy
"ez65 2.0 control body, change tile angle.",MechAssy
"ez65 2.0 control body, change tile angle.",MechAssy
"Lever, Back lock",MiscMechComp
"Lever, Back lock",MiscMechComp
"Lever, Pneumatic activation",MiscMechComp
"Lever, Pneumatic activation",MiscMechComp
Control Body,MechAssy
Control Body,MechAssy
Control body,MechAssy
"ASSY,MECH,(Mechanism), FIXED SEAT",MechAssy
"ASSY,MECH,(Mechanism), Full function",MechAssy
"Cord,UM,PWR,desk, .#ACPLS",CableChain
"Cord,UM,PWR,desk, .#ACPLS",CableChain
"CAP, ARM, ASM, LH, PROJ 660",ArmCap
"CAP, ARM, ASM, LH, PROJ 660",ArmCap
"CAP, ARM, ASM, RH, PROJ 660",ArmCap
"CAP, ARM, ASM, RH, PROJ 660",ArmCap
"Cylinder,pneumatic,2,tube",GasSpring
"Cylinder,PNEU,ASSY,kit",GasSpring
"Cylinder,ASSY,pneumatic, stool",BaseTube
"Cylinder,pneumatic,ASSY, without housing",GasSpring
"Housing, stool high cylinder",BaseTube
"Cylinder,PNEU ASSY,w/CAN",GasSpringUnit
"CYLINDER, 4 STAR, POPPY CHAIR",GasSpring
"CYLINDER, 5 STAR, POPPY CHAIR",GasSpring
"CYLINDER, 5 STAR, POPPY CHAIR",GasSpring
"CYLINDER, WOOD DOWEL BASE, POPPY CHAIR",GasSpring
"CYLINDER,SIDE ACTIVATION, WITH CAN",GasSpring
"Cylinder, gas, table,training table",CylinderLock
"Ball stud,TBL,flip top",MetricScrew
"CYLINDER, 4 STAR, PROJ 530",GasSpring
"CYLINDER,5STAR,PROJ530,TR00F",GasSpring
"CYLINDER,5STAR,PROJ530,TRPLS",GasSpring
"Cylinder ASSY kit Frosted , .#ACTRM",GasSpring
"Cylinder ASSY kit Frosted , .#ACTRM",GasSpring
"Cylinder, assembled, for Soji plastic base",GasSpring
"Cylinder, assembled, for Soji aluminum base option",GasSpring
"CYLINDER, PNEUMATIC, ASSY HIGHER LENGTH, DUAL POSTURE",GasSpring
"CYLINDER, POPPY TABLET, BLACK .*ACTRM",GasSpring
"CYLINDER, POPPY TABLET, WHITE .*ACTRM",GasSpring
"STOOL CYLINDER, , .#ACTRM",GasSpring
"STOOL CYLINDER, , .#ACTRM",GasSpring
"Cover,tension cable,Zody",SeatingControl
"CTRL,cover,upper .#ACPLS",MechCover
"CTRL,cover,upper .#ACPLS",MechCover
"CTRL,cover,upper .#ACPLS",MechCover
"CTRL,cover,upper .#ACPLS",MechCover
"CTRL,cover,lower .#ACPLS",MechCover
"CTRL,cover,lower .#ACPLS",MechCover
"CTRL,cover,lower .#ACPLS",MechCover
"CTRL,cover,lower .#ACPLS",MechCover
"Cover,NON sliding,seat lever .#ACPLS",SeatingControl
"Cover,NON sliding,seat lever .#ACPLS",SeatingControl
"Cover,RH,tilt mechanism, .#ACPLS",ArmCover
"Cover,RH,tilt mechanism, .#ACPLS",ArmCover
"Cover,LH,tilt mechanism, .#ACPLS",ArmCover
"Cover,LH,tilt mechanism, .#ACPLS",ArmCover
"Cover,underside frame, Polypro,.#ACPLS",SeatPlate
"Cover,underside frame, Polypro,.#ACPLS",SeatPlate
"Cover,control  housing, Very CONF",MechCover
"COVER,RH, POLYPRO SHELL TR007 FOG",MiscConnector
"COVER,RH, POLYPRO SHELL TR00F BLACK",MiscConnector
"COVER,RH, POLYPRO SHELL TR0FA TOMATO",MiscConnector
"COVER,RH, POLYPRO SHELL TR0FC EMBER",MiscConnector
"COVER,RH, POLYPRO SHELL TR0FE GRASS",MiscConnector
"COVER,RH, POLYPRO SHELL TR0FJ SLATE",MiscConnector
"COVER,RH, POLYPRO SHELL TR0FK COCOA",MiscConnector
"COVER,RH, POLYPRO SHELL TR0FM SNOW",MiscConnector
"COVER,RH, POLYPRO SHELL .#ACPLS",MiscConnector
"COVER,RH, POLYPRO SHELL .#ACPLS",MiscConnector
"COVER,LH, POLYPRO SHELL TR007 FOG",MiscConnector
"COVER,LH, POLYPRO SHELL TR00F BLACK",MiscConnector
"COVER,LH, POLYPRO SHELL TR0FA TOMATO",MiscConnector
"COVER,LH, POLYPRO SHELL TR0FC EMBER",MiscConnector
"COVER,LH, POLYPRO SHELL TR0FE GRASS",MiscConnector
"COVER,LH, POLYPRO SHELL TR0FJ SLATE",MiscConnector
"COVER,LH, POLYPRO SHELL TR0FK COCOA",MiscConnector
"COVER,LH, POLYPRO SHELL TR0FM SNOW",MiscConnector
"COVER,LH, POLYPRO SHELL .#ACPLS",MiscConnector
"COVER,LH, POLYPRO SHELL .#ACPLS",MiscConnector
"Cover, plastic,gray",MiscHardware
"COVER,OUTER ST,PNEU ONLY PROJ451,TRF,EXP",SeatPlate
"COVER,OUTER ST,PNEU ONLY PROJ451,TR7,EXP",SeatPlate
"CVR,OUTR ST,PNEU ONLY PROJ451,TRUFM,EXP",SeatPlate
"COVER,OUTER ST,PNEU,DPT PROJ451,TRF,EXP",SeatPlate
"COVER,OUTER ST,PNEU,DPT PROJ451,TR7,EXP",SeatPlate
"CVR,OUTR ST,PNEU,DPT PROJ451,TRUFM,EXP",SeatPlate
"CVR,OUTER ST,PNEU,DPT,FT PROJ451,TRF,EXP",SeatPlate
"COVER,OUTER ST,PNEU,DPT,,FT PROJ451,TR7,EXP",SeatPlate
"CVR,OUTER ST,PNEU,DPT,FT PROJ451,TRUFM,EXP",SeatPlate
"CVR,OUTER ST,PNEU,FT PROJ451,TRF,EXP",SeatPlate
"CVR,OUTER ST,PNEU,FT PROJ451,TR7,EXP",SeatPlate
"CVR,OUTER ST,PNEU,FT PROJ451,TRUFM,EXP",SeatPlate
"COVER,MECHANICAL,OVERMOLD, FERN,BLACK,EXPORT",SeatPlate
"COVER,MECHANICAL,OVERMOLD, FERN,FOG,EXPORT",SeatPlate
"COVER,MECHANICAL,OVERMOLD, FERN,SNOW,EXPORT",SeatPlate
"COVER,MECHANICAL,REAR,CAP, FERN,BLACK,EXPORT",SeatPlate
"COVER,MECHANICAL,REAR,CAP, FERN,FOG,EXPORT",SeatPlate
"COVER,MECHANICAL,REAR,CAP, FERN,SNOW,EXPORT",SeatPlate
"COVER,MECHANICAL,REAR,FERN, BLACK,EXPORT",SeatPlate
"COVER,MECHANICAL,REAR,FERN, FOG,EXPORT",SeatPlate
"COVER,MECHANICAL,REAR,FERN, SNOW,EXPORT",SeatPlate
"COVER, 'CLOSEOUT', WITHOUT CUTOUT, POPPY CHAIR",SeatPlate
"COVER, 'CLOSEOUT', WITHOUT CUTOUT, POPPY CHAIR",SeatPlate
"COVER, 'CLOSEOUT', WITH CUTOUT, POPPY CHAIR",SeatPlate
"COVER, 'CLOSEOUT', WITH CUTOUT, POPPY CHAIR",SeatPlate
"COVER, CYLINDER, 219MM, RAW MATERIAL",MiscConnector
"COVER,WS/STOOL,PROJ 530, .*ACPLS",SeatPlate
"COVER,WS/STOOL,PROJ 530, .*ACPLS",SeatPlate
"COVER,WS/STOOL,PROJ 530, .*ACPLS",SeatPlate
"COVER,WS/STOOL,PROJ 530, .*ACPLS",SeatPlate
"COVER,WS/STOOL,PROJ 530, .*ACPLS",SeatPlate
"COVER,CROSSBAR,.*ACPLS,PROJ545",MiscLumbPelvCom
"COVER,CROSSBAR,.*ACPLS,PROJ545",MiscLumbPelvCom
"COVER,CROSSBAR,.*ACPLS,PROJ545",MiscLumbPelvCom
"COVER,HEADREST,SUPPORT",MiscHeadrestCom
"COVER,HEADREST,SUPPORT",MiscHeadrestCom
"COVER,HEADREST,SUPPORT",MiscHeadrestCom
"COVER,4LEG,PROJ530,.*ACPLS",SeatPlate
"COVER,4LEG,PROJ530,.*ACPLS",SeatPlate
"COVER,4LEG,PROJ530,.*ACPLS",SeatPlate
"COVER,4LEG,PROJ530,.*ACPLS",SeatPlate
"COVER,4LEG,PROJ530,.*ACPLS",SeatPlate
"Back cover,Logo,IC .#ACPLS",BackrestFrame
"Front cover, IC .#ACPLS",BackrestFrame
"Cover mechanism Flip move ,.*ACPLS",MechCover
"Cover mechanism Flip move ,.*ACPLS",MechCover
"Cover mechanism ,.*ACPLS",MechCover
"Cover mechanism ,.*ACPLS",MechCover
"Fab cover,for desk scrn,rail 420x .#MMW W",Fabric
"Fab cover,for desk scrn,rail 420x .#MMW W",Fabric
"Fab cover,for desk scrn,rail 420x .#MMW W",Fabric
"Fab cover,for desk scrn,rail 420x .#MMW W",Fabric
"Fab cover,for desk scrn,rail 420x .#MMW W",Fabric
"Fab cover,for desk scrn,rail 420x .#MMW W",Fabric
"Fab cover,for desk scrn,rail 420x .#MMW W",Fabric
"Fab cover,for desk scrn,rail 420x .#MMW W",Fabric
"Fab cover,for desk scrn,rail 420x .#MMW W",Fabric
"Fab cover,for desk scrn,WT 420x .#MMW W",Fabric
"Fab cover,for desk scrn,WT 420x .#MMW W",Fabric
"Fab cover,for desk scrn,WT 420x .#MMW W",Fabric
"Fab cover,for desk scrn,WT 420x .#MMW W",Fabric
"Fab cover,for hung scrn,WT 850x .#MMW W",Fabric
"Fab cover,for hung scrn,WT 850x .#MMW W",Fabric
"Fab cover,for hung scrn,WT 850x .#MMW W",Fabric
"Fab cover,for hung scrn,WT 850x .#MMW W",Fabric
"Fab cover,for hung scrn,WT 850x .#MMW W",Fabric
"Fab cover,for hung scrn,WT 850x .#MMW W",Fabric
"Fab cover,for hung scrn,WT 850x .#MMW W",Fabric
"Fab cover,for hung scrn,End bkt, 850x ,#MMW W",Fabric
"Fab cover,for hung scrn,End bkt, 850x ,#MMW W",Fabric
"Fab cover,for hung scrn,End bkt, 850x ,#MMW W",Fabric
"Fab cover,for hung scrn,End bkt, 850x ,#MMW W",Fabric
"Fab cover,for hung scrn,End bkt, 850x ,#MMW W",Fabric
"Fab cover,for hung scrn,End bkt, 850x ,#MMW W",Fabric
"Fab cover,for hung scrn,End bkt, 850x ,#MMW W",Fabric
"Secure cover , .#ACPLS",BackSupport
"Secure cover , .#ACPLS",BackSupport
"Secure cover , .#ACPLS",BackSupport
"U slot clip for mesh tighten , .#ACPLS",MiscMechComp
"U slot clip for mesh tighten , .#ACPLS",MiscMechComp
"U slot clip for mesh tighten , .#ACPLS",MiscMechComp
"Adaptor side LH/RH cover of me , .#ACPLS",BackSupport
"Adaptor side LH/RH cover of mech , .#ACPLS",BackSupport
"Adaptor side LH/RH cover of mech , .#ACPLS",BackSupport
"Bottom cover of back frame , .#ACPLS",BackSupport
"Bottom cover of back frame , .#ACPLS",BackSupport
"Bottom cover of back frame , .#ACPLS",BackSupport
"COVER,SEAT .#ACPLS, DAYTONA",SeatShell
"COVER,SEAT .#ACPLS, DAYTONA",SeatShell
"COVER,SEAT .#ACPLS, DAYTONA",SeatShell
"BACK,SUSPENSION MESH,FERN, BLACK,EXPORT",BackrestFrame
"BACK,SUSPENSION MESH,FERN, FOG,EXPORT",BackrestFrame
"BACK,SUSPENSION MESH,FERN, Snow,EXPORT",BackrestFrame
Aloha Easy ref back kit,BackrestFrame
ez65 ref back kit,BackrestFrame
"BACK,FRAME,FERN,BLACK,EXPORT",BackrestFrame
"BACK,FRAME,FERN,FOG,EXPORT",BackrestFrame
"BACK,FRAME,FERN,Snow,EXPORT",BackrestFrame
"ez65 guest back,ref TR007, without logo",BackrestFrame
"ez65 guest back,ref TR00F, without logo",BackrestFrame
"New BACK,FRAME , .#ACPLS",BackrestFrame
"New BACK,FRAME , .#ACPLS",BackrestFrame
"New BACK,FRAME , .#ACPLS",BackrestFrame
"BACK,BEZEL, FOR WITH LUMBAR.#ACPLS",MiscConnector
"BACK,BEZEL, FOR WITH LUMBAR.#ACPLS",MiscConnector
"BACK,BEZEL, FOR WITHOUT LUMBAR.#ACPLS",MiscConnector
"BACK,BEZEL, FOR WITHOUT LUMBAR.#ACPLS",MiscConnector
"BACK, SUPPORT, Y-BRACE, .#ACPLS",BackSupport
"BACK, SUPPORT, Y-BRACE, .#ACPLS",BackSupport
"BACK, SUPPORT, Y-BRACE, .#ACPLS",BackSupport
"BACK, CARRIER, UPH",BackrestFrame
"BACK, SHELL, UPH .#ACPLS",BackrestFrame
"Epure Al leg,fixed,FAB",Tableleg
"Epure wing screw, plastic",MetricScrew
Epure foot glide,GlideFurniture
Epure ajustable leg extruded,Tableleg
"Epure support guide, up .#ACCVR",LegConnector
"Epure support guide, up .#ACCVR",LegConnector
"Epure support guide, up .#ACCVR",LegConnector
Epure up lock support,LegConnector
Epure lock finger,LegConnector
"Epure thumb wheel, .#ACCVR",LegConnector
"Epure thumb wheel, .#ACCVR",LegConnector
"Epure thumb wheel, .#ACCVR",LegConnector
Epure down guide,LegConnector
Epure glide support .#ACCVR,LegConnector
Epure glide support .#ACCVR,LegConnector
Epure glide support .#ACCVR,LegConnector
"EXTRN,connector,side, Plastic,sled/SEM",MiscConnector
"EXTRN,connector,bottom, Plastic,cut",MiscConnector
"Extrn,connector,bottom, Plastic,seminar seat",Hooks
"Extrusion,UPH back,leather",MiscChairFrame
"Extrusion,UPH back,fabric",MiscChairFrame
"Beam,planes table,polygon .#MML  ,FAB",Beam
"Beam,planes table,polygon .#MML  ,FAB",Beam
"Beam,planes table,rectangle .#MML  ,FAB",Beam
"Beam,planes table,rectangle .#MML  ,FAB",Beam
"Beam,planes table,rectangle .#MML  ,FAB",Beam
"Beam,planes table,half-round .#MML  ,FAB",Beam
"Beam,planes table,crescent .#MML  ,FAB",Beam
"Extrusion vertical rail, right ,aluminum, 346mm,FAB",Column
"Extrusion vertical rail, left ,aluminum, 346mm,FAB",Column
"Extrusion VER rail,RH,alum, 338mm,FAB",Column
"Extrusion VER rail,LH,alum, 338mm,FAB",Column
"EXTRUSION,FBRC,RETAINER,FERN, EXPORT",RetainHardware
"Cover for cylinder, FAB",MiscMechComp
"FABRIC,CHAIR,TELLURE 3A BACKED",Fabric
"FABRIC,CHAIR,TELLURE 3A BACKED",Fabric
"FABRIC,CHAIR,TELLURE 3A BACKED",Fabric
"FABRIC, GRADE A .#ACFAB",Fabric
"FABRIC,CHAIR,TELLURE 3A BACKED",Fabric
"FABRIC, GRADE A .#ACFAB",Fabric
"FABRIC,CHAIR,TELLURE 3A BACKED",Fabric
"FABRIC,CHAIR,TELLURE 3A BACKED",Fabric
"FABRIC,CHAIR,TELLURE 3A BACKED",Fabric
"FABRIC,CHAIR,TELLURE 3A BACKED",Fabric
"FABRIC, GRADE A .#ACFAB",Fabric
"FABRIC, GRADE A .#ACFAB",Fabric
"FABRIC, GRADE A .#ACFAB",Fabric
"FABRIC, GRADE A .#ACFAB",Fabric
"FABRIC, GRADE A .#ACFAB",Fabric
"FABRIC, GRADE A .#ACFAB",Fabric
"FABRIC,CHAIR,TELLURE 3A BACKED",Fabric
"FABRIC,CHAIR,TELLURE 3A BACKED",Fabric
"FABRIC,CHAIR,TELLURE 3A BACKED",Fabric
"FABRIC,CHAIR,TELLURE 3A BACKED",Fabric
"FABRIC, GRADE A .#ACFAB",Fabric
"FABRIC,CHAIR,TELLURE 3A BACKED",Fabric
"FABRIC, GRADE A .#ACFAB",Fabric
"FABRIC, GRADE A .#ACFAB",Fabric
"FABRIC, GRADE A .#ACFAB",Fabric
"FABRIC, GRADE A .#ACFAB",Fabric
"FABRIC, GRADE A .#ACFAB",Fabric
"FABRIC, GRADE A .#ACFAB",Fabric
"FABRIC, GRADE A .#ACFAB",Fabric
"FABRIC, GRADE A .#ACFAB",Fabric
"FABRIC, GRADE A .#ACFAB",Fabric
"FABRIC, GRADE A .#ACFAB",Fabric
"FABRIC, GRADE A .#ACFAB",Fabric
"FABRIC, GRADE A .#ACFAB",Fabric
"FABRIC, GRADE A .#ACFAB",Fabric
"FABRIC, GRADE A .#ACFAB",Fabric
"FABRIC, GRADE A .#ACFAB",Fabric
"FABRIC, GRADE A .#ACFAB",Fabric
"FABRIC, GRADE A .#ACFAB",Fabric
"FABRIC, GRADE A .#ACFAB",Fabric
"Fabric,slipease,roll",Fabric
LUCIA FABRIC W/BACKING 66 INCH - CHINA ONLY,Fabric
LUCIA FABRIC W/BACKING 66 INCH - CHINA ONLY,Fabric
"FABRIC, GRADE A;AP ONLY .#ACFAB",Fabric
LUCIA FABRIC W/BACKING 66 INCH - CHINA ONLY,Fabric
LUCIA FABRIC W/BACKING 66 INCH - CHINA ONLY,Fabric
LUCIA FABRIC W/BACKING 66 INCH - CHINA ONLY,Fabric
LUCIA FABRIC W/BACKING 66 INCH - CHINA ONLY,Fabric
LUCIA FABRIC W/BACKING 66 INCH - CHINA ONLY,Fabric
LUCIA FABRIC W/BACKING 66 INCH - CHINA ONLY,Fabric
"FABRIC, GRADE A;AP ONLY .#ACFAB",Fabric
"FABRIC, GRADE A;AP ONLY .#ACFAB",Fabric
"FABRIC, GRADE A;AP ONLY .#ACFAB",Fabric
"FABRIC, GRADE A;AP ONLY .#ACFAB",Fabric
"FABRIC, GRADE A;AP ONLY .#ACFAB",Fabric
"FABRIC, GRADE A;AP ONLY .#ACFAB",Fabric
"FABRIC, GRADE A;AP ONLY .#ACFAB",Fabric
"FABRIC, GRADE A;AP ONLY .#ACFAB",Fabric
"FABRIC, GRADE A;AP ONLY .#ACFAB",Fabric
"FABRIC, GRADE A;AP ONLY .#ACFAB",Fabric
"FABRIC, GRADE A;AP ONLY .#ACFAB",Fabric
"FABRIC, GRADE A;AP ONLY .#ACFAB",Fabric
"FABRIC, GRADE A;AP ONLY .#ACFAB",Fabric
"FABRIC, GRADE A;AP ONLY .#ACFAB",Fabric
"FABRIC, GRADE A;AP ONLY .#ACFAB",Fabric
"FABRIC, GRADE A;AP ONLY .#ACFAB",Fabric
"FBRC,DIR,mesh,roll,58.0 W",Fabric
"FBRC,DIR,mesh,roll,58.0 W",Fabric
"FBRC,DIR,mesh,roll,58.0 W",Fabric
"FBRC,DIR,mesh,roll,58.0 W",Fabric
"FBRC,DIR,mesh,roll,58.0 W",Fabric
"FBRC,DIR,mesh,roll,58.0 W",Fabric
"FABRIC, GRADE A .#ACFAB",Fabric
"FABRIC, GRADE A .#ACFAB",Fabric
"FABRIC, GRADE A .#ACFAB",Fabric
"FABRIC, GRADE A .#ACFAB",Fabric
"FABRIC, GRADE A .#ACFAB",Fabric
"FABRIC, GRADE A .#ACFAB",Fabric
"FABRIC, GRADE A .#ACFAB",Fabric
"FABRIC, GRADE A .#ACFAB",Fabric
"FABRIC, GRADE A .#ACFAB",Fabric
"FABRIC, GRADE A .#ACFAB",Fabric
"FABRIC, GRADE A .#ACFAB",Fabric
"FABRIC, GRADE A .#ACFAB",Fabric
"FABRIC, GRADE A .#ACFAB",Fabric
"FABRIC, GRADE A .#ACFAB",Fabric
"FABRIC, GRADE A .#ACFAB",Fabric
"FABRIC, GRADE A .#ACFAB",Fabric
"FABRIC, GRADE A .#ACFAB",Fabric
"FABRIC, GRADE A .#ACFAB",Fabric
"FABRIC, GRADE A .#ACFAB",Fabric
"FABRIC, GRADE A .#ACFAB",Fabric
"FABRIC, GRADE A .#ACFAB",Fabric
"FABRIC, GRADE D;AP ONLY .#ACFAB",Fabric
"FABRIC, GRADE D;AP ONLY .#ACFAB",Fabric
"FABRIC, GRADE D;AP ONLY .#ACFAB",Fabric
"FABRIC, GRADE D;AP ONLY .#ACFAB",Fabric
"FABRIC, GRADE D;AP ONLY .#ACFAB",Fabric
"FABRIC, GRADE D;AP ONLY .#ACFAB",Fabric
"FABRIC, GRADE D;AP ONLY .#ACFAB",Fabric
"FABRIC, GRADE D;AP ONLY .#ACFAB",Fabric
"FABRIC, GRADE D;AP ONLY .#ACFAB",Fabric
"FABRIC, GRADE D;AP ONLY .#ACFAB",Fabric
"FABRIC, GRADE D;AP ONLY .#ACFAB",Fabric
"FABRIC, GRADE D;AP ONLY .#ACFAB",Fabric
"FABRIC, GRADE D;AP ONLY .#ACFAB",Fabric
"FABRIC, GRADE D;AP ONLY .#ACFAB",Fabric
"FABRIC, GRADE D;AP ONLY .#ACFAB",Fabric
"FABRIC, GRADE D;AP ONLY .#ACFAB",Fabric
"FABRIC, GRADE D;AP ONLY .#ACFAB",Fabric
"FABRIC, GRADE D;AP ONLY .#ACFAB",Fabric
"FABRIC, GRADE D;AP ONLY .#ACFAB",Fabric
"FABRIC, GRADE D;AP ONLY .#ACFAB",Fabric
"FABRIC, GRADE D;AP ONLY .#ACFAB",Fabric
"FABRIC, GRADE D;AP ONLY .#ACFAB",Fabric
"FABRIC, GRADE D;AP ONLY .#ACFAB",Fabric
"FABRIC, GRADE A;AP ONLY .#ACFAB",Fabric
"FABRIC, GRADE A;AP ONLY .#ACFAB",Fabric
"FABRIC, GRADE A;AP ONLY .#ACFAB",Fabric
"FABRIC, GRADE A;AP ONLY .#ACFAB",Fabric
"FABRIC, GRADE A;AP ONLY .#ACFAB",Fabric
"FABRIC, GRADE A;AP ONLY .#ACFAB",Fabric
"FABRIC, GRADE A;AP ONLY .#ACFAB",Fabric
"FABRIC, GRADE A;AP ONLY .#ACFAB",Fabric
"FABRIC, GRADE A;AP ONLY .#ACFAB",Fabric
"FABRIC, GRADE A;AP ONLY .#ACFAB",Fabric
"FABRIC, GRADE A;AP ONLY .#ACFAB",Fabric
"FABRIC, GRADE A;AP ONLY .#ACFAB",Fabric
"FABRIC, GRADE A;AP ONLY .#ACFAB",Fabric
"FABRIC, GRADE A;AP ONLY .#ACFAB",Fabric
"FABRIC, GRADE A;NANO .#ACFAB",Fabric
"FABRIC, GRADE A;NANO .#ACFAB",Fabric
"FABRIC, GRADE A;NANO .#ACFAB",Fabric
"FABRIC, GRADE A;NANO .#ACFAB",Fabric
"FABRIC, GRADE A;NANO .#ACFAB",Fabric
"FABRIC, GRADE A;NANO .#ACFAB",Fabric
"FABRIC, GRADE A;NANO .#ACFAB",Fabric
"FABRIC, GRADE A;NANO .#ACFAB",Fabric
"FABRIC, GRADE A;NANO .#ACFAB",Fabric
"FABRIC, GRADE A;NANO .#ACFAB",Fabric
"FABRIC, GRADE A;NANO .#ACFAB",Fabric
"FABRIC, GRADE A;NANO .#ACFAB",Fabric
"FABRIC, GRADE A;NANO .#ACFAB",Fabric
"FABRIC, GRADE A;NANO .#ACFAB",Fabric
"FABRIC, GRADE A;NANO .#ACFAB",Fabric
"FABRIC, GRADE A;NANO .#ACFAB",Fabric
"FABRIC, GRADE A;NANO .#ACFAB",Fabric
"FABRIC, GRADE A;NANO .#ACFAB",Fabric
"FABRIC, GRADE A;NANO .#ACFAB",Fabric
"FABRIC, GRADE A;NANO .#ACFAB",Fabric
"FABRIC, GRADE A;NANO .#ACFAB",Fabric
"FABRIC, GRADE A;NANO .#ACFAB",Fabric
"FABRIC, GRADE A;NANO .#ACFAB",Fabric
"FABRIC, GRADE A;NANO .#ACFAB",Fabric
"FABRIC, GRADE A;NANO .#ACFAB",Fabric
"FABRIC, GRADE A;NANO .#ACFAB",Fabric
"FABRIC, GRADE A;NANO .#ACFAB",Fabric
"FABRIC, GRADE A;NANO .#ACFAB",Fabric
"FABRIC, GRADE A;NANO .#ACFAB",Fabric
"FABRIC, GRADE A;NANO .#ACFAB",Fabric
"FABRIC, GRADE A;NANO .#ACFAB",Fabric
"FABRIC, GRADE A;NANO .#ACFAB",Fabric
"FABRIC, GRADE A;NANO .#ACFAB",Fabric
"FABRIC, GRADE A;NANO .#ACFAB",Fabric
"FABRIC, GRADE A;NANO .#ACFAB",Fabric
"FABRIC, GRADE A;NANO .#ACFAB",Fabric
"FABRIC, GRADE A;NANO .#ACFAB",Fabric
"FABRIC, GRADE A;NANO .#ACFAB",Fabric
"FABRIC, GRADE A;NANO .#ACFAB",Fabric
"FABRIC, GRADE A;NANO .#ACFAB",Fabric
"FABRIC, GRADE A;NANO .#ACFAB",Fabric
"FABRIC, GRADE A;NANO .#ACFAB",Fabric
"FABRIC, GRADE A;AP ONLY .#ACFAB",Fabric
"FABRIC, GRADE A;AP ONLY .#ACFAB",Fabric
"FABRIC, GRADE A;AP ONLY .#ACFAB",Fabric
"FABRIC, GRADE A;AP ONLY .#ACFAB",Fabric
"FABRIC, GRADE A;AP ONLY .#ACFAB",Fabric
"FABRIC, GRADE A;AP ONLY .#ACFAB",Fabric
"FABRIC, GRADE A;AP ONLY .#ACFAB",Fabric
"FABRIC, GRADE A;AP ONLY .#ACFAB",Fabric
"FABRIC, GRADE A;AP ONLY .#ACFAB",Fabric
"FABRIC, GRADE A;AP ONLY .#ACFAB",Fabric
"FABRIC, GRADE A;AP ONLY .#ACFAB",Fabric
"FABRIC, GRADE A;AP ONLY .#ACFAB",Fabric
"FABRIC, GRADE A;AP ONLY .#ACFAB",Fabric
"FABRIC, GRADE A;AP ONLY .#ACFAB",Fabric
"FABRIC, GRADE A;AP ONLY .#ACFAB",Fabric
"FABRIC, GRADE A;AP ONLY .#ACFAB",Fabric
"FABRIC, GRADE A;AP ONLY .#ACFAB",Fabric
"FABRIC, GRADE A;AP ONLY .#ACFAB",Fabric
"FABRIC, GRADE A;AP ONLY .#ACFAB",Fabric
"FABRIC, GRADE A;AP ONLY .#ACFAB",Fabric
"FABRIC, GRADE A;AP ONLY .#ACFAB",Fabric
"FABRIC, GRADE A;AP ONLY .#ACFAB",Fabric
"FABRIC, GRADE A;AP ONLY .#ACFAB",Fabric
"VINYL, GRADE A .#ACFAB",FauxLeather
"VINYL, GRADE A .#ACFAB",FauxLeather
"VINYL, GRADE A .#ACFAB",FauxLeather
"VINYL, GRADE A .#ACFAB",FauxLeather
"VINYL, GRADE A .#ACFAB",FauxLeather
"VINYL, GRADE A .#ACFAB",FauxLeather
"VINYL, GRADE A .#ACFAB",FauxLeather
"VINYL, GRADE A .#ACFAB",FauxLeather
"VINYL, GRADE A .#ACFAB",FauxLeather
"VINYL, GRADE A .#ACFAB",FauxLeather
"FABRIC, GRADE A;AP ONLY .#ACFAB",Fabric
"FABRIC, GRADE A;AP ONLY .#ACFAB",Fabric
"FABRIC, GRADE A;AP ONLY .#ACFAB",Fabric
"FABRIC, GRADE A;AP ONLY .#ACFAB",Fabric
"FABRIC, GRADE A;AP ONLY .#ACFAB",Fabric
"FABRIC, GRADE A;AP ONLY .#ACFAB",Fabric
"FABRIC, GRADE A;AP ONLY .#ACFAB",Fabric
"FABRIC, GRADE A;AP ONLY .#ACFAB",Fabric
"FABRIC, GRADE A;AP ONLY .#ACFAB",Fabric
"FABRIC, GRADE A;AP ONLY .#ACFAB",Fabric
"FABRIC, GRADE A;AP ONLY .#ACFAB",Fabric
"FABRIC, GRADE A;AP ONLY .#ACFAB",Fabric
"PM,Non-woven fabric bag,1100, *1200mm",PackingPouchBag
"PM,Bag,non-woven fabric 600x1000mm",PackingPouchBag
"PM,Bag,non-woven fabric 1100x800mm",PackingPouchBag
"FABRIC, GRADE A;AP ONLY .#ACFAB",Fabric
"FABRIC, GRADE A;AP ONLY .#ACFAB",Fabric
"FABRIC, GRADE A;AP ONLY .#ACFAB",Fabric
"FABRIC, GRADE A;AP ONLY .#ACFAB",Fabric
"FABRIC, GRADE A;AP ONLY .#ACFAB",Fabric
"FABRIC, GRADE A;AP ONLY .#ACFAB",Fabric
"FABRIC, GRADE A;AP ONLY .#ACFAB",Fabric
"FABRIC, GRADE A;AP ONLY .#ACFAB",Fabric
"FABRIC, GRADE A AP ONLY .#ACFAB",Fabric
"FABRIC, GRADE A AP ONLY .#ACFAB",Fabric
"FABRIC, GRADE A;AP ONLY .#ACFAB",Fabric
"FABRIC, GRADE A;AP ONLY .#ACFAB",Fabric
"FABRIC, GRADE A;AP ONLY .#ACFAB",Fabric
"FABRIC, GRADE A;AP ONLY .#ACFAB",Fabric
"FABRIC, GRADE A AP ONLY .#ACFAB",Fabric
"FABRIC, GRADE A AP ONLY .#ACFAB",Fabric
"FABRIC, GRADE A;AP ONLY .#ACFAB",Fabric
"FABRIC, GRADE A AP ONLY .#ACFAB",Fabric
"FABRIC, GRADE A;AP ONLY .#ACFAB",Fabric
"FABRIC, GRADE A;AP ONLY .#ACFAB",Fabric
"FABRIC, GRADE A;AP ONLY .#ACFAB",Fabric
"FABRIC, GRADE A;AP ONLY .#ACFAB",Fabric
"FABRIC, GRADE A;AP ONLY .#ACFAB",Fabric
"FABRIC, GRADE A;AP ONLY .#ACFAB",Fabric
"FABRIC, GRADE A;AP ONLY .#ACFAB",Fabric
"FABRIC, GRADE A;AP ONLY .#ACFAB",Fabric
"FABRIC, GRADE A;AP ONLY .#ACFAB",Fabric
"FABRIC, GRADE A;AP ONLY .#ACFAB",Fabric
"FABRIC, GRADE A;AP ONLY .#ACFAB",Fabric
"FABRIC, GRADE A;AP ONLY .#ACFAB",Fabric
"FABRIC, GRADE A;AP ONLY .#ACFAB",Fabric
"FABRIC, GRADE A;AP ONLY .#ACFAB",Fabric
"FABRIC, GRADE A;AP ONLY .#ACFAB",Fabric
"FABRIC, GRADE A;AP ONLY .#ACFAB",Fabric
"FABRIC, GRADE A;AP ONLY .#ACFAB",Fabric
"FABRIC, GRADE A;AP ONLY .#ACFAB",Fabric
"FABRIC, GRADE A;AP ONLY .#ACFAB",Fabric
"FABRIC, GRADE A;AP ONLY .#ACFAB",Fabric
"FABRIC, GRADE A;AP ONLY .#ACFAB",Fabric
"FABRIC, GRADE A;AP ONLY .#ACFAB",Fabric
"FABRIC, GRADE A;AP ONLY .#ACFAB",Fabric
"FABRIC, GRADE A;AP ONLY .#ACFAB",Fabric
"FABRIC, GRADE A;AP ONLY .#ACFAB",Fabric
"FABRIC, GRADE A;AP ONLY .#ACFAB",Fabric
"FABRIC, GRADE A;AP ONLY .#ACFAB",Fabric
"FABRIC, GRADE A;AP ONLY .#ACFAB",Fabric
"FABRIC, GRADE A;AP ONLY .#ACFAB",Fabric
"FABRIC, GRADE A;AP ONLY .#ACFAB",Fabric
"FABRIC, GRADE A;AP ONLY .#ACFAB",Fabric
"FABRIC, GRADE A;AP ONLY .#ACFAB",Fabric
"FABRIC, GRADE A;AP ONLY .#ACFAB",Fabric
"FABRIC, GRADE A;AP ONLY .#ACFAB",Fabric
"FABRIC, GRADE A;AP ONLY .#ACFAB",Fabric
"FABRIC, GRADE A;AP ONLY .#ACFAB",Fabric
"FABRIC, GRADE A;AP ONLY .#ACFAB",Fabric
"FABRIC, GRADE A;AP ONLY .#ACFAB",Fabric
"FABRIC, GRADE A;AP ONLY .#ACFAB",Fabric
"FABRIC, GRADE A;AP ONLY .#ACFAB",Fabric
"FABRIC, GRADE A;AP ONLY .#ACFAB",Fabric
"FABRIC, GRADE A;AP ONLY .#ACFAB",Fabric
"FABRIC, GRADE A;AP ONLY .#ACFAB",Fabric
"FABRIC, GRADE A;AP ONLY .#ACFAB",Fabric
"FABRIC, GRADE D;AP ONLY .#ACFAB",Fabric
"FABRIC, GRADE D;AP ONLY .#ACFAB",Fabric
"FABRIC, GRADE D;AP ONLY .#ACFAB",Fabric
"FABRIC, GRADE D;AP ONLY .#ACFAB",Fabric
"FABRIC, GRADE D;AP ONLY .#ACFAB",Fabric
"FABRIC, GRADE D;AP ONLY .#ACFAB",Fabric
"FABRIC, GRADE D;AP ONLY .#ACFAB",Fabric
"FABRIC, GRADE D;AP ONLY .#ACFAB",Fabric
"FABRIC, GRADE D;AP ONLY .#ACFAB",Fabric
"FABRIC, GRADE D;AP ONLY .#ACFAB",Fabric
"FABRIC, GRADE D;AP ONLY .#ACFAB",Fabric
"FABRIC, GRADE D;AP ONLY .#ACFAB",Fabric
"FABRIC, GRADE D;AP ONLY .#ACFAB",Fabric
"FABRIC, GRADE D;AP ONLY .#ACFAB",Fabric
"FABRIC, GRADE D;AP ONLY .#ACFAB",Fabric
"FABRIC, GRADE D;AP ONLY .#ACFAB",Fabric
"FABRIC, GRADE D;AP ONLY .#ACFAB",Fabric
"FABRIC, GRADE D;AP ONLY .#ACFAB",Fabric
"FABRIC, GRADE D;AP ONLY .#ACFAB",Fabric
"FABRIC, GRADE D;AP ONLY .#ACFAB",Fabric
"FABRIC, GRADE D;AP ONLY .#ACFAB",Fabric
"FABRIC, GRADE D;AP ONLY .#ACFAB",Fabric
"FABRIC, GRADE D;AP ONLY .#ACFAB",Fabric
"FABRIC, GRADE D;AP ONLY .#ACFAB",Fabric
"FABRIC, GRADE D;AP ONLY .#ACFAB",Fabric
"FABRIC, GRADE D;AP ONLY .#ACFAB",Fabric
"FABRIC, GRADE D;AP ONLY .#ACFAB",Fabric
"FABRIC, GRADE D;AP ONLY .#ACFAB",Fabric
"FABRIC, GRADE D;AP ONLY .#ACFAB",Fabric
"FABRIC, GRADE D;AP ONLY .#ACFAB",Fabric
"FABRIC, GRADE D;AP ONLY .#ACFAB",Fabric
"FABRIC, GRADE D;AP ONLY .#ACFAB",Fabric
"FABRIC, GRADE D;AP ONLY .#ACFAB",Fabric
"FABRIC, GRADE D;AP ONLY .#ACFAB",Fabric
"FABRIC, GRADE D;AP ONLY .#ACFAB",Fabric
"FABRIC, GRADE D;AP ONLY .#ACFAB",Fabric
"FABRIC, GRADE D;AP ONLY .#ACFAB",Fabric
"FABRIC, GRADE D;AP ONLY .#ACFAB",Fabric
"FABRIC, GRADE D;AP ONLY .#ACFAB",Fabric
"FABRIC, GRADE D;AP ONLY .#ACFAB",Fabric
"FABRIC, GRADE D;AP ONLY,CUZ02 BLAZER 1 & 2: Aston",Fabric
"FABRIC, GRADE D;AP ONLY,CUZ08 BLAZER 1 & 2: Napier",Fabric
"FABRIC, GRADE D;AP ONLY,CUZ09 BLAZER 1 & 2: Oxford",Fabric
"FABRIC, GRADE D;AP ONLY,CUZ12 BLAZER 1 & 2: Winchester",Fabric
"FABRIC, GRADE D;AP ONLY,CUZ13 BLAZER 1 & 2: Wellington",Fabric
"FABRIC, GRADE D;AP ONLY,CUZ14 BLAZER 1 & 2: Durham",Fabric
"FABRIC, GRADE D;AP ONLY,CUZ18 BLAZER 1 & 2: Oriel",Fabric
"FABRIC, GRADE D;AP ONLY,CUZ1A BLAZER 1 & 2: City",Fabric
"FABRIC, GRADE D;AP ONLY,CUZ1B BLAZER 1 & 2: Imperial",Fabric
"FABRIC, GRADE D;AP ONLY,CUZ1C BLAZER 1 & 2: Lancaster",Fabric
"FABRIC, GRADE D;AP ONLY,CUZ1D BLAZER 1 & 2: Bath",Fabric
"FABRIC, GRADE D;AP ONLY,CUZ1E BLAZER 1 & 2: Surrey",Fabric
"FABRIC, GRADE D;AP ONLY,CUZ1F BLAZER 1 & 2: Ulster",Fabric
"FABRIC, GRADE D;AP ONLY,CUZ1G BLAZER 1 & 2: Salford",Fabric
"FABRIC, GRADE D;AP ONLY,CUZ1H BLAZER 1 & 2: Belhaven",Fabric
"FABRIC, GRADE D;AP ONLY,CUZ1J BLAZER 1 & 2: Aberlour",Fabric
"FABRIC, GRADE D;AP ONLY,CUZ1K BLAZER 1 & 2: Camphill",Fabric
"FABRIC, GRADE D;AP ONLY,CUZ1L BLAZER 1 & 2: Newport",Fabric
"FABRIC, GRADE D;AP ONLY,CUZ1M BLAZER 1 & 2: Glasgow",Fabric
"FABRIC, GRADE D;AP ONLY,CUZ1N BLAZER 1 & 2: Cardiff",Fabric
"FABRIC, GRADE D;AP ONLY,CUZ1P BLAZER 1 & 2: Hull",Fabric
"FABRIC, GRADE D;AP ONLY,CUZ1Q BLAZER 1 & 2: Brighton",Fabric
"FABRIC, GRADE D;AP ONLY .#ACFAB",Fabric
"FABRIC, GRADE D;AP ONLY,CUZ1S BLAZER 1 & 2: Nottingham",Fabric
"FABRIC, GRADE D;AP ONLY,CUZ1T BLAZER 1 & 2: Sheffield",Fabric
"FABRIC, GRADE D;AP ONLY,CUZ1U BLAZER 1 & 2: Sussex",Fabric
"FABRIC, GRADE D;AP ONLY,CUZ1V BLAZER 1 & 2: Manchester",Fabric
"FABRIC, GRADE D;AP ONLY,CUZ1W BLAZER 1 & 2: Newcastle",Fabric
"FABRIC, GRADE D;AP ONLY,CUZ1X BLAZER 1 & 2: St Martins",Fabric
"FABRIC, GRADE D;AP ONLY,CUZ1Y BLAZER 1 & 2: Edinburgh",Fabric
"FABRIC, GRADE D;AP ONLY,CUZ1Z BLAZER 1 & 2: Exeter",Fabric
"FABRIC, GRADE D;AP ONLY,CUZ21 BLAZER 1 & 2: Magdalene",Fabric
"FABRIC, GRADE D;AP ONLY,CUZ24 BLAZER 1 & 2: Balliol",Fabric
"FABRIC, GRADE D;AP ONLY,CUZ26 BLAZER 1 & 2: Knightsbridge",Fabric
"FABRIC, GRADE D;AP ONLY,CUZ27 BLAZER 1 & 2: Collingwood",Fabric
"FABRIC, GRADE D;AP ONLY,CUZ28 BLAZER 1 & 2: Silverdale",Fabric
"FABRIC, GRADE D;AP ONLY,CUZ2A BLAZER 1 & 2: Loughborough",Fabric
"FABRIC, GRADE D, AP ONLY, .#ACFAB",Fabric
"FABRIC, GRADE D, AP ONLY, .#ACFAB",Fabric
"FABRIC, GRADE D, AP ONLY, .#ACFAB",Fabric
"FABRIC, GRADE D, AP ONLY, .#ACFAB",Fabric
"FABRIC, GRADE D, AP ONLY, .#ACFAB",Fabric
"FABRIC, GRADE D, AP ONLY, .#ACFAB",Fabric
"FABRIC, GRADE D, AP ONLY, .#ACFAB",Fabric
"FABRIC, GRADE D, AP ONLY, .#ACFAB",Fabric
"FABRIC, GRADE D, AP ONLY, .#ACFAB",Fabric
"FABRIC, GRADE D;AP ONLY,CUZ30 BLAZER 1 & 2: Silcoates",Fabric
"FABRIC, GRADE D;AP ONLY,CUZ31 BLAZER 1 & 2: Trevelyan",Fabric
"FABRIC, GRADE D;AP ONLY,CUZ32 BLAZER 1 & 2: Bambridge",Fabric
"FABRIC, GRADE D;AP ONLY,CUZ33 BLAZER 1 & 2: Latymer",Fabric
"FABRIC, GRADE D;AP ONLY,CUZ35 BLAZER 1 & 2: Bromsgrove",Fabric
"FABRIC, GRADE D;AP ONLY,CUZ39 BLAZER 1 & 2: Goldsmith",Fabric
"FABRIC, GRADE D, AP ONLY, .#ACFAB",Fabric
"FABRIC, GRADE D, AP ONLY, .#ACFAB",Fabric
"FABRIC, GRADE D, AP ONLY, .#ACFAB",Fabric
"FABRIC, GRADE D, AP ONLY, .#ACFAB",Fabric
"FABRIC, GRADE D, AP ONLY, .#ACFAB",Fabric
"FABRIC, GRADE D;AP ONLY,CUZ46 BLAZER 1 & 2: Eastbourne",Fabric
"FABRIC, GRADE D;AP ONLY,CUZ47 BLAZER 1 & 2: Fairfield",Fabric
"FABRIC, GRADE D;AP ONLY,CUZ53 BLAZER 1 & 2: Bryanston",Fabric
"FABRIC, GRADE D;AP ONLY,CUZ58 BLAZER 1 & 2: Dunhurst",Fabric
"FABRIC, GRADE D;AP ONLY,CUZ62 BLAZER 1 & 2: Glenalmond",Fabric
"FABRIC, GRADE D;AP ONLY,CUZ63 BLAZER 1 & 2: Handcross",Fabric
"FABRIC, GRADE D;AP ONLY,CUZ66 BLAZER 1 & 2: Kimbolton",Fabric
"FABRIC, GRADE D;AP ONLY,CUZ67 BLAZER 1 & 2: Kingsmead",Fabric
"FABRIC, GRADE D;AP ONLY,CUZ82 BLAZER 1 & 2: Wesley",Fabric
"FABRIC, GRADE D;AP ONLY,CUZ83 BLAZER 1 & 2: Butterstone",Fabric
"FABRIC, GRADE D;AP ONLY,CUZ84 BLAZER 1 & 2: Dollar",Fabric
"FABRIC, GRADE D;AP ONLY,CUZ85 BLAZER 1 & 2: Keil",Fabric
"FABRIC, GRADE D;AP ONLY,CUZ86 BLAZER 1 & 2: St Andrews",Fabric
"FABRIC, GRADE D;AP ONLY,CUZ87 BLAZER 1 & 2: Aberdeen",Fabric
"FABRIC, GRADE D;AP ONLY,CUZ88 BLAZER 1 & 2: Starley",Fabric
"FABRIC, GRADE D;AP ONLY,CUZ89 BLAZER 1 & 2: Rockport",Fabric
"FABRIC, GRADE D;AP ONLY,CUZ90 BLAZER 1 & 2: Edge Hill",Fabric
"FABRIC, GRADE D;AP ONLY .#ACFAB",Fabric
"FABRIC, GRADE D;AP ONLY .#ACFAB",Fabric
"FABRIC, GRADE D;AP ONLY .#ACFAB",Fabric
"FABRIC, GRADE D;AP ONLY .#ACFAB",Fabric
"FABRIC, GRADE D;AP ONLY .#ACFAB",Fabric
"FABRIC, GRADE D;AP ONLY .#ACFAB",Fabric
"FABRIC, GRADE D;AP ONLY .#ACFAB",Fabric
"FABRIC, GRADE D;AP ONLY .#ACFAB",Fabric
"FABRIC, GRADE D;AP ONLY .#ACFAB",Fabric
"FABRIC, GRADE D;AP ONLY .#ACFAB",Fabric
"FABRIC, GRADE D;AP ONLY .#ACFAB",Fabric
"FABRIC, GRADE A; EVV, .#ACFAB",Fabric
"FABRIC, GRADE A; EVV, .#ACFAB",Fabric
"FABRIC, GRADE A; EVV, .#ACFAB",Fabric
"FABRIC, GRADE A; EVV, .#ACFAB",Fabric
"FABRIC, GRADE A; EVV, .#ACFAB",Fabric
"FABRIC, GRADE A; EVV, .#ACFAB",Fabric
"FABRIC, GRADE A; EVV, .#ACFAB",Fabric
"FABRIC, GRADE A; EVV, .#ACFAB",Fabric
"FABRIC, GRADE A; EVV, .#ACFAB",Fabric
"FABRIC, GRADE A; EVV, .#ACFAB",Fabric
"FABRIC, GRADE A; EVV, .#ACFAB",Fabric
"FABRIC, GRADE A; EVV, .#ACFAB",Fabric
"FABRIC, GRADE A; EVV, .#ACFAB",Fabric
"FABRIC, GRADE A; EVV, .#ACFAB",Fabric
"FABRIC, GRADE A; EVV, .#ACFAB",Fabric
"FABRIC, GRADE A; EVV, .#ACFAB",Fabric
"FABRIC, GRADE A; EVV, .#ACFAB",Fabric
"FABRIC, GRADE A; EVV, .#ACFAB",Fabric
"FABRIC, GRADE A; EVV, .#ACFAB",Fabric
"FABRIC, GRADE A; EVV, .#ACFAB",Fabric
"FABRIC, GRADE A; EVV, .#ACFAB",Fabric
"FABRIC, GRADE A; EVV, .#ACFAB",Fabric
"FABRIC, GRADE B;X2,AK001; X2,Ratio",Fabric
"FABRIC, GRADE B;X2,AK002; X2,Polygon",Fabric
"FABRIC, GRADE B;X2,AK003; X2,Fraction",Fabric
"FABRIC, GRADE B;X2,AK004; X2,Equation",Fabric
"FABRIC, GRADE B;X2,AK005; X2,Algebra",Fabric
"FABRIC, GRADE B;X2,AK006; X2,Value",Fabric
"FABRIC, GRADE B;X2,AK007; X2,Maths",Fabric
"FABRIC, GRADE B;X2,AK008; X2AK008,Calculus",Fabric
"FABRIC, GRADE B;X2,AK009; X2,Acute",Fabric
"FABRIC, GRADE B;X2,AK010; X2,Metric",Fabric
"FABRIC, GRADE B;X2,AK011; X2,Median",Fabric
"FABRIC, GRADE B;X2,AK012; X2,Add",Fabric
"FABRIC, GRADE B;X2,AK013; X2,Subtract",Fabric
"FABRIC, GRADE B;X2,AK014; X2,Multiply",Fabric
"FABRIC, GRADE B;X2,AK015; X2,Divide",Fabric
"FABRIC, GRADE B;X2,AK016; X2,Percentage",Fabric
"FABRIC, GRADE B;X2,AK017; X2,Formula",Fabric
"FABRIC, GRADE B;X2,AK018; X2,Arithmetic",Fabric
"FABRIC, GRADE B;X2,AK019; X2,Positive",Fabric
"FABRIC, GRADE B;X2,AK020; X2,Number",Fabric
"Fabric,Grade A, AP only,CSE01 CS/Era,Futurist,54,unback",Fabric
"Fabric,Grade A, AP only,CSE02 CS/Era,Generation,54,unback",Fabric
"Fabric,Grade A, AP only,CSE03 CS/Era,Lifetime,54,unback",Fabric
"Fabric,Grade A, AP only,CSE05 CS/Era,Span,54,unback",Fabric
"Fabric,Grade A, AP only,CSE06 CS/Era,Cycle,54,unback",Fabric
"Fabric,Grade A, AP only,CSE07 CS/Era,Period,54,unback",Fabric
"Fabric,Grade A, AP only,CSE08 CS/Era,Chapter,54,unback",Fabric
"Fabric,Grade A, AP only,CSE09 CS/Era,Prime,54,unback",Fabric
"Fabric,Grade A, AP only,CSE10 CS/Era,Everlasting,54,unback",Fabric
"Fabric,Grade A, AP only,CSE11 CS/Era,Forecast,54,unback",Fabric
"Fabric,Grade A, AP only,CSE12 CS/Era,Perennial,54,unback",Fabric
"Fabric,Grade A, AP only,CSE13 CS/Era,Present,54,unback",Fabric
"Fabric,Grade A, AP only,CSE14 CS/Era,Forward,54,unback",Fabric
"Fabric,Grade A, AP only,CSE15 CS/Era,Stage,54,unback",Fabric
"Fabric,Grade D, AP only,MF001 MF/Mainlineflax,Goldhawk",Fabric
"Fabric,Grade D, AP only,MF002 MF/Mainlineflax,Archway",Fabric
"Fabric,Grade D, AP only,MF003 MF/Mainlineflax,Barbican",Fabric
"Fabric,Grade D, AP only,MF004 MF/Mainlineflax,Euston",Fabric
"Fabric,Grade D, AP only,MF005 MF/Mainlineflax,Brompton",Fabric
"Fabric,Grade D, AP only,MF006 MF/Mainlineflax,Tower",Fabric
"Fabric,Grade D, AP only,MF007 MF/Mainlineflax,Upminster",Fabric
"Fabric,Grade D, AP only,MF008 MF/Mainlineflax,Lambeth",Fabric
"Fabric,Grade D, AP only,MF009 MF/Mainlineflax,Camden",Fabric
"Fabric,Grade D, AP only,MF010 MF/Mainlineflax,Newbury",Fabric
"Fabric,Grade D, AP only,MF011 MF/Mainlineflax,Northfields",Fabric
"Fabric,Grade D, AP only,MF012 MF/Mainlineflax,Bank",Fabric
"Fabric,Grade D, AP only,MF013 MF/Mainlineflax,Bayswater",Fabric
"Fabric,Grade D, AP only,MF014 MF/Mainlineflax,Parsons",Fabric
"Fabric,Grade D, AP only,MF015 MF/Mainlineflax,Edgware",Fabric
"Fabric,Grade D, AP only,MF016 MF/Mainlineflax,Temple",Fabric
"Fabric,Grade D, AP only,MF017 MF/Mainlineflax,Victoria",Fabric
"FABRIC, GRADE D, 140cm, .#ACFAB",Fabric
"FABRIC, GRADE D, 140cm, .#ACFAB",Fabric
"FABRIC, GRADE D, 140cm, .#ACFAB",Fabric
"FABRIC, GRADE D, 140cm, .#ACFAB",Fabric
"FABRIC, GRADE D, 140cm, .#ACFAB",Fabric
"FABRIC, GRADE D, 140cm, .#ACFAB",Fabric
"FABRIC, GRADE D, 140cm, .#ACFAB",Fabric
"FABRIC, GRADE D, 140cm, .#ACFAB",Fabric
"FABRIC, GRADE D, 140cm, .#ACFAB",Fabric
"FABRIC, GRADE D, 140cm, .#ACFAB",Fabric
"FABRIC, GRADE D, 140cm, .#ACFAB",Fabric
"FABRIC, GRADE D, 140cm, .#ACFAB",Fabric
"FABRIC, GRADE D, 140cm, .#ACFAB",Fabric
"FABRIC, GRADE D, 140cm, .#ACFAB",Fabric
"FABRIC, GRADE D, 140cm, .#ACFAB",Fabric
"FABRIC, GRADE D, 140cm, .#ACFAB",Fabric
"FABRIC, GRADE D, 140cm, .#ACFAB",Fabric
"FABRIC, GRADE D, 140cm, .#ACFAB",Fabric
"FABRIC, GRADE D, 140cm, .#ACFAB",Fabric
"FABRIC, GRADE D, 140cm, .#ACFAB",Fabric
"FABRIC, GRADE D, 140cm, .#ACFAB",Fabric
"FABRIC, GRADE D, 140cm, .#ACFAB",Fabric
"FABRIC, GRADE D, 140cm, .#ACFAB",Fabric
"FABRIC, GRADE D, 140cm, .#ACFAB",Fabric
"FABRIC, GRADE D, 140cm, .#ACFAB",Fabric
"FABRIC, GRADE D, 140cm, .#ACFAB",Fabric
"FABRIC, GRADE D, 140cm, .#ACFAB",Fabric
"FABRIC, GRADE D, 140cm, .#ACFAB",Fabric
"FABRIC, GRADE D, 140cm, .#ACFAB",Fabric
"FABRIC, GRADE D, 140cm, .#ACFAB",Fabric
"FABRIC, GRADE D, 140cm, .#ACFAB",Fabric
"FABRIC, GRADE D, 140cm, .#ACFAB",Fabric
"FABRIC, GRADE D, 140cm, .#ACFAB",Fabric
"FABRIC, GRADE D, 140cm, .#ACFAB",Fabric
"FABRIC, GRADE D, 140cm, .#ACFAB",Fabric
"FABRIC, GRADE C, 140cm, Oceanic .#ACFAB",Fabric
"FABRIC, GRADE C, 140cm, Oceanic .#ACFAB",Fabric
"FABRIC, GRADE C, 140cm, Oceanic .#ACFAB",Fabric
"FABRIC, GRADE C, 140cm, Oceanic .#ACFAB",Fabric
"FABRIC, GRADE C, 140cm, Oceanic .#ACFAB",Fabric
"FABRIC, GRADE C, 140cm, Oceanic .#ACFAB",Fabric
"FABRIC, GRADE C, 140cm, Oceanic .#ACFAB",Fabric
"FABRIC, GRADE C, 140cm, Oceanic .#ACFAB",Fabric
"FABRIC, GRADE C, 140cm, Oceanic .#ACFAB",Fabric
"FABRIC, GRADE C, 140cm, Oceanic .#ACFAB",Fabric
"FABRIC, GRADE C, 140cm, Oceanic .#ACFAB",Fabric
"FABRIC, GRADE C, 140cm, Oceanic .#ACFAB",Fabric
"FABRIC, GRADE C, 140cm, Oceanic .#ACFAB",Fabric
"FABRIC, GRADE C, 140cm, Oceanic .#ACFAB",Fabric
"FABRIC, GRADE C, 140cm, Oceanic .#ACFAB",Fabric
"FABRIC, GRADE C, 140cm, Oceanic .#ACFAB",Fabric
"FABRIC, GRADE 0 .#ACFAB",Fabric
"FABRIC, GRADE 0 .#ACFAB",Fabric
"FABRIC, GRADE 0 .#ACFAB",Fabric
"FABRIC, GRADE 0 .#ACFAB",Fabric
"FABRIC, GRADE 0 .#ACFAB",Fabric
"FABRIC, GRADE 0 .#ACFAB",Fabric
"FABRIC, GRADE 0 .#ACFAB",Fabric
"FABRIC,GRADE 0, .#ACFAB",Fabric
"FABRIC,GRADE 0, .#ACFAB",Fabric
"FABRIC,GRADE 0, .#ACFAB",Fabric
"FABRIC,GRADE 0, .#ACFAB",Fabric
"FABRIC,GRADE 0, .#ACFAB",Fabric
"FABRIC,GRADE 0, .#ACFAB",Fabric
"FABRIC,GRADE 0, .#ACFAB",Fabric
"FABRIC,GRADE 0, .#ACFAB",Fabric
"FABRIC,GRADE 0, .#ACFAB",Fabric
"Mesh,MT,Lively,.#ACMSH",Fabric
"Mesh,MT,Lively,.#ACMSH",Fabric
"Mesh,MT,Lively,.#ACMSH",Fabric
"Mesh,MT,Lively,.#ACMSH",Fabric
"Mesh,MT,Lively,.#ACMSH",Fabric
"Mesh,MT,Lively,.#ACMSH",Fabric
"MT007 Agave , .#ACMSH",Fabric
"MT008 Lagoon, .#ACMSH",Fabric
"Mesh fabric NON suspension, cutting, MH001 Black",Fabric
"Mesh fabric NON suspension, cutting, MH002 Grey",Fabric
"Mesh fabric NON suspension, cutting, MH003 Beige",Fabric
"Mesh fabric NON suspension, cutting, MH004 Blue",Fabric
"Mesh fabric NON suspension, cutting, MH005 Green",Fabric
"Mesh fabric NON suspension, cutting, MH006 Red",Fabric
"122-5586 FABRIC,ROLL,MB_BE Gabriel code870561191",Fabric
"MESH,RUNNER,FERN Gabriel code870560999",Fabric
"122-5587 FABRIC,ROLL,MB_CF Gabriel code870566150",Fabric
"122-5588 FABRIC,ROLL,MB_LM Gabriel code870561192",Fabric
"Mesh,MB, .#ACMSH",Fabric
"122-5589 FABRIC,ROLL,MB_MF Gabriel code870560173",Fabric
"122-5591 FABRIC,ROLL,MB_MR Gabriel code870561193",Fabric
"122-5590 FABRIC,ROLL,MB_MU Gabriel code870560170",Fabric
"122-7714FABRIC,ROLL,MB_PM Gabriel code870568118",Fabric
"122-5592 FABRIC,ROLL,MB_RR Gabriel code870560171",Fabric
"122-5593 FABRIC,ROLL,MB_SE Gabriel code870564127",Fabric
"122-5594 FABRIC,ROLL,BM_SL Gabriel code870560169",Fabric
"122-5595 FABRIC,ROLL,MB_SU Gabriel code870562055",Fabric
Phonix accoustic Nano fibre 1400W,Fiber
"FABRIC, GRADE E, REMIX 3 NON-BACKED, .#ACFAB",Fabric
"FABRIC, GRADE E, REMIX 3 NON-BACKED, .#ACFAB",Fabric
"FABRIC, GRADE E, REMIX 3 NON-BACKED, .#ACFAB",Fabric
"FABRIC, GRADE E, REMIX 3 NON-BACKED, .#ACFAB",Fabric
"FABRIC, GRADE E, REMIX 3 NON-BACKED, .#ACFAB",Fabric
"FABRIC, GRADE E, REMIX 3 NON-BACKED, .#ACFAB",Fabric
"FABRIC, GRADE E, REMIX 3 NON-BACKED, .#ACFAB",Fabric
"FABRIC, GRADE E, REMIX 3 NON-BACKED, .#ACFAB",Fabric
"FABRIC, GRADE E, REMIX 3 NON-BACKED, .#ACFAB",Fabric
"FABRIC, GRADE E, REMIX 3 NON-BACKED, .#ACFAB",Fabric
"FABRIC, GRADE E, REMIX 3 NON-BACKED, .#ACFAB",Fabric
"FABRIC, GRADE E, REMIX 3 NON-BACKED, .#ACFAB",Fabric
"FABRIC, GRADE E, REMIX 3 NON-BACKED, .#ACFAB",Fabric
"FABRIC, GRADE E, REMIX 3 NON-BACKED, .#ACFAB",Fabric
"FABRIC, GRADE E, REMIX 3 NON-BACKED, .#ACFAB",Fabric
"FABRIC, GRADE E, REMIX 3 NON-BACKED, .#ACFAB",Fabric
"FABRIC, GRADE E, REMIX 3 NON-BACKED, .#ACFAB",Fabric
"FABRIC, GRADE E, REMIX 3 NON-BACKED, .#ACFAB",Fabric
"FABRIC, GRADE E, REMIX 3 NON-BACKED, .#ACFAB",Fabric
"FABRIC, GRADE E, REMIX 3 NON-BACKED, .#ACFAB",Fabric
"FABRIC, GRADE E, REMIX 3 NON-BACKED, .#ACFAB",Fabric
"FABRIC, GRADE E, REMIX 3 NON-BACKED, .#ACFAB",Fabric
"FABRIC, GRADE E, REMIX 3 NON-BACKED, .#ACFAB",Fabric
"FABRIC, GRADE E, REMIX 3 NON-BACKED, .#ACFAB",Fabric
"FABRIC, GRADE E, REMIX 3 NON-BACKED, .#ACFAB",Fabric
"FABRIC, GRADE E, REMIX 3 NON-BACKED, .#ACFAB",Fabric
"FABRIC, GRADE E, REMIX 3 NON-BACKED, .#ACFAB",Fabric
"FABRIC, GRADE E, REMIX 3 NON-BACKED, .#ACFAB",Fabric
"FABRIC, GRADE E, REMIX 3 NON-BACKED, .#ACFAB",Fabric
"FABRIC, GRADE E, REMIX 3 NON-BACKED, .#ACFAB",Fabric
"FABRIC, GRADE E, REMIX 3 NON-BACKED, .#ACFAB",Fabric
"FABRIC, GRADE E, REMIX 3 NON-BACKED, .#ACFAB",Fabric
"FABRIC, GRADE E, REMIX 3 NON-BACKED, .#ACFAB",Fabric
"FABRIC, GRADE E, REMIX 3 NON-BACKED, .#ACFAB",Fabric
"FABRIC, GRADE E, REMIX 3 NON-BACKED, .#ACFAB",Fabric
"FABRIC, GRADE E, REMIX 3 NON-BACKED, .#ACFAB",Fabric
"FABRIC, GRADE E, REMIX 3 NON-BACKED, .#ACFAB",Fabric
"FABRIC, GRADE E, REMIX 3 NON-BACKED, .#ACFAB",Fabric
"FABRIC, GRADE E, REMIX 3 NON-BACKED, .#ACFAB",Fabric
"FABRIC, GRADE E, REMIX 3 NON-BACKED, .#ACFAB",Fabric
"FABRIC, GRADE E, REMIX 3 NON-BACKED, .#ACFAB",Fabric
"FABRIC, GRADE E, REMIX 3 NON-BACKED, .#ACFAB",Fabric
"FABRIC, GRADE E, REMIX 3 NON-BACKED, .#ACFAB",Fabric
"FABRIC, GRADE E, REMIX 3 NON-BACKED, .#ACFAB",Fabric
"FABRIC, GRADE E, REMIX 3 NON-BACKED, .#ACFAB",Fabric
"FABRIC, GRADE E, REMIX 3 NON-BACKED, .#ACFAB",Fabric
"FABRIC, GRADE E, REMIX 3 NON-BACKED, .#ACFAB",Fabric
"FABRIC, GRADE E, REMIX 3 NON-BACKED, .#ACFAB",Fabric
"FABRIC, GRADE E, REMIX 3 NON-BACKED, .#ACFAB",Fabric
"FABRIC, GRADE B, Focus, .#ACFAB",Fabric
"FABRIC, GRADE B, Focus, .#ACFAB",Fabric
"FABRIC, GRADE B, Focus, .#ACFAB",Fabric
"FABRIC, GRADE B, Focus, .#ACFAB",Fabric
"FABRIC, GRADE B, Focus, .#ACFAB",Fabric
"FABRIC, GRADE B, Focus, .#ACFAB",Fabric
"FABRIC, GRADE B, Focus, .#ACFAB",Fabric
"FABRIC, GRADE B, Focus, .#ACFAB",Fabric
"FABRIC, GRADE B, Focus, .#ACFAB",Fabric
"FABRIC, GRADE B, Focus, .#ACFAB",Fabric
"FABRIC, GRADE B, Focus, .#ACFAB",Fabric
"FABRIC, GRADE B, Focus, .#ACFAB",Fabric
"FABRIC, GRADE B, Focus, .#ACFAB",Fabric
"FABRIC, GRADE B, Focus, .#ACFAB",Fabric
"FABRIC, GRADE B, Focus, .#ACFAB",Fabric
"FABRIC, GRADE B, Focus, .#ACFAB",Fabric
"FABRIC, GRADE B, Focus, .#ACFAB",Fabric
"FABRIC, GRADE B, Focus, .#ACFAB",Fabric
"FABRIC, GRADE B, Focus, .#ACFAB",Fabric
"FABRIC, GRADE B, Focus, .#ACFAB",Fabric
"FABRIC, GRADE B, Focus, .#ACFAB",Fabric
"FABRIC, GRADE B, Focus, .#ACFAB",Fabric
"FABRIC, GRADE B, Focus, .#ACFAB",Fabric
"FABRIC, GRADE B, Focus, .#ACFAB",Fabric
"FABRIC, GRADE B, Focus, .#ACFAB",Fabric
"FABRIC, GRADE B, Focus, .#ACFAB",Fabric
"FABRIC, GRADE B, Focus, .#ACFAB",Fabric
"FABRIC, GRADE B, Focus, .#ACFAB",Fabric
"FABRIC,GRADE A,COMBO 142cm E15016023 .#ACFAB",Fabric
"FABRIC,GRADE A,COMBO 142cm E15016017 .#ACFAB",Fabric
"FABRIC,GRADE A,COMBO 142cm E15016019 .#ACFAB",Fabric
"FABRIC,GRADE A,COMBO 142cm E15016012 .#ACFAB",Fabric
"FABRIC,GRADE A,COMBO 142cm E15016014 .#ACFAB",Fabric
"FABRIC,GRADE A,COMBO 142cm E15016001 .#ACFAB",Fabric
"FABRIC,GRADE A,COMBO 142cm E15016003 .#ACFAB",Fabric
"FABRIC,GRADE A,COMBO 142cm E15016004 .#ACFAB",Fabric
"FABRIC,GRADE A,COMBO 142cm E15016022 .#ACFAB",Fabric
"FABRIC,GRADE A,COMBO, ALTA, 142cm,E15016023 .#ACFAB",Fabric
"FABRIC,GRADE A,COMBO, ALTA, 142cm E15016017 .#ACFAB",Fabric
"FABRIC,GRADE A,COMBO, ALTA, 142cm,E15016019 .#ACFAB",Fabric
"FABRIC,GRADE A,COMBO, ALTA, 142cm,E15016012 .#ACFAB",Fabric
"FABRIC,GRADE A,COMBO, ALTA, 142cm,E15016014 .#ACFAB",Fabric
"FABRIC,GRADE A,COMBO, ALTA, 142cm,E15016001 .#ACFAB",Fabric
"FABRIC,GRADE A,COMBO, ALTA, 142cm,E15016003 .#ACFAB",Fabric
"FABRIC,GRADE A,COMBO, ALTA, 142cm,E15016004 .#ACFAB",Fabric
"FABRIC,GRADE A,COMBO, ALTA, 142cm,E15016022 .#ACFAB",Fabric
"Fabric,grade E,138 cm, .#ACFAB",Fabric
"Fabric,grade E,138 cm, .#ACFAB",Fabric
"Fabric,grade E,138 cm, .#ACFAB",Fabric
"Fabric,grade E,138 cm, .#ACFAB",Fabric
"Fabric,grade E,138 cm, .#ACFAB",Fabric
"Fabric,grade E,138 cm, .#ACFAB",Fabric
"Fabric,grade E,138 cm, .#ACFAB",Fabric
"Fabric,grade C,155 cm, .#ACFAB",Fabric
"Fabric,grade C,155 cm, .#ACFAB",Fabric
"Fabric,grade C,155 cm, .#ACFAB",Fabric
"Fabric,grade C,155 cm, .#ACFAB",Fabric
"Fabric,grade C,155 cm, .#ACFAB",Fabric
"Fabric,grade C,155 cm, .#ACFAB",Fabric
"Fabric,grade C,155 cm, .#ACFAB",Fabric
"Fabric,grade C,155 cm, .#ACFAB",Fabric
"Fabric,grade A,140 cm, .#ACFAB",Fabric
"Fabric,grade A,140 cm, .#ACFAB",Fabric
"Fabric,grade A,140 cm, .#ACFAB",Fabric
"Fabric,grade A,140 cm, .#ACFAB",Fabric
"Fabric,grade A,140 cm, .#ACFAB",Fabric
"Fabric,grade A,140 cm, .#ACFAB",Fabric
"Fabric,grade A,140 cm, .#ACFAB",Fabric
"Fabric,grade A,140 cm, .#ACFAB",Fabric
"Fabric,grade A,140 cm, .#ACFAB",Fabric
"Fabric,grade A,140 cm, .#ACFAB",Fabric
"Fabric,grade A,140 cm, .#ACFAB",Fabric
"Fabric,grade A,140 cm, .#ACFAB",Fabric
"Fabric,grade A,140 cm, .#ACFAB",Fabric
"Fabric,grade A,140 cm, .#ACFAB",Fabric
"Fabric,grade A,140 cm, .#ACFAB",Fabric
"Fabric,grade A,140 cm, .#ACFAB",Fabric
"Fabric,grade A,140 cm, .#ACFAB",Fabric
"Fabric,grade A,140 cm, .#ACFAB",Fabric
"Fabric,grade A,140 cm, .#ACFAB",Fabric
"Fabric,grade A,140 cm, .#ACFAB",Fabric
"Fabric,grade A,140 cm, .#ACFAB",Fabric
"Fabric,grade A,140 cm, .#ACFAB",Fabric
"Fabric,grade A,140 cm, .#ACFAB",Fabric
"Fabric,grade A,140 cm, .#ACFAB",Fabric
"Fabric,grade A,140 cm, .#ACFAB",Fabric
"Fabric,grade A,140 cm, .#ACFAB",Fabric
"Fabric,grade A,140 cm, .#ACFAB",Fabric
"Fabric,grade A,140 cm, .#ACFAB",Fabric
"Fabric,grade A,140 cm, .#ACFAB",Fabric
"Fabric,grade A,140 cm, .#ACFAB",Fabric
"Fabric,grade A,140 cm, .#ACFAB",Fabric
"Fabric,grade A,140 cm, .#ACFAB",Fabric
"Fabric,grade A,140 cm, .#ACFAB",Fabric
"Fabric,grade A,140 cm, .#ACFAB",Fabric
"Fabric,grade A,140 cm, .#ACFAB",Fabric
"Fabric,grade A,140 cm, .#ACFAB",Fabric
"Fabric,grade A,140 cm, .#ACFAB",Fabric
"Fabric,grade A,140 cm, .#ACFAB",Fabric
"Fabric,grade A,140 cm, .#ACFAB",Fabric
"Fabric,grade A,140 cm, .#ACFAB",Fabric
"FABRIC, GRADE D, 140cm, Relate, .#ACFAB",Fabric
"FABRIC, GRADE D, 140cm, Relate, .#ACFAB",Fabric
"FABRIC, GRADE D, 140cm, Relate, .#ACFAB",Fabric
"FABRIC, GRADE D, 140cm, Relate, .#ACFAB",Fabric
"FABRIC, GRADE D, 140cm, Relate, .#ACFAB",Fabric
"FABRIC, GRADE D, 140cm, Relate, .#ACFAB",Fabric
"FABRIC, GRADE D, 140cm, Relate, .#ACFAB",Fabric
"FABRIC, GRADE D, 140cm, Relate, .#ACFAB",Fabric
"FABRIC, GRADE D, 140cm, Relate, .#ACFAB",Fabric
"FABRIC, GRADE D, 140cm, Relate, .#ACFAB",Fabric
"FABRIC, GRADE D, 140cm, Relate, .#ACFAB",Fabric
"FABRIC, GRADE D, 140cm, Relate, .#ACFAB",Fabric
"FABRIC, GRADE D, 140cm, Relate, .#ACFAB",Fabric
"FABRIC, GRADE D, 140cm, Relate, .#ACFAB",Fabric
"FABRIC, GRADE D, 140cm, Relate, .#ACFAB",Fabric
"FABRIC, GRADE D, 140cm, Relate, .#ACFAB",Fabric
"FABRIC, GRADE D, 140cm, Relate, .#ACFAB",Fabric
"FABRIC, GRADE D, 140cm, Relate, .#ACFAB",Fabric
"FABRIC, GRADE D, 140cm, Relate, .#ACFAB",Fabric
"FABRIC, GRADE D, 140cm, Relate, .#ACFAB",Fabric
"FABRIC, GRADE E, 140cm, .#ACFAB",Fabric
"FABRIC, GRADE E, 140cm, .#ACFAB",Fabric
"FABRIC, GRADE E, 140cm, .#ACFAB",Fabric
"FABRIC, GRADE E, 140cm, .#ACFAB",Fabric
"FABRIC, GRADE E, 140cm, .#ACFAB",Fabric
"FABRIC, GRADE E, 140cm, .#ACFAB",Fabric
"FABRIC, GRADE E, 140cm, .#ACFAB",Fabric
"FABRIC, GRADE E, 140cm, .#ACFAB",Fabric
"FABRIC, GRADE E, 140cm, .#ACFAB",Fabric
"FABRIC, GRADE E, 140cm, .#ACFAB",Fabric
"FABRIC, GRADE E, 140cm, .#ACFAB",Fabric
"FABRIC, GRADE E, 140cm, .#ACFAB",Fabric
"FABRIC, GRADE E, 140cm, .#ACFAB",Fabric
"FABRIC, GRADE E, 140cm, .#ACFAB",Fabric
"FABRIC, GRADE E, 140cm, .#ACFAB",Fabric
"FABRIC, GRADE E, 140cm, .#ACFAB",Fabric
"FABRIC, GRADE E, 140cm, .#ACFAB",Fabric
"FABRIC, GRADE E, 140cm, .#ACFAB",Fabric
"FABRIC, GRADE E, 140cm, .#ACFAB",Fabric
"FABRIC, GRADE H, 150cm, .#ACFAB",Fabric
"FABRIC, GRADE H, 150cm, .#ACFAB",Fabric
"FABRIC, GRADE H, 150cm, .#ACFAB",Fabric
"FABRIC, GRADE H, 150cm, .#ACFAB",Fabric
"FABRIC, GRADE H, 150cm, .#ACFAB",Fabric
"FABRIC, GRADE H, 150cm, .#ACFAB",Fabric
"FABRIC, GRADE H, 150cm, .#ACFAB",Fabric
"FABRIC, GRADE H, 150cm, .#ACFAB",Fabric
"FABRIC, GRADE H, 140cm, .#ACFAB",Fabric
"FABRIC, GRADE H, 140cm, .#ACFAB",Fabric
"FABRIC, GRADE H, 140cm, .#ACFAB",Fabric
"FABRIC, GRADE H, 140cm, .#ACFAB",Fabric
"FABRIC, GRADE H, 140cm, .#ACFAB",Fabric
"FABRIC, GRADE H, 140cm, .#ACFAB",Fabric
"FABRIC, GRADE H, 140cm, .#ACFAB",Fabric
"FABRIC, GRADE H, 140cm, .#ACFAB",Fabric
"FABRIC, GRADE H, 140cm, .#ACFAB",Fabric
"FABRIC, GRADE H, 140cm, .#ACFAB",Fabric
"FABRIC, GRADE H, 140cm, .#ACFAB",Fabric
"FABRIC, GRADE H, 130cm, .#ACFAB",Fabric
"FABRIC, GRADE H, 130cm, .#ACFAB",Fabric
"FABRIC, GRADE H, 130cm, .#ACFAB",Fabric
"FABRIC, GRADE H, 130cm, .#ACFAB",Fabric
"FABRIC, GRADE H, 130cm, .#ACFAB",Fabric
"FABRIC, GRADE H, 130cm, .#ACFAB",Fabric
"FABRIC, GRADE H, 130cm, .#ACFAB",Fabric
"FABRIC, GRADE H, 130cm, .#ACFAB",Fabric
"FABRIC, GRADE H, 130cm, .#ACFAB",Fabric
"FABRIC, GRADE H, 130cm, .#ACFAB",Fabric
"FABRIC, GRADE H, 130cm, .#ACFAB",Fabric
"FABRIC, GRADE H, 130cm, .#ACFAB",Fabric
Felt Offwhite 63,Felt
Felt Lime 64,Felt
Felt StoneGrey 67,Felt
Felt Anthracite 68,Felt
Felt Jeans 75,Felt
"knit back cover Code THCH12 , .*ACMSH",BackCover
"knit back cover Code THCH13 , .*ACMSH",BackCover
"knit back cover Code THCH07 , .*ACMSH",BackCover
"knit back cover Code THCH10 , .*ACMSH",BackCover
"knit back cover Code THCH01 , .*ACMSH",BackCover
"knit back cover Code THCH09 , .*ACMSH",BackCover
"FABRIC, CHAPTER, GRADE A,138CM .#ACFAB",FauxLeather
"FABRIC, CHAPTER, GRADE A,138CM .#ACFAB",FauxLeather
"FABRIC, CHAPTER, GRADE A,138CM .#ACFAB",FauxLeather
"FABRIC, CHAPTER, GRADE A,138CM .#ACFAB",FauxLeather
"FABRIC, CHAPTER, GRADE A,138CM .#ACFAB",FauxLeather
"FABRIC, CHAPTER, GRADE A,138CM .#ACFAB",FauxLeather
"FABRIC, CHAPTER, GRADE A,138CM .#ACFAB",FauxLeather
"FABRIC, CHAPTER, GRADE A,138CM .#ACFAB",FauxLeather
"FABRIC, CHAPTER, GRADE A,138CM .#ACFAB",FauxLeather
"FABRIC, CHAPTER, GRADE A,138CM .#ACFAB",FauxLeather
"FABRIC, CHAPTER, GRADE A,138CM .#ACFAB",FauxLeather
"FABRIC, CHAPTER, GRADE A,138CM .#ACFAB",FauxLeather
"Fastener,X-MAS",MiscFasteners
"Fastener,T-nut,8-32x.25",Nut
"VELCRO,NYLON,HOOK & LOOP BACKED WITH ADHENSIVE",Tape
"SCR,M8-1.25X40MM,T30,FLAT, BLACK",MetricScrew
"SCR,M8-1.25X40MM,T30,FLAT, ZINC",MetricScrew
"Plug,arm,LH,FAB,CONF",Endcap
"Plug,arm,RH,FAB,CPNF",Endcap
"Plug,arm,LH,polished,CONF, Very.#ACTRM",Endcap
"Plug,arm,RH,polished,CONF, Very.#ACTRM",Endcap
"Foam,back,conference,X-99",Foams
"Foam,seat",Foams
"Foam,back,SEM/side/CONF",SeatCushion
"PM,Foam,seat,molded,",Foams
"Foam,back,wire stacker",SeatCushion
"Foam,seat,wire,stacker",SeatCushion
"Foam,seat,Aloha Easy",SeatCushion
"Foam,seat,ASSY,Very tsak",SeatCushion
"PM,Block light epe form,top, 8*8",PanelConnector
"PM,Block light epe form, bottom,8*8",PanelConnector
"Foam,topper stretcher,X99",Foams
Seat foam,SeatCushion
"Foam,back,outer,full UPH ,CONF/SEM,X-99",Foams
"Foam,back,plywood",Foams
"Assembly,Seat,Foam,Fern,Export",SeatCushion
ez65 guest back foam,MiscSeatFramAcc
"FOAM, BACK, INNER, POPPY CHAIR",Foams
"FOAM, BACK, OUTER, POPPY CHAIR",Foams
"FOAM, ARM, LH, INSIDE, POPPY CHAIR",Foams
"FOAM, ARM, RH, INSIDE, POPPY CHAIR",Foams
"FOAM, WATERFALL, POPPY CHAIR",Foams
"FOAM, ARM, LH, OUTSIDE,",Foams
"FOAM, ARM, RH, OUTSIDE, POPPY CHAIR",Foams
"ZODY LEATHER BACK, CUTTING FOAM",Foams
"FOAM, FOR SLEEVE GAS CYLINDER",Foams
"FOAM, SEAT, Aloha Active",SeatCushion
FOAM BACK INNER SHELL SUPPORT Plastic,BackrestFrame
FOAM BACK INNER SHELL SUPPORT Plastic,BackrestFrame
"Back Inner shell cover,IC",BackrestFrame
"Foam/shell ASSY,mid back, inner Easy",BackrestFrame
"Foam/shell ASSY,mid back, inner Easy",BackrestFrame
"FOAM, SEAT, Aloha Easy uph",SeatCushion
"FOAM,MOLDED,UPHOLSTERY,BACK, PROJ 530",SeatCushion
"FOAM,SEAT,AP, standard",SeatCushion
Acrylic cotton silk fiber W1500mm T5mm L1000,Fabric
BACK_LOW DENSITY BUBBLE CUTTING FOAM,Foams
SEAT LOW DENSITY BUBBLE CUTTING FOAM,Foams
ARM LH/RH_LOW DENSITY BUBBLE CUTTING FOAM,Foams
SEAT FRONT LOW DENSITY BUBBLE CUTTING FOAM,Foams
"FOAM, SEAT, CONFERENCE X-99",SeatCushion
"Foot,table,13IN,FAB",DeskFoot
"Foot,table,19IN,FAB",DeskFoot
"Frame,ASSY,WELD,w/o arm, wire,stacker,Very",SledBase
"Frame,ASSY,chrome,w/o arm, wire,stacker,Very",SledBase
"Frame,WELD,armless,FAB, side",FourLegBase
"Frame,WELD,LH,TBLT,FAB, side",FourLegBase
"Frame,WELD,RH,TBLT,FAB, side",FourLegBase
"Frame,WELD,arms,FAB, seminar",FourLegBase
"Frame,WELD,armless,FAB, seminar",FourLegBase
"Frame,WELD,LH,TBLT,FAB, seminar",FourLegBase
"Frame,WELD,RH,TBLT,FAB, seminar",FourLegBase
"Frame,WELD,arms,FAB, side",FourLegBase
"Frame ASSY,WELD,arm, wire,stacker",SledBase
"Frame ASSY,chrome,arm, wire,stacker",SledBase
"Foot rest casting,high, polished",FootRing
"Foot rest  Wood stool, raw material",MiscSeatFramAcc
"Foot rest  Wood stool, chrome",MiscSeatFramAcc
"Frame WELD,stool,fixed, arms,Very,FAB",FourLegBase
"Frame,WELD,side stool, fixed,armless,Very,FAB",FourLegBase
"Frame,WELD,wirestool, armless,Very,chrome",SledBase
"Frame,WELD,wirestool, w/arm,Very,chrome",SledBase
Sled frame,SledBase
4-leg  frame,SledBase
"FRM,4LEG,ARM,CASTER,MAARI, PTD, TR_PLS",FourLegBase
"FRM,4LEG,ARMLESS,CASTER,MAARI, PTD, TR_PLS",FourLegBase
"FRM,4LEG,ARM,GLIDE,MAARI, PTD, TR_PLS",FourLegBase
"FRM,4LEG,ARMLESS,GLIDE,MAARI, PTD, TR_PLS",FourLegBase
"FRM,WS,PTD, NO ARM,MAARI,TRPLS",SledBase
"FRAME,STOOL,ARM,HIGH,PROJ 530",FourLegBase
"FRAME,STOOL,NO ARM,HIGH, PROJ 530",FourLegBase
"ARM FRM for 4&5 star, MAARI,raw",ArmrestAssy
"FRAME,WELD,WIRE,HIGH,STOOL ,PROJ 581",SledBase
"Frame,  Connection rod,,black",MiscMechComp
"Frame, cross beam,black",MiscSeatFramAcc
"Frame, cross beam w/o mechanis ,black",MiscSeatFramAcc
"SLED FRAME,WELDED, CONFERENCE, X-99",FourLegBase
"FOAM, BACK FOR Daytona",SeatCushion
"Gasket,upright,1.5x1.75, 020UHMWFE",MiscHardware
"Gasket, M8X16X0.5, Zinc",Washer
"GEARBOX, TILT TENSION, ZODY",MiscMechComp
"Glide,molded,caster socket, Back",MiscConnector
"Glide,molded,back",GlideVisitChair
"Glide,molded,caster socket, Front",MiscConnector
"Glide,molded,front",GlideVisitChair
"Glide,felt,push in,zody, side,D975119300",GlideVisitChair
"Glide,Y-LEG,polyethylene",GlideFurniture
"Glide,side,chair, D975118000,.#ACPLS",GlideVisitChair
"Glide,side,chair, D975118000,.#ACPLS",GlideVisitChair
"GLIDE,FLAT,FELT, 9MM x 37MM x 3.175 THK",GlideVisitChair
Four legs glide TR00F,GlideVisitChair
Sled rear glide TR00F,GlideVisitChair
Four leg socket TR00F,MiscChairFrame
"PLANES, GLIDE, 3/8 X 2.00",GlideFurniture
"Glide,Bottom,Very Wire Stacker",GlideVisitChair
"Glide, plastic 4-star",GlideVisitChair
Glide felt for 4-star,GlideVisitChair
"Glide felt, adhesive, poppy",GlideVisitChair
"Glide,Riverbend leg",GlideFurniture
"GLIDE, 4 LEG, FRAME, SOFT, FELT, PROJ 530, .*ACPLS",GlideVisitChair
"GLIDE, 4 LEG, FRAME, SOFT, FELT, PROJ 530, .*ACPLS",GlideVisitChair
"GLIDE, 4 LEG, FRAME, HARD, PLASTIC, PROJ 530, .*ACPLS",GlideVisitChair
"GLIDE, 4 LEG, FRAME, HARD, PLASTIC, PROJ 530, .*ACPLS",GlideVisitChair
"GLIDE,WS,SOFT,PROJ 530,TRANS",GlideVisitChair
"GLIDE,WS,HARD,PROJ 530,TRANS",GlideVisitChair
"GLIDE, HARD, PROJ 530",GlideVisitChair
"GLIDE,SOFT,NAILIN,PROJ530",GlideVisitChair
"Grommet,diameter 80mm,plastic, .#ACGRO",CableOutlet
"Grommet,diameter 80mm,plastic, .#ACGRO",CableOutlet
"Guard,pinch,control,side,LH",MiscMechComp
"Guard,pinch,control,side,RH",MiscMechComp
"Guard,LH,inner,MECH,pinch, ,CONF",MiscMechComp
"Guard,RH,inner,MECH,pinch, ,CONF",MiscMechComp
"Guard,isolator,spring,LH",Endcap
"Guard,isolator,spring,RH",Endcap
"Handle,ABS,activation,fliptop planes,flip table",Handle
"Handle,pneumatic,activation, .#ACPLS",SeatingControl
"Handle,pneumatic,activation, .#ACPLS",SeatingControl
"HANDLE,CARRIAGE,LUMBAR,POLISH, PROJ 451",LumbarLever
"Handle,assembly, .*ACPLS",SeatingControl
"Handle,assembly, .*ACPLS",SeatingControl
"FERN PLASTIC LUMBAR HANDLE , .*ACPLS",LumbarLever
"FERN PLASTIC LUMBAR HANDLE , .*ACPLS",LumbarLever
"Holder,coat hanger,RAW,Zody",CoatHanger
"HARDWARE,LEVELER",GlideFurniture
"CLIP,12MM,DRAWSTRING,EXPORT",Staples
"screw, M6X16, pan, zinc, Torx",MetricScrew
"screw, M5X16, pan, zinc, Torx",MetricScrew
"Hinge,16mm",Hinge
"Screen hook, .#MMW W, Desk fabric screen",ExtrudedProfile
"Screen hook, .#MMW W, Desk fabric screen",ExtrudedProfile
"Screen hook, .#MMW W, Desk fabric screen",ExtrudedProfile
"Screen hook, .#MMW W, Desk fabric screen",ExtrudedProfile
"Screen hook, .#MMW W, Desk fabric screen",ExtrudedProfile
"Screen hook, .#MMW W, Desk fabric screen",ExtrudedProfile
"Screen hook, .#MMW W, Desk fabric screen",ExtrudedProfile
"Screen hook, .#MMW W, Desk fabric screen",ExtrudedProfile
"Screen hook, .#MMW W, Desk fabric screen",ExtrudedProfile
"Screen hook, .#MMW W, Hung fabric screen",ExtrudedProfile
"Screen hook, .#MMW W, Hung fabric screen",ExtrudedProfile
"Screen hook, .#MMW W, Hung fabric screen",ExtrudedProfile
"Screen hook, .#MMW W, Hung fabric screen",ExtrudedProfile
"Screen hook, .#MMW W, Hung fabric screen",ExtrudedProfile
"Screen hook, .#MMW W, Hung fabric screen",ExtrudedProfile
"Screen hook, .#MMW W, Hung fabric screen",ExtrudedProfile
"Screen hook, .#MMW W, Hung fabric screen",ExtrudedProfile
"Screen hook, .#MMW W, Hung fabric screen",ExtrudedProfile
"Screen hook, .#MMW W, Hung fabric screen",ExtrudedProfile
"Chair,pneu cylinder housing, STD HGT,SVC",BaseTube
"Housing,PNEU CYL,SHS",BaseTube
"Seat cover,ARM,5 STAR, .*ACPLS",MechCover
"Seat cover,ARM,5 STAR, .*ACPLS",MechCover
"Seat cover,ARM ,4 STAR, .*ACPLS",SeatPlate
"Seat cover,ARM ,4 STAR, .*ACPLS",SeatPlate
"Seat cover,ARMLESS ,5 STAR, .*ACPLS",MechCover
"Seat cover,ARMLESS ,5 STAR, .*ACPLS",MechCover
"Seat cover,ARMLESS ,4 STAR, .*ACPLS",SeatPlate
"Seat cover,ARMLESS ,4 STAR, .*ACPLS",SeatPlate
"Housing for cylinder, for Zody Aluminum base",BaseTube
"HUB,ALUMINUM,POPPY CHAIR",MiscConnector
"Holder, end casting, planes training table,FAB",BeamSupport
"Damper holder,AL flip top, SC",MiscHardware
"Insert,main chanl,PH,50",InsertNut
"Insert,THD,M6,flange,HEX,drive",InsertNut
"INSERT FOR SCREW, M10*20",Nut
"KIT, COLUMNS, SERVICE ROUND TABLE",MountingKits
"Kit,Latch,HGT ADJ back, Look",BackrestFrame
Knob clip Ø6x10 (FKC004),MiscHardware
"Kit,cylinder,hardware, Very task",RetainHardware
"Damper, AL flip top, 0.5S-1.0S",MiscHardware
"screw assembly, worktop",MiscFasteners
"SCR, M4*16, DIN7500, ROUND PAN HEAD",MetricScrew
"MD,Label,HAWORTH,painted",ProductLabel
"MD,Label,product,chair, Painted,X99",ProductLabel
"MD,Label,HAWORTH,polished",ProductLabel
"MD,Label,info,chair,UL/CAS",ProductLabel
"Rope,jacket retainer,Zody",Yarn
"MD,Round label,green,PET",ProductLabel
cushion Haworth logo,ProductLabel
SAFETY STICK BOWI,SafetyLabel
STICKER SEAT SHELL BOWI,SafetyLabel
Indicator label,ProductLabel
"LEATHER, GRADE 1; AP ONLY .#ACLTH",Leather
"LEATHER, GRADE 1; AP ONLY .#ACLTH",Leather
"LEATHER, GRADE 1; AP ONLY .#ACLTH",Leather
"LEATHER, GRADE 1; AP ONLY .#ACLTH",Leather
"LEATHER, GRADE 1; AP ONLY .#ACLTH",Leather
"LEATHER, GRADE 1; AP ONLY .#ACLTH",Leather
"LEATHER, GRADE 1; AP ONLY .#ACLTH",Leather
"Y-Leg,short,planes, Collaborative Tables",Tableleg
"Y-Leg,long,planes, Collaborative Tables",Tableleg
"LEG,REAR,WD,PROJ530, .#ACTRL",ChairLeg
"LEG,REAR,WD,PROJ530, .#ACTRL",ChairLeg
"LEG,REAR,WD,PROJ530, .#ACTRL",ChairLeg
"LEG,FRONT,WD,PROJ530, .#ACTRL",ChairLeg
"LEG,FRONT,WD,PROJ530, .#ACTRL",ChairLeg
"LEG,FRONT,WD,PROJ530, .#ACTRL",ChairLeg
"Lever,seat sliding,ACT .#ACPLS",SeatingControl
"Lever,seat sliding,ACT .#ACPLS",SeatingControl
"Lever,F/T,ASSY .#ACPLS",SeatingControl
"Lever,F/T & B/S,ASSY TR00E",SeatingControl
"Lever,F/T & B/S,ASSY TR00F",SeatingControl
"Lever,B/S,ASSY TR00E",SeatingControl
"Lever,B/S,ASSY TR00F",SeatingControl
"Lever,tension ADJ, ASSY .#ACPL",SeatingControl
"Lever,tension ADJ, ASSY .#ACPLS",SeatingControl
"Lever,tension ADJ, ASSY .#ACPLS",SeatingControl
"Lever,side ACT,ASSY,PUEN,Zody .#ACPLS",SeatingControl
"Lever,side ACT,ASSY,PUEN,Zody .#ACPLS",SeatingControl
"LEVER,FORWARD TILT,FERN,BLACK, EXPORT",SeatingControl
"LEVER,FORWARD TILT,FERN,FOG, EXPORT",SeatingControl
"LEVER,SEAT DEPTH,FERN,BLACK, EXPORT",SeatingControl
"LEVER,SEAT DEPTH,FERN,FOG, EXPORT",SeatingControl
"LEVER,PNUEMATIC,FERN,BLACK, EXPORT",SeatingControl
"LEVER,PNUEMATIC,FERN,FOG, EXPORT",SeatingControl
"Activation, Activation lever",SeatingControl
"Activation, Guide lever below",SeatingControl
"Activation, Guide lever top",SeatingControl
"Activation, Taste Lever ,.*ACPLS",SeatingControl
"Activation, Taste Lever ,.*ACPLS",SeatingControl
"Activation, Lever",SeatingControl
"LEVER, TILT TENSION.#ACPLS DAYTONA",SeatingControl
"LEVER, TILT TENSION.#ACPLS DAYTONA",SeatingControl
"LEVER ASM, HEIGHT ADJ .#ACPLS, DAYTONA",SeatingControl
"LEVER ASM, HEIGHT ADJ .#ACPLS, DAYTONA",SeatingControl
"LEVER ASM, SEAT DPTH .#ACPLS, DAYTONA",SeatingControl
"LEVER ASM, SEAT DPTH .#ACPLS, DAYTONA",SeatingControl
"LEVER ASSY,F/T,B/S.#ACPLS DAYTONA",SeatingControl
"LEVER ASSY,F/T,B/S.#ACPLS DAYTONA",SeatingControl
"LEVER ASSY,B/S.#ACPLS DAYTONA",SeatingControl
"LEVER ASSY,B/S.#ACPLS DAYTONA",SeatingControl
"Liner,locking,arm",ArmUpright
"Liner,non locking,arm",ArmUpright
"LINER, OUTER, ARM LH DAYTONA",ArmrestSupport
"LINER, OUTER, ARM RH DAYTONA",ArmrestSupport
"LINER, INNER, ARM LH DAYTONA",ArmrestSupport
"LINER, INNER, ARM RH DAYTONA",ArmrestSupport
"LINKAGE, FRONT,.*ACPLS, Very",MiscMechComp
"LINKAGE, FRONT,.*ACPLS, Very",MiscMechComp
"LINK,FORWARD TILT,FERN,EXPORT",MiscSeatFramAcc
"LOCK,ASSEMBLY,FWD-TILT",MiscMechComp
"Back stop, kit",MiscMechComp
"LOCK,FORWARD TILT,FERN,EXPORT",MiscSeatFramAcc
"LOCK,SEAT DEPTH,FERN,EXPORT",MiscSeatFramAcc
"LOCK,NON-FORWARD TILT,FERN, EXPORT",MiscSeatFramAcc
"LOCK,FIXED SEAT,ASSY,EXPORT",MiscSeatFramAcc
"Lubricant,stick",Grease
Aloha Easy ref lumber kit,LumbarAssy
ez65 ref lumber kit,LumbarAssy
"ASSY,LUMBAR,.*ACPLS,PROJ545",LumbarAssy
"ASSY,LUMBAR,.*ACPLS,PROJ545",LumbarAssy
"LEG,WOOD,FRONT, STOOL,.#ACTRL",ChairLeg
"LEG,WOOD,FRONT, STOOL,.#ACTRL",ChairLeg
"LEG,WOOD,FRONT, STOOL,.#ACTRL",ChairLeg
"LEG,WOOD,REAR, STOOL,.#ACTRL",ChairLeg
"LEG,WOOD,REAR, STOOL,.#ACTRL",ChairLeg
"LEG,WOOD,REAR, STOOL,.#ACTRL",ChairLeg
"LEG, GANGING, FAB, PROJ 561",SofaLeg
"Work height small leg ,FAB , 350 * 180.",SofaLeg
"Lounge height small leg,FAB , 350 * 120.",SofaLeg
"Leg with insert, L,.*ACPLS",FourLegBase
"Leg with insert, L,.*ACPLS",FourLegBase
"Leg with insert, R,.*ACPLS",FourLegBase
"Leg with insert, R,.*ACPLS",FourLegBase
"Frame, Plug leg  left,.*ACPLS",MiscSeatFramAcc
"Frame, Plug leg  left,.*ACPLS",MiscSeatFramAcc
"Frame, Plug leg  right ,.*ACPLS",MiscSeatFramAcc
"Frame, Plug leg  right ,.*ACPLS",MiscSeatFramAcc
"Riverbend 52 seat high leg,FAB",SofaLeg
"Riverbend 52 seat low leg,FAB",SofaLeg
"Epure wood leg, .*ACWBD",Tableleg
"Epure wood leg, .*ACWBD",Tableleg
"solid wood, Oak clear .*ACTRL",ChairLeg
"solid wood, Walnut clear .*ACTRL",ChairLeg
"solid wood, Black Ash .*ACTRL",ChairLeg
Screw lever inside wooden leg,MiscConnector
POPPY FOOT MATS COVER,GlideVisitChair
POPPY FOOT PADS,GlideVisitChair
WOOL FELT,GlideVisitChair
"HANG TAG, PROJEC 545",ProductLabel
"HANG TAG, FERN CHAIR CHINESE REGIONAL USE",ProductLabel
Installation guide label HANG TAG,ProductLabel
"MTG,cord,PWR,desk, .#ACPLS",CableChain
"MTG,cord,PWR,desk, .#ACPLS",CableChain
"Mechanism, Bushing",Bushings
axial needle roller bearing AX,MiscHardware
"Nut,square,5/16-18 UNC, Bevel united",Nut
"SCR,Nut,hex,M6x4,GB13681-92",Nut
"NUT,TEE,end panel,bamboo",Nut
"Nut,square,5/16DIAx18THRD",Nut
"Nut,lock,VM6,,din 980,X99",Nut
"NUT,HEX,M5 GB6170-85, zinc coated",Nut
"NUT,M8,DUALTAB",Nut
"NUT,M8-1.25,HEX,NYLON,LOCKNU, NE,TRIV,ZNC",Nut
"Carpin nut, Tablet, Maari, Poppy",Nut
"PLATE,WASHER,LEG,FRONT, PROJ530,TRPLS",MiscConnector
"PLATE,WASHER,LEG,REAR, PROJ530,TRPLS",MiscConnector
Metal bar,BackSupport
Spacer,BackSupport
"Metal board, 410*326x2mm",MetalSheets
"AP metal plate, for Zody , .#ACTRM",SeatPlate
"AP metal plate, for Zody , .#ACTRM",SeatPlate
"Plate, Tablet, Maari, Poppy",SeatPlate
"PM,Box,CORR,INST KIT-P+D_WS",PackagingCarton
"MD,Sheeting,foam",FoamFilm
"MD,Bag,polyethylene",PackingPouchBag
"MD,Poly pad",Foams
"PM,Block,foam,side rail/top cap",Foams
"MD,POLYPROPYLENE TAPE",Tape
"PM,Bag,poly,seating,PKG",PackingPouchBag
"MD,PKG spec,polyethy",StretchWrapFilm
"PM,Box",PackagingCarton
"PM,Box",PackagingCarton
"PM,Box",PackagingCarton
"PM,PKG SPEC,PRM",PackagingCarton
"MD,PKG spec,hdpe bag",PackingPouchBag
"PM,Sheet,CORR",PackagingCarton
"PM,Kraft single wall CORR, FF5PF",PackagingCarton
"PM,PKG spec,prm trans post",PackagingCarton
"PM,PKG spec,box,corr",PackagingCarton
"PM,Box,CORR",PackagingCarton
"PM,Prm trim carton",PackagingCarton
"PM,Prm trim carton",PackagingCarton
"PM,BOX, single wall corr, FF5PF",PackagingCarton
"PM,PKG spec,rs5pf",PackagingCarton
"PM,PKG,SPEC,RS5PF",PackagingCarton
"PM,PKG spec,rs5pf",PackagingCarton
"PM,PKG spec,rs5pf",PackagingCarton
"PM,PKG spec,rs5pf",PackagingCarton
"PM,PKG spec,rs5pf",PackagingCarton
"PM,PKG spec,rs5pf",PackagingCarton
"PM,PKG spec,rs5pf",PackagingCarton
"PM,PKG spec,rs5pf",PackagingCarton
"PM,PKG,SPEC,RS5PF",PackagingCarton
"PM,Trans height carton",PackagingCarton
"PM,Box,corrugated, 3Lx1.6875Wx19.3125D",PackagingCarton
"PM,Boxes,cartons,etc",PackagingCarton
"PM,Boxes,cartons,etc",PackagingCarton
"PM,Boxes,cartons,etc",PackagingCarton
"PM,Box,corr-uppr PST",PackagingCarton
"PM,PKG SPEC",PackagingCarton
"PM,Saddle,interior, #1 carton diecut",PackagingCarton
"MD,China-186x250",PackagingLabel
"MD,ID label for china",ProductLabel
"MD,China label-on xone tile",PackagingLabel
"PM,Non-wovenfabricsheet",PackingPouchBag
"PM,EPS molded endcap",Foams
"MD,Tape,polyeSTer,19",Tape
Neminder able,ProductLabel
QA approved label,PackagingLabel
"PM,Carton,#2,CORR,HSC,recyle, 28.125x28.125x42.000",PackagingCarton
"PM,Carton,#1,CORR,HSC, Recyle 28.125X26.125X35.500",PackagingCarton
"PM,Kraft honeycomb diecut pad",PackagingCarton
"MD,Bag,bubble,PKG",PackingPouchBag
"PM,Polyethylene beaded foam",Foams
"PM,Spec",Foams
"Block, foam",Foams
"PM,Polyethylene foam bag",Foams
"PM,EPE FOAM,END CAP",Foams
"PM,EPE FOAM",Foams
"PM,EPE FOAM",Foams
"MD,Bubble bag",PackingPouchBag
"PM,Polyethelyfoam,tube,10mm",Foams
"PM,Polyethelyfoam,tube,21mm",Foams
"PM,Expanded PE/PS inter- polymer foam pad",Foams
"PM,EPE,end cap,140x105x 120mm",PackagingCarton
"PM,Back cover,air-PAQ bag, T=75um,_size=20mm",PackingPouchBag
"PM,EPE pad",Foams
"PM,EPS foam, 310x194x70mm",Foams
"MD,SELF-LOCKING BAG 7# 200*140MM 5S THICK",PackingPouchBag
"PM, Plastic bag",PackingPouchBag
"MD,High density PE film w=1600 T=0.02mm",PackingPouchBag
"MD, EPE film w=1200 T=3mm",Foams
"PM, PE bag",PackingPouchBag
"PM,Polyethelyfoam,tube,21x550m",Foams
"PM,PKG-FF5PF,recycled CORR,12x3.5x27.5",PackagingCarton
"PM,Kraft singl wall",PackagingCarton
"PM,FF5pf-24 premise",PackagingCarton
"PM,Kraft single wall CORR scored sheet",PackagingCarton
"PM,PKG spec,kraft multi-SCRd",PackagingCarton
"PM,PKG spec,kraft multi-SCRd",PackagingCarton
"PM,Kraft singlewall",PackagingCarton
"PM,Kraft single wall CORR,FF5PF",PackagingCarton
"PM,Kraft single wall CORR,FF5PF",PackagingCarton
"PM,Kraft single wall CORR,FF5PF",PackagingCarton
"PM,Kraft single wall CORR,FF5PF",PackagingCarton
"PM,Kraft single wall CORR,FF5PF",PackagingCarton
"PM,Pad,small,new",PackagingCarton
"PM,Kraft single wall",PackagingCarton
"PM,Kraft single wall",PackagingCarton
"PM,Kraft singl wall",PackagingCarton
"PM,Tray,for chair,PKG",PackagingCarton
"PM,FF5PF,Bamboo power hatch",PackagingCarton
"PM,FF5PF,Bamboo power hatch",PackagingCarton
"PM,FF5PF,Bamboo power hatch",PackagingCarton
"PM,FF5PF,Bamboo power hatch",PackagingCarton
"PM,FF5PF,Bamboo power hatch",PackagingCarton
"PM,Kraft single wall CORR FF5PF,for winder cross beam",PackagingCarton
"PM,Single wall FF5PF, for winder cross beam",PackagingCarton
"PM,Multi-score fpf",PackagingCarton
"PM,Multi-score fpf",PackagingCarton
"PM,Multi-score fpf",PackagingCarton
"PM,FPF - xone china",PackagingCarton
"PM,FPF - xone china",PackagingCarton
"PM,Kraft single wall CORR, FF5PF",PackagingCarton
"PM,Special FF5PF, 1905x686x32mm",PackagingCarton
"PM,Spec ff5pf 1540*785*32mm",PackagingCarton
"PM,Spec ff5pf 1943.1702,1499*889*32mm",PackagingCarton
"PM,Spec ff5pf 1943,1346,1295*991*32mm",PackagingCarton
"PM,Spec ff5pf 1638,1334,1181*1295*32mm",PackagingCarton
"PM,Spec ff5pf 2324,2197*1346*32mm",PackagingCarton
"PM,Molded eps corner",Foams
"PM,Molded eps corner",Foams
"MD,Honeycomb filler 48 inch, 32 inch cookie cut",CardboardInsert
"PM,Kraft",PackagingCarton
"PM,EPE FOAM,CORNER ,T=38MM",Foams
"PM,EPE FOAM,TOP CRNR ,T=38MM",Foams
"MD,Corner,honeycomb",PackagingCarton
"PM,Die_cut,pad,single wall CORR",PackagingCarton
"PM,Kraft,D/C18.5x1732C pad",PackagingCarton
"PM,Single wall CORR board",PackagingCarton
"PM,Single wall CORR paper board",PackagingCarton
"PM,EPE foot cushion",Foams
Saddle-air paq,PackingPouchBag
"MD,PM,PAPER CORNER 54*54* 120mm*T3mm",PackagingCarton
"PM,SCREEN EPE CORNER PROTECTOR",Foams
"PM,SCREEN EPE EDGE PROTECTOR",Foams
"PM,LCL SHARED  EPE",Foams
"MD,TPE corner protector",EdgeProtectProf
"MD,corrugated filler 24 inch",CardboardInsert
"PM,single wall corr",PackagingCarton
"PM,double wall",PackagingCarton
"PM,single all corr",PackagingCarton
"MD, PM, corner protector for T=25",PackagingCarton
"PM, single wall corr, for leg",PackagingCarton
"PM, Corrugated board sheet",PackagingCarton
"PM, EPE foam tube",Foams
"PM, PE bag",PackingPouchBag
"MD,WT big corner protector",EdgeProtectProf
"PM, EPE foam, U shape",Foams
"PM, Scored sheet",PackagingCarton
"PM,PKG SPEC,INNER PACK MATL",PackagingCarton
"PM,PKG SPEC,INNER PACK MATL",PackagingCarton
"PM, box, single wall, ff5pf",PackagingCarton
"PM, Inter pack material,big",PackagingCarton
"PM, Inter pack material,small",PackagingCarton
"MD, E flute + kraft paper,Roll w=1200",PackagingCarton
"PM, Double Wall corr Tray",PackagingCarton
"PM, Double Wall corr Tray",PackagingCarton
"PM, Cardboard",PackagingCarton
"PM, corru board",PackagingCarton
"PM, corru board",PackagingCarton
"PM,Scored sheet,790",PackagingCarton
"PM,Scored & corner c",PackagingCarton
"PM,Small box,200x200x200 ,china",PackagingCarton
"PM,KRAFT FF5PF CARTON .#MML x .#MMW x .#MMT",PackagingCarton
"PM,KRAFT FF5PF CARTON .#MML x .#MMW x .#MMT",PackagingCarton
"PM,KRAFT FF5PF CARTON .#MML x .#MMW x .#MMT",PackagingCarton
"PM,KRAFT FF5PF CARTON .#MML x .#MMW x .#MMT",PackagingCarton
"PM,KRAFT FF5PF CARTON .#MML x .#MMW x .#MMT",PackagingCarton
"PM,KRAFT FF5PF CARTON .#MML x .#MMW x .#MMT",PackagingCarton
"PM,Box",PackagingCarton
"PM,Box",PackagingCarton
"PM,Kraft ff5pf 32c 9",PackagingCarton
"PM,Kraft ff5pf 32c 9",PackagingCarton
"PM,Kraft ff5pf 32c 9",PackagingCarton
"PM,Kraft ff5pf 32c 9",PackagingCarton
"PM,Kraft ff5pf 32c 9",PackagingCarton
"PM,Kraft ff5pf 32c 9",PackagingCarton
"PM,Kraft,double wall,RSC 778x735x571.5",PackagingCarton
"PM,Tray,double wall,CORR",PackagingCarton
"PM,Single wall corr,FF5PF",PackagingCarton
"PM,Double wall CORR, HSC",PackagingCarton
"PM,HSC,double wall,CORR 27.64x25.67x28.74,inch",PackagingCarton
"PM,SINGLE WALL CORR FF5PF 2225*290*110MM",PackagingCarton
"PM,Single wall CORR FF5PF, 1825x290x110mm",PackagingCarton
"PM,Single wall CORR FF5PF, 1525x290x110mm",PackagingCarton
"PM,Single wall CORR FF5PF, 1225x290x110mm",PackagingCarton
"PM,Single wall CORR, angle leg",PackagingCarton
"PM,Single wall CORR, straight leg",PackagingCarton
"PM,Single wall CORR,FF5PF ,mirror",PackagingCarton
"PM,Single wall CORR FF5PF",PackagingCarton
"PM,Single wall CORR FF5PF",PackagingCarton
"PM,Single wall CORR FF5PF",PackagingCarton
"PM,Single wall CORR FF5PF",PackagingCarton
"PM,Single wall CORR scored- corner cut",PackagingCarton
"PM,Single wall CORR scored sheet",PackagingCarton
"PM,Double wall CORR,RSC",PackagingCarton
"PM,Double wall CORR,RSC",PackagingCarton
"PM,Single wall corr,FF5PF",PackagingCarton
"PM,Single wall corr,FF5PF",PackagingCarton
"PM,Double wall CORR-HSC, 2950mm*1392",PackagingCarton
"PM,Double wall CORR-HSC, 2810*1625",PackagingCarton
"PM,Single wall CORR paper, board",PackagingCarton
"PM,Single wall CORR FF5PF",PackagingCarton
"PM,Single wall CORR FF5PF",PackagingCarton
"PM,Single wall CORR FF5PF",PackagingCarton
"PM,Single wall CORR FF5PF",PackagingCarton
"PM,Single wall CORR FF5PF",PackagingCarton
"PM,Single wall CORR FF5PF",PackagingCarton
"PM,Single wall CORR FF5PF",PackagingCarton
"PM,Single wall corr,FF5PF",PackagingCarton
"PM,Single wall corr,FF5PF",PackagingCarton
"PM,HSC,double wall, corrugugated carton",PackagingCarton
"PM,END COVER  FOR SCREEN 438MM",PackagingCarton
"PM,END COVER  FOR SCREEN 530MM",PackagingCarton
"PM,END COVER  FOR SCREEN 860MM",PackagingCarton
"PM,Carton _Screen H530mm *W998mm",PackagingCarton
"PM,Carton _Screen H530mm *W1298mm",PackagingCarton
"PM,Carton _Screen H530mm *W1398mm",PackagingCarton
"PM,Carton _Screen H530mm *W1598mm",PackagingCarton
"PM,Single Wall TUBE 90*75*595MM",PackagingCarton
"PM,Single Wall TUBE 90*75*795MM",PackagingCarton
"PM,Single Wall TUBE 90*75*945MM",PackagingCarton
"PM,Single Wall TUBE 60*30*500MM",PackagingCarton
"PM,Single Wall TUBE 60*30*650MM",PackagingCarton
"PM,Single Wall TUBE 60*30*1100MM",PackagingCarton
"PM,Single Wall TUBE 60*30*1330MM",PackagingCarton
"PM,Single Wall TUBE 60*30*1650MM",PackagingCarton
"PM,Single Wall CORR FF5PF",PackagingCarton
"PM,box, 750*1600",PackagingCarton
"PM,box, 750*1800",PackagingCarton
"PM,box, 900*2400",PackagingCarton
"PM,RSC,double wall corr",PackagingCarton
"PM,RSC,double wall corr",PackagingCarton
"PM,double wall, DBL inter leg",PackagingCarton
"PM, double wall, SGL inter leg",PackagingCarton
"PM, single wall corr, for 1000*1800 panel",PackagingCarton
"PM, single wall corr, for 1050*1800 panel",PackagingCarton
"PM, single wall corr, for 1100*1800 panel",PackagingCarton
"PM, single wall corr, for 1150*1800 panel",PackagingCarton
"PM, single wall corr, for 1200*1800 panel",PackagingCarton
"PM, single wall corr, for 1400*1800 panel",PackagingCarton
"PM, single wall corr, for 1500*1800 panel",PackagingCarton
"PM, single wall corr, for 1600*1800 panel",PackagingCarton
"MD,PM, single wall corr, for 900W",PackagingCarton
"MD,PM, single wall corr, for 1200W",PackagingCarton
"MD,PM, single wall corr, for 1600W",PackagingCarton
"MD,PM, single wall corr, for 1800W",PackagingCarton
"PM, single wall corr,",PackagingCarton
"PM, single wall corr,",PackagingCarton
"PM, single wall corr,",PackagingCarton
"PM, single wall corr,",PackagingCarton
"PM, single wall corr, for intermedia leg",PackagingCarton
"PM, single wall corr, for leg",PackagingCarton
"PM, single wall corr, for beam",PackagingCarton
"PM, single wall FF5PF, for cable tray",PackagingCarton
"PM, single wall FF5PF, for cable tray",PackagingCarton
"PM, single wall FF5PF, for cable tray",PackagingCarton
"PM, single wall FF5PF, for cable tray",PackagingCarton
"PM, single wall corr, for screen",PackagingCarton
"PM, single wall corr, for screen",PackagingCarton
"PM, single wall corr, for screen",PackagingCarton
"PM, single wall corr, for screen",PackagingCarton
"PM, single wall corr, for sitbench top",PackagingCarton
"PM, single wall corr, for sitbench top",PackagingCarton
"PM, single wall corr,",PackagingCarton
"PM,HSC, 710*780*733",PackagingCarton
"PM, HSC box Double Wall corr",PackagingCarton
"PM, HSC box Double Wall corr",PackagingCarton
"PM, Aloha CKD out box",PackagingCarton
"PM,WT cardboard,1340*2250",PackagingCarton
"PM,WT cardboard,1540*2050",PackagingCarton
"PM,WT cardboard,1640*1850",PackagingCarton
"PM,WT cardboard,1740*1850",PackagingCarton
"PM, out box for AI leg",PackagingCarton
"PM, out box for wood leg",PackagingCarton
"PM, Out box",PackagingCarton
"PM, Out box",PackagingCarton
"PM, out box 1200 for sig",PackagingCarton
"PM, out box 1400 for sig",PackagingCarton
"PM, out box 1600 for sig",PackagingCarton
"PM, out box 1200 for DBL",PackagingCarton
"PM, out box 1400 for DBL",PackagingCarton
"PM, out box 1600 for DBL",PackagingCarton
"PM, out box",PackagingCarton
"PM, out box",PackagingCarton
"PM, out box",PackagingCarton
"PM, Buzzi 477*1400",PackagingCarton
"PM, Buzzi 477*1600",PackagingCarton
"PM, Buzzi 477*1800",PackagingCarton
"PM, Buzzi 950*1400",PackagingCarton
"PM, Buzzi 950*1600",PackagingCarton
"PM, Buzzi 950*1800",PackagingCarton
"PM, Buzzi 737*1400",PackagingCarton
"PM, Buzzi 737*1600",PackagingCarton
"PM, Buzzi 737*1800",PackagingCarton
"PM, out box",PackagingCarton
"PM, out box",PackagingCarton
"PM, out box",PackagingCarton
Tablet packong box,PackagingCarton
POPPY CARTON TOP BOX,PackagingCarton
"Pad,TPU,push-on,colored, .#ACPLS",MiscChairFrame
"Pad,TPU,push-on,colored, .#ACPLS",MiscChairFrame
"Pad,tpu,push-on,colored, .*ACPLS",MiscChairFrame
"Pad,tpu,push-on,colored, .*ACPLS",MiscChairFrame
"PAD,LUMBAR,EXP,BLACK,TR00F",LumbarPad
"PAD,PUSHER,PELVIC,EXP,BLACK, TR00F",PelvisPad
"PAD,PUSHER,PELVIC,EXP,FOG, TR0",PelvisPad
"PIN, BACK STOP, CONTROL",Pins
"Pin,roll,axle,hinge, for y-leg",Pins
"Coat hanger,RAW,Zody",CoatHanger
"MECH,PUCK,POUF,FAB",Bracket
"PLATE,RETAINER,LUMBAR,ZODY",CompressSpring
"Plate,SGR,ceiling,CHN86,PH .#MML",CableHolder
"Plate,SGR,ceiling,CHN86,PH .#MML",CableHolder
"Plate,SGR,ceiling,CHN86,PH .#MML",CableHolder
"Plate,SGR,ceiling,CHN86,PH .#MML",CableHolder
"Plate,SGR,ceiling,CHN86,PH .#MML",CableHolder
Tie plate,MiscHardware
"STOPPER PLUG, SOFT CLOSING FLIP TOP",MiscHardware
"Plug,upright,FAB, LH",Endcap
"Plug,upright,FAB ,RH",Endcap
"Plug,upright,polished, LH",Endcap
"Plug,upright,polished, LH",Endcap
"Plug,upright,polished, RH",Endcap
"Plug,upright,polished, RH",Endcap
"Plug,mechanical,arm, bumper planes,Y-Leg ,Polypropylene",Endcap
"Plug,arm,LH,FAB,Very task",Endcap
"Plug,arm,RH,FAB,Very task",Endcap
"Plug,arm,LH,polished,Very task",Endcap
"Plug,arm,LH,polished,Very task",Endcap
"Plug,arm,RH,polished,Very task",Endcap
"Plug,arm,RH,polished,Very task",Endcap
"PLUG,UPRIGHT,NON-LUMBAR .#ACPLS",MiscLumbPelvCom
"PLUG,UPRIGHT,NON-LUMBAR .#ACPLS",MiscLumbPelvCom
"Plug,KD,Very task",RetainHardware
"Arm tablet,VERY side chair,LH ,.*ACTAB",Plywood
"Arm tablet,VERY side chair,LH ,.*ACTAB",Plywood
"Arm tablet,VERY side chair,LH ,.*ACTAB",Plywood
"Tang,UPH,guest,X99",MiscConnector
"Insert,FRM,ABS",Endcap
"PIN, ALIGN, MECH",Pins
"ROD, PIVOT, CONTROL",Pins
"SPCC,T=1.0mm,1250mmx2500mm",MetalSheets
"Pad,back,jacket,Very task",BackPad
"Pad,gripper,footrest",MiscSeatFramAcc
ez65 lumber pad,LumbarPad
Aloha Active lumber pad,LumbarPad
"ASSEMBLY,PAD,HEADREST",HeadRestPad
"PAD,LUMBAR,FERN,EXPORT",LumbarPad
"Rack,storage,fixedand, seminar,Very",SeatingBookRack
"RTNR,back,upper,W/nuts",RetainHardware
"Retainer,back,fabric,upper, W/nuts,wire stacker",MiscHardware
"RTNR,backfabric,lower",MiscHardware
"Retainer, mesh,fabric",BackrestFrame
"Retainer,UPH back,top plastic",RetainHardware
ez65 ref back retainer,BackrestFrame
"ez65 back retainer,top",RetainHardware
"ez65 back retainer,left",RetainHardware
"ez65 back retainer,dawn",RetainHardware
"RETAINER,MECHANICAL,RAIL, LH,FERN,EXPORT",MiscSeatFramAcc
"RETAINER,MECHANICAL,RAIL, RH,FERN,EXPORT",MiscSeatFramAcc
"RETAINER,SEAT ASSY,FERN,EXPORT",MiscSeatFramAcc
"Retainer Front,IC",BackrestFrame
"Retainer Back, IC",BackrestFrame
"Top/side  gasket , .#ACPLS",BackCover
"Top/side  gasket , .#ACPLS",BackCover
"Ring,retaining",DiscSpring
"RING, STEEL, PROJ 451",Staples
"Rivet,pop GB12681, 4.8*11",Rivet
"RIVET,SD 45 BS,1/8 X .251/.312",Rivet
"Rocker,pneumatic,",MiscMechComp
"ROD,HEX,CTRL,ZODY",MiscMechComp
Aloha Active  REF SLIDE SEAT,SeatPlate
Aloha Active  REF SLIDE SEAT,SeatPlate
"SHELL,SEAT, LOW,PROJ530,.*ACPLS",SeatShell
"SHELL,SEAT, LOW,PROJ530, .*ACPLS",SeatShell
"SHELL,SEAT, LOW,PROJ530,.*ACPLS",SeatShell
"SHELL,SEAT, LOW,PROJ530,.*ACPLS",SeatShell
"SHELL,SEAT, LOW,PROJ530, .*ACPLS",SeatShell
"Frame weldment, casters,X99, seminar,FAB",FourLegBase
"Frame weldment, glides,X99, seminar,FAB",FourLegBase
"Arm ASSY,4D,.*ACPLS, LH,SS CAP",ArmrestAssy
"Arm ASSY,4D,.*ACPLS, LH,SS CAP",ArmrestAssy
"Arm ASSY,4D,.*ACPLS, LH,SS CAP",ArmrestAssy
"Arm ASSY,4D,.*ACPLS, LH,SS CAP",ArmrestAssy
"Arm ASSY,4D,.*ACPLS, RH,SS CAP",ArmrestAssy
"Arm ASSY,4D,.*ACPLS, RH,SS CAP",ArmrestAssy
"Arm ASSY,4D,.*ACPLS, RH,SS CAP",ArmrestAssy
"Arm ASSY,4D,.*ACPLS, RH,SS CAP",ArmrestAssy
"Arm ASSY,HGT ADJ,.*ACPLS, LH,SS CAP",ArmrestAssy
"Arm ASSY,HGT ADJ,.*ACPLS, LH,SS CAP",ArmrestAssy
"Arm ASSY,HGT ADJ,.*ACPLS, LH,SS CAP",ArmrestAssy
"Arm ASSY,HGT ADJ,.*ACPLS, LH,SS CAP",ArmrestAssy
"Arm ASSY,HGT ADJ,.*ACPLS, RH,SS CAP",ArmrestAssy
"Arm ASSY,HGT ADJ,.*ACPLS, RH,SS CAP",ArmrestAssy
"Arm ASSY,HGT ADJ,.*ACPLS, RH,SS CAP",ArmrestAssy
"Arm ASSY,HGT ADJ,.*ACPLS, RH,SS CAP",ArmrestAssy
Maari seat pad foam with plate,SeatCushion
Label for in house Zody contro,ProductLabel
"RAIL,SEAT,ATTACHMENT,RH,FERN,E",MiscSeatFramAcc
"RAIL,SEAT,ATTACHMENT,LH,FERN,E",MiscSeatFramAcc
"End rail for desk screen, .#MMW W, Intuity rail",RailProfile
"End rail for desk screen, .#MMW W, Intuity rail",RailProfile
"End rail for desk screen, .#MMW W, Intuity rail",RailProfile
"End rail for desk screen, .#MMW W, Intuity rail",RailProfile
"End rail for desk screen, .#MMW W, Intuity rail",RailProfile
"End rail for desk screen, .#MMW W, Intuity rail",RailProfile
"End rail for desk screen, .#MMW W, Intuity rail",RailProfile
"End rail for desk screen, .#MMW W, Intuity rail",RailProfile
"End rail for desk screen, .#MMW W, Intuity rail",RailProfile
"End rail for desk screen, .#MMW W, Intuity worktop",RailProfile
"End rail for desk screen, .#MMW W, Intuity worktop",RailProfile
"End rail for desk screen, .#MMW W, Intuity worktop",RailProfile
"End rail for desk screen, .#MMW W, Intuity worktop",RailProfile
"End rail for desk screen, .#MMW W, Intuity worktop",RailProfile
"End rail for hung screen, .#MMW W, worktop bkt",RailProfile
"End rail for hung screen, .#MMW W, worktop bkt",RailProfile
"End rail for hung screen, .#MMW W, worktop bkt",RailProfile
"End rail for hung screen, .#MMW W, worktop bkt",RailProfile
"End rail for hung screen, .#MMW W, worktop bkt",RailProfile
"End rail for hung screen, .#MMW W, worktop bkt",RailProfile
"End rail for hung screen, .#MMW W, worktop bkt",RailProfile
"End rail for hung screen, .#MMW W, Intuity end bkt",RailProfile
"End rail for hung screen, .#MMW W, Intuity end bkt",RailProfile
"End rail for hung screen, .#MMW W, Intuity end bkt",RailProfile
"End rail for hung screen, .#MMW W, Intuity end bkt",RailProfile
"End rail for hung screen, .#MMW W, Intuity end bkt",RailProfile
"End rail for Epure scrn, .#MMW  W",RailProfile
"End rail for Epure scrn, .#MMW  W",RailProfile
"End rail for Epure scrn, .#MMW  W",RailProfile
"End rail for Epure scrn, .#MMW  W",RailProfile
"End rail for Epure scrn, .#MMW  W",RailProfile
"End rail for Epure scrn, .#MMW  W",RailProfile
"End rail for Epure scrn, .#MMW  W",RailProfile
"rail, desk ACR for Intuity WT, #MMW W, FAB",RailProfile
"rail, desk ACR for Intuity WT, #MMW W, FAB",RailProfile
"rail, desk ACR for Intuity WT, #MMW W, FAB",RailProfile
"rail, desk ACR for Intuity WT, #MMW W, FAB",RailProfile
"rail, desk ACR for Intuity WT, #MMW W, FAB",RailProfile
"Epure acrylic SCRN rail, .#MMW W ,FAB",RailProfile
"Epure acrylic SCRN rail, .#MMW W ,FAB",RailProfile
"Epure acrylic SCRN rail, .#MMW W ,FAB",RailProfile
"Epure acrylic SCRN rail, .#MMW W ,FAB",RailProfile
"Epure acrylic SCRN rail, .#MMW W ,FAB",RailProfile
SPACER FOR METAL MODESTY SCREEN,Bracket
"Desk screen frame, .#MMW W, for Intuity rail",DeskScreenFrame
"Desk screen frame, .#MMW W, for Intuity rail",DeskScreenFrame
"Desk screen frame, .#MMW W, for Intuity rail",DeskScreenFrame
"Desk screen frame, .#MMW W, for Intuity rail",DeskScreenFrame
"Desk screen frame, .#MMW W, for Intuity rail",DeskScreenFrame
"Desk screen frame, .#MMW W, for Intuity rail",DeskScreenFrame
"Desk screen frame, .#MMW W, for Intuity rail",DeskScreenFrame
"Desk screen frame, .#MMW W, for Intuity rail",DeskScreenFrame
"Desk screen frame, .#MMW W ,Intuity and Tibas worktop",DeskScreenFrame
"Desk screen frame, .#MMW W ,Intuity and Tibas worktop",DeskScreenFrame
"Desk screen frame, .#MMW W ,Intuity and Tibas worktop",DeskScreenFrame
"Desk screen frame, .#MMW W ,Intuity and Tibas worktop",DeskScreenFrame
"Desk screen frame, .#MMW W ,Intuity and Tibas worktop",DeskScreenFrame
"Desk screen tackable frame, .#MMW W, for Intuity rail",DeskScreenFrame
"Desk screen tackable frame, .#MMW W, for Intuity rail",DeskScreenFrame
"Desk screen tackable frame, .#MMW W, for Intuity rail",DeskScreenFrame
"Desk screen tackable frame, .#MMW W, for Intuity rail",DeskScreenFrame
"Desk screen tackable frame, .#MMW W, for Intuity rail",DeskScreenFrame
"Desk screen tackable frame, .#MMW W, for Intuity rail",DeskScreenFrame
"Desk screen tackable frame, .#MMW W, for Intuity rail",DeskScreenFrame
"Desk screen tackable frame, .#MMW W, for Intuity rail",DeskScreenFrame
"Desk screen tackable frame, .#MMW W, for Intuity rail",DeskScreenFrame
"Desk tackable screen frame, .#MMW W, Intuity and Tibas WT",DeskScreenFrame
"Desk tackable screen frame, .#MMW W, Intuity and Tibas WT",DeskScreenFrame
"Desk tackable screen frame, .#MMW W, Intuity and Tibas WT",DeskScreenFrame
"Desk tackable screen frame, .#MMW W, Intuity and Tibas WT",DeskScreenFrame
"Desk tackable screen frame, .#MMW W, Intuity and Tibas WT",DeskScreenFrame
"frame, hung fabric scrn .#MMW W, Intuty, worktop bkt",HungScreenFrame
"frame, hung fabric scrn .#MMW W, Intuty, worktop bkt",HungScreenFrame
"frame, hung fabric scrn .#MMW W, Intuty, worktop bkt",HungScreenFrame
"frame, hung fabric scrn .#MMW W, Intuty, worktop bkt",HungScreenFrame
"frame, hung fabric scrn .#MMW W, Intuty, worktop bkt",HungScreenFrame
"frame, hung fabric scrn .#MMW W, Intuty, worktop bkt",HungScreenFrame
"frame, hung fabric scrn .#MMW W, Intuty, worktop bkt",HungScreenFrame
"frame, hung fabric scrn .#MMW W, Intuty, end bkt",HungScreenFrame
"frame, hung fabric scrn .#MMW W, Intuty, end bkt",HungScreenFrame
"frame, hung fabric scrn .#MMW W, Intuty, end bkt",HungScreenFrame
"frame, hung fabric scrn .#MMW W, Intuty, end bkt",HungScreenFrame
"frame, hung fabric scrn .#MMW W, Intuty, end bkt",HungScreenFrame
"frame, hung tack fab scrn .#MMW W, Intuty, worktop bkt",HungScreenFrame
"frame, hung tack fab scrn .#MMW W, Intuty, worktop bkt",HungScreenFrame
"frame, hung tack fab scrn .#MMW W, Intuty, worktop bkt",HungScreenFrame
"frame, hung tack fab scrn .#MMW W, Intuty, worktop bkt",HungScreenFrame
"frame, hung tack fab scrn .#MMW W, Intuty, worktop bkt",HungScreenFrame
"frame, hung tack fab scrn .#MMW W, Intuty, worktop bkt",HungScreenFrame
"frame, hung tack fab scrn .#MMW W, Intuty, worktop bkt",HungScreenFrame
"frame, hung fabric scrn .#MMW W, Epure, worktop bkt",HungScreenFrame
"frame, hung fabric scrn .#MMW W, Epure, worktop bkt",HungScreenFrame
"frame, hung fabric scrn .#MMW W, Epure, worktop bkt",HungScreenFrame
"frame, hung fabric scrn .#MMW W, Epure, worktop bkt",HungScreenFrame
"frame, hung fabric scrn .#MMW W, Epure, worktop bkt",HungScreenFrame
"frame, hung fabric scrn .#MMW W, Epure, worktop bkt",HungScreenFrame
"frame, hung fabric scrn .#MMW W, Epure, worktop bkt",HungScreenFrame
"frame, hung tack fab scrn .#MMW W, Epure, worktop bkt",HungScreenFrame
"frame, hung tack fab scrn .#MMW W, Epure, worktop bkt",HungScreenFrame
"frame, hung tack fab scrn .#MMW W, Epure, worktop bkt",HungScreenFrame
"frame, hung tack fab scrn .#MMW W, Epure, worktop bkt",HungScreenFrame
"frame, hung tack fab scrn .#MMW W, Epure, worktop bkt",HungScreenFrame
"frame, hung tack fab scrn .#MMW W, Epure, worktop bkt",HungScreenFrame
"frame, hung tack fab scrn .#MMW W, Epure, worktop bkt",HungScreenFrame
"SCR,pan head,PH,zinc DIA0.12x0.75L,plastifast,black",WoodFurnitScrew
"SCR,M8-50mm,PAN,TX,self, tapping,PHOS&WAX",MetricScrew
"SCR,M8x90mm,pan,TX,zinc, MS,nylon,patch",MetricScrew
"SCR,,FLT,HX,,Z,M8X30MM",WoodFurnitScrew
"SCR,TX,SW,phos,and oil, 5/16-18X1.250,black",SelfTapScrew
"SCR,5/16-18x.75,PAN,TX,SW,B",SelfTapScrew
"SCR,.312-18x2.00,cap,HX,B,Z",MetricScrew
"SCR,M6x20,cap,hex GB70-85,8.8, zinc coated",MetricScrew
"SCR,3/8-16x1.25,cap,HX, BK,W/patch",MetricScrew
1/4-20 x 1 3/4 SHCS w/patch,MetricScrew
"SCREW #10-32 X .375 TRUSS, M5",MetricScrew
"SCR,pan head,TX,zinc DIA8-32x0.34,0.074 shoulder",SelfTapScrew
"SCR,pan head,TX,zinc,carburize D8-32x0.34,0.074 shoulder,12.",MetricScrew
"SCR,M5X12.5mm,pan,TX,B,Z, plastikwik,black",SelfTapScrew
"SCR,pan head,TX,zinc M6x14mmL,plastikwik,black",SelfTapScrew
"SCR,pan head,TX,zinc M6x14mmL,plastikwik,black",SelfTapScrew
"SCR,M5X10.0MM,TRS,TX,B,Z BLK, PLASTIKWIK",MetricScrew
"SCR,M5.5*19 GB845, zinc coated",WoodFurnitScrew
"SCREW,4.8X19,PH,BLACK GB845",WoodFurnitScrew
"SCR,ST4.2x30",WoodFurnitScrew
"SCR,M5x16mm,OVL,TX,,Z,X99",SelfTapScrew
"SCR,M5x40mm,FLT,PH,,Z",SelfTapScrew
"SCR,M6x16mm,FIT,TX,,Z,X99",SelfTapScrew
"SCR,M6x16mm,FIT,TX,,Z,X99",SelfTapScrew
"SCR,pan head,TX,zinc M6x16mmL",SelfTapScrew
"SCR,M6x16mm,cap,HX,,Z,X99",SelfTapScrew
"SCR,M6x20mm,FLT,TX,,Z,X99",SelfTapScrew
"SCR,M6X25MM,pan,TX,Z,X99, D976125100",SelfTapScrew
"SCR,M6x40mm,FLT,HX,,Z,X99",SelfTapScrew
"SCR,M6x30mm,FLT,TX,,Z, 3-5 THD lead",SelfTapScrew
"SCR,pan head,PH,zinc M6x18mmL",MetricScrew
"Scr,M6x16,pan,TX,Aloha Easy gu",SelfTapScrew
"SCR,GB/T70.1,M5x10",MetricScrew
"SCR,GB/1845,M3.5x9.5",WoodFurnitScrew
"SCR,GB/T 818,M4x5",WoodFurnitScrew
"SCR,GB/T 70.3 M6x35, TRUSS-head",MetricScrew
"SCR,hex cap,M5x12",MetricScrew
"SCR,GB6560-86,M4x12",SelfTapScrew
"SCR,GB/T70.3,M5x8",MetricScrew
"SCR,8-32x.375,pan,ph,z",MetricScrew
"SCR,cantilever GB77 M5*6, zinc coated",MetricScrew
"SCR,M6x30 FLT,SL GB70.3,10.9, zinc coated",MetricScrew
"SCR,M6,FLT,SL,SW,Z GB77, M6*8, zinc coated",MetricScrew
"SCR,M6x10,hex,hx,ab,z GB70.3, 10.9, zinc coated",MetricScrew
"SCR,M6x12,hex,hx,ab,z GB70.3,10.9, zinc coated",MetricScrew
"SCR,M6x14,hex,hx,ab,z GB70.3, 10.9, zinc coated",MetricScrew
"SCR,M6x16,hex,hx,ab,z GB70.3, 10.9, zinc coated",MetricScrew
"SCR,M6x20,hex,hx,ab,z GB70.3, 10.9, zinc coated",MetricScrew
"SCR,M6x25,hex,hx,ab,z GB70.3,M6*25,10.9,zinc coated",MetricScrew
"SCR,M6x14,hex,hx,ab,z GB70.3, 10.9, specal head",MetricScrew
"SCR,pan,PH,zinc,M6x25mm",MetricScrew
"SCR,ST6.3x38, GB846,zinc coated",WoodFurnitScrew
"SCR,M6x30,flat GB819-76, zinc coated",MetricScrew
"SCR,M6x10,pan,hex,PH,a,b GB70.2,10.9, zinc coated",MetricScrew
"SCR,M6x6,pan,hex,PH,a,b GB70.2, 10.9, zinc coated",MetricScrew
"SCR,insert,ws,des",Nut
"SCR,M6x12,desk, GB77, zinc coated",MetricScrew
"SCR,M6.2-2.54X38",SelfTapScrew
"SCR,M4.0-1.8x10.00,truss, head,TX,Z",SelfTapScrew
"SCR,M4.0x11mm,PAN,WSHR, head,TX,Z",SelfTapScrew
"SCR,M3.5-1.6-18.2,RNDWHS, head,TX,Z",SelfTapScrew
"SCR,M5x12.5mm,PAN,TX,Z, plastic-KWIK",SelfTapScrew
"SCR,M7.2x1.59x19.50mm, WAFER,TX,6lobe",SelfTapScrew
"SCR,M5-2.2x17mm,PAN,TX, PK+",SelfTapScrew
"SCR,6-20x3/8,FLT,TX,AB, Z",SelfTapScrew
"SCR,10-12x5/8,FLT,TX,A, Z",SelfTapScrew
"SCR,M4x1.8x9.04,PAN,WSHER, HD,TX",SelfTapScrew
"SCR,M6-2.65x22MM,FTL, TX,",SelfTapScrew
"SCR,M6-2.65x36.8MM,OVL, TX,",SelfTapScrew
"SCR,M4.0x18.00mm,RND,WSHR, head,TX,Z",MetricScrew
"SCR,M8.0x22.20mm,PAN,TX,Z",MetricScrew
"SCR,1/4-20x12.7mm,PAN,TX, F,black",MetricScrew
"SCR,M5.0x14.4mm,RND,WSHER, headshldrd,TX,Z",MetricScrew
"SCR,8-32x.25,RND,WSHR,HD, TX,Z",MetricScrew
"SCR,8-32x.50,RND,WHSR,HD, TX,Z",MetricScrew
"SCR,st4.2x16,flt,ph,a,b GB845-85",MetricScrew
"SCR,2.9x19 GB846-85",MetricScrew
"SCR,for Tutti bench beam GB/T 70.1 M6x45,20mm,9.8",MetricScrew
"SCR,GB/T 70.1 M6x15,9.8",MetricScrew
GB/T 77 M5X10 FIX SCW,MetricScrew
"SCR,pan M6X20 GB818-85, zinc coated",MetricScrew
"SCR,pan,M10X80,GB/T70 zinc",MetricScrew
"SCR, 5.5*25,FLT GB846, zinc coated",WoodFurnitScrew
"SCR,#12-11,PAN,HEX,PH,A,B",SelfTapScrew
"SCR,GB/T6561 M4x10",SelfTapScrew
"SCR,GB/T6560 M4x10",SelfTapScrew
"SCR,GB/T6561,M5x12",SelfTapScrew
"SCR,GB/T6561 M5x12",SelfTapScrew
"SCR, M6X70,HEX socket GB70",MetricScrew
"SCR,GB/T70.1,M5x8",MetricScrew
"SCR,M6x12mm,FLT,TX,,Z,X99",SelfTapScrew
"SCREW,M6X24MM,DELTA, BLK",SelfTapScrew
"SCR, 1/2-13,BTN,HEX, B-PATCH",MetricScrew
SCREW M5 X 2.25 X 10.0 MM T-25,SelfTapScrew
"SCR,M8X40,GB/T70.3",MetricScrew
"SCR, M8X45 GB70",MetricScrew
"SCR,back beam,M4.2X19 GB846",WoodFurnitScrew
"SCR,SHLDR,RD,M5X2.25X14.0MM, TX,T25",SelfTapScrew
GB/T 2672   Hexagon lobular Flower shape head screws M8*27,MetricScrew
GB/T 2672  Hexagon lobular Flower shape head screws M8*30,MetricScrew
GB/T 2672   Hexagon lobular Flower shape M8 L=35mm DK=15,MetricScrew
"3x SCREW,WITH 3x SPRING WASHER",MiscFasteners
"3x SCREW,WITH 2x SPRING WASHER and 1x flush washer",MiscFasteners
"8x SCREW M8*30, black",MiscFasteners
"SCREW,M6-1X13.5MM,RNDWA,6LOBE, T30,M/S,BLK,ZNC,W/PATCH",MetricScrew
"SCR,M5-0.8x10,TRS,6LB,T20, THRFRM,BLK,ZNC",MetricScrew
"SCR,M4-0.7x8,PHD,6LB,T20, THR FRM,BLK,ZNC",MetricScrew
"SCR,M8-1.25MM,RNDWA,T30, M/S,W/PATCH,BLK",MetricScrew
"M8-1.25X30MM,FLAT,T40,M/S, TRIV,BLK ZNC",MetricScrew
"SCREW,M4-.7X15MM,TRUSS, 6LOBE,T20,TF,ZNC",SelfTapScrew
M6*20mm,MetricScrew
M10*60mm Socket screws,MetricScrew
ST4.8*20 blackening screw,WoodFurnitScrew
ST4.8*20 galvanized screw,WoodFurnitScrew
"SCR,M6-1X20MM,FLAT,T30,ZNC, W/PATCH,BLK",MetricScrew
Screws DIN/ISO 912-8.8 M8x16,MetricScrew
Screws DIN/ISO 912-8.8 M6x25,MetricScrew
"Scew, half round head, M6x60, 10.9, TX, zinc plated",MetricScrew
"SCREW, half round head M6x35, 10.9, Black",MetricScrew
"SCREW, GB/T 846 ST3.5*25",WoodFurnitScrew
"SCREW,M6x8,black",MetricScrew
"Seat,shell,outer .#ACPLS",SeatShell
"Seat,shell,outer .#ACPLS",SeatShell
"Seat,shell,outer .#ACPLS",SeatShell
"Seat shell,seminar,Very, .#ACPLS",SeatShell
"Seat shell,seminar,Very, .#ACPLS",SeatShell
"Seat shell,seminar,Very, .#ACPLS",SeatShell
"Seat shell,seminar,Very, .#ACPLS",SeatShell
"Seat shell,seminar,Very, .#ACPLS",SeatShell
"Seat shell,seminar,Very, .#ACPLS",SeatShell
"Seat shell,seminar,Very, .#ACPLS",SeatShell
"Seat shell,seminar,Very, .#ACPLS",SeatShell
"Seat shell,seminar,Very, .#ACPLS",SeatShell
"Seat shell,seminar,Very, .#ACPLS",SeatShell
"Seat shell,seminar,Very, .#ACPLS",SeatShell
"Seat shell,seminar,Very, .#ACPLS",SeatShell
"Seat,fixed,4leg,Very,.#ACPLS",SeatPlate
"Seat,fixed,4leg,Very,.#ACPLS",SeatPlate
"Seat,fixed,4leg,Very,.#ACPLS",SeatPlate
"Seat,fixed,4leg,Very,.#ACPLS",SeatPlate
"Seat,fixed,4leg,Very,.#ACPLS",SeatPlate
"Seat,fixed,4leg,Very,.#ACPLS",SeatPlate
"Seat,fixed,4leg,Very,.#ACPLS",SeatPlate
"Seat,fixed,4leg,Very,.#ACPLS",SeatPlate
"Seat,fixed,4leg,Very,.#ACPLS",SeatPlate
"Seat,fixed,4leg,Very,.#ACPLS",SeatPlate
"Seat,fixed,4leg,very,.#ACPLS",SeatPlate
"Seat,fixed,4leg,very,.#ACPLS",SeatPlate
"Seat,shell,outer,SUB ASSY, Very task ,.#ACPLS",SeatPlate
"Seat,shell,outer,SUB ASSY, Very task ,.#ACPLS",SeatPlate
"Seat inner,ez65 guest chair TR00F",SeatPlate
Tension adjust trigger,SeatingControl
"SPCC,T=1.2mm,1250mm*2500mm",MetalSheets
"SGCC,T=0.7,1250*2500",MetalSheets
"SGCC, T=0.7, 1720*2131",MetalSheets
"SGCC, T=0.7, 931*2071.5",MetalSheets
"Shell,seat,inner,W/foam",SeatCushion
"Shell,Seat,SEM,X99,Export",SeatPlate
"Shell,seat,inner,W/foam Gel,Zody",SeatCushion
"Shell,seat/back,wire,STKR, Very,.#ACPLS",SeatShell
"Shell,seat/back,wire,STKR, Very,.#ACPLS",SeatShell
"Shell,seat/back,wire,STKR, Very,.#ACPLS",SeatShell
"Shell,seat/back,wire,STKR, Very,.#ACPLS",SeatShell
"Shell,seat/back,wire,STKR, Very,.#ACPLS",SeatShell
"Shell,seat/back,wire,STKR, Very,.#ACPLS",SeatShell
"Shell,seat/back,wire,STKR, Very,.#ACPLS",SeatShell
"Shell,seat/back,wire,STKR, Very,.#ACPLS",SeatShell
"Shell,seat/back,wire,STKR, Very,.#ACPLS",SeatShell
"Shell,seat/back,wire,STKR, Very,.#ACPLS",SeatShell
"Shell,seat/back,wire,STKR, very,.#ACPLS",SeatShell
"Shell,seat/back,wire,STKR, very,.#ACPLS",SeatShell
"Seat shell,inner,seat,Aloha Ea",SeatPlate
"Seat shell,ASSY,outer,Aloha Ea",SeatPlate
Out shell TR00F,SeatPlate
Aloha Easy LITE SEAT SHELL,SeatPlate
Aloha Easy Lite plywood,SeatPlate
"SHELL,OUTER,HEADREST",MiscHeadrestCom
"SHELL,OUTER,HEADREST",MiscHeadrestCom
"SHELL,OUTER,HEADREST",MiscHeadrestCom
"SHELL, UPHOLSTERY, BACK, PROJ 530",BackPad
Maari lower back seat pad foam with plate,SeatCushion
"Seat/Back, Seat shell,ASSY ,.*ACPLS",SeatShell
"Seat/Back, Seat shell,ASSY ,.*ACPLS",SeatShell
"Seat/Back, Seat shell,ASSY ,.*ACPLS",SeatShell
"Seat/Back, Seat shell,ASSY ,.*ACPLS",SeatShell
SOJI SEAT PLYWOOD,SeatPlate
DAYTONA SEAT FOAM W SHELL,SeatCushion
"SEAT,SHELL,plastic pad DAYTONA",SeatPlate
ID6XOD12XT1.5mm shimGB97-85,Washer
"Sleeve,locking,footrest",Sleeve
"Slide,plastic,",SlideDoorGuide
"Socket,caster,ACPLS",MiscConnector
"Socket,caster,ACPLS",MiscConnector
"Socket,caster,ACPLS",MiscConnector
"ATT spacer,interlock,LH",CabinetConnect
"ATT spacer,interlock,RH",CabinetConnect
"Spacer,no forward tilt no back stop.#ACPLS",SeatingControl
"Spacer,no forward tilt no back stop.#ACPLS",SeatingControl
"spacer PE for acrylic scrn, Intuity rail mount",Spacer
Intuity beam BTM spacer,Spacer
CONTROL FOUNDATION CUSHION BLOCK LH,MiscMechComp
CONTROL FOUNDATION CUSHION BLOCK RH,MiscMechComp
SOJI PLYWOOD ARM SPAER LH,MiscHardware
SOJI PLYWOOD ARM SPAER RH,MiscHardware
Intuity beam top spacer,Spacer
"Spline, MDF screen",MiscConnector
"Spring,TRSN,.295D,,top",MiscMechComp
"Spring,TRSN,.295D,,bottom",MiscMechComp
"Spring,TRSN,PNT,X99,GST, TRGBK",MiscMechComp
"Spring,TRSN,PNT,X99,GST, TRGBK",MiscMechComp
"Tension adjust assembly,B=70D, NA",MiscMechComp
"Spring,compression,0.4DIAx 1.75L,sliding seat lever",TensionSpring
"Spring,torsion,control,RH",TensionSpring
"Spring,torsioncontrol,LH",TensionSpring
"Spring,compression,steel planes fliptop",CompressSpring
"SPRING,FORWARD TILT,FERN,EXPOR",CompressSpring
"SPRING,TORSION,ACTIVATION, LEVER,FERN,EXPORT",TensionSpring
"SPRING,LUMBAR,FERN,EXPORT",MiscLumbPelvCom
"SPRING, HANDLE",CompressSpring
"Mechanism,Return spring,black",TensionSpring
"SPRING,WASHER,T93-1987,8,BLACK",Washer
"MD,Staple,chisel,resin coat",Staples
"MD,STAPLE,CHISEL PT,RESIN",Staples
"MD,STAPLE,CHISEL PT,RES used in SFT core",Staples
"MD,STAPLE,black, 1008J",Staples
"MD,STAPLE, Zinc, 9mmWx6mmH",Staples
1250x2500 steel 0.7T,MetalSheets
1250*1570 0.7T SPCC,MetalSheets
"SPCC,T=1.5,1250*2500",MetalSheets
1250x2500 steel 2.5T,MetalSheets
1250x2500 steel 3.0T,MetalSheets
"Metal sheet, 800x900, 4mmTHK",MetalSheets
"Stop,door,bottom",CabDoorStopper
"Stop,recline,soft",MiscConnector
"Stopper, AL flip top, SC",MiscHardware
Blocker of Back frame,BackrestFrame
"Strap,zipper,screen, PWR,Bamboo,.#MMW",Tape
"Strap,zipper,screen, PWR,Bamboo,.#MMW",Tape
"Strap,zipper,screen, PWR,Bamboo,.#MMW",Tape
"STAPLE STRIP, TOP, WOOD, POPPY CHAIR",SeatPlate
"STAPLE STRIP, BOTTOM, WOOD POPPY CHAIR",SeatPlate
"Zipper, 190mm, YKK",Tape
"Zipper, Effectively used 250mm",Tape
"Support,arm,lower, FAB,LH",ArmrestSupport
"Support,arm,lower, FAB,RH",ArmrestSupport
"Support,arm,lower, Polished,LH",ArmrestSupport
"Support,arm,lower, Polished,LH",ArmrestSupport
"Support,arm,lower, Polished,RH",ArmrestSupport
"Support,arm,lower, Polished,RH",ArmrestSupport
"Support,arm,fixed, FAB,LH",ArmrestSupport
"Support,arm,fixed, FAB,RH",ArmrestSupport
"Support,arm,fixed, Polish,LH",ArmrestSupport
"Support,arm,fixed, Polish,LH",ArmrestSupport
"Support,arm,fixed, Polish,RH",ArmrestSupport
"Support,arm,fixed, Polish,RH",ArmrestSupport
"Suprt,rod,seat,very, EXP,d972317000",MiscMechComp
"Support SUBASSY,lumbar,back .#ACPLS",LumbarAssy
"Support SUBASSY,lumbar,back .#ACPLS",LumbarAssy
"Support ASSY,headrest",HeadRest
"planes tray stiffer ,FAB .#MML",Beam
"planes tray stiffer ,FAB .#MML",Beam
"planes tray stiffer ,FAB .#MML",Beam
"Support,ASSY,headrest.kit .#ACPLS",HeadRest
"Support,ASSY,headrest,kit .#ACPLS",HeadRest
"SUPPORT,ARM,PLASTIC,LH,FERN, BLACK,EXPORT",ArmrestSupport
"SUPPORT,ARM,PLASTIC,LH,FERN, FOG,EXPORT",ArmrestSupport
"SUPPORT,ARM,PLASTIC,LH,FERN, SNOW,EXPORT",ArmrestSupport
"SUPPORT,ARM,PLASTIC,RH,FERN, BLACK,EXPORT",ArmrestSupport
"SUPPORT,ARM,PLASTIC,RH,FERN, FOG,EXPORT",ArmrestSupport
"SUPPORT,ARM,PLASTIC,RH,FERN, SNOW,EXPORT",ArmrestSupport
"SUPPORT, ARM, FXD, LH, PFP, PROJ 451",ArmrestSupport
"SUPPORT, ARM, FXD, RH, PFP, PROJ 451",ArmrestSupport
"SUPPORT, ARM, FXD, LH, POLISHED, PROJ 451",ArmrestSupport
"SUPPORT, ARM, FXD, RH, POLISHED, PROJ 451",ArmrestSupport
"SUPPORT, ARM, ALUM, LH, PFP, PROJ 451",ArmrestSupport
"SUPPORT, ARM, ALUM, RH, PFP, PROJ 451",ArmrestSupport
"SUPPORT, ARM, ALUM, LH, POLISHED, PROJ 451",ArmrestSupport
"SUPPORT, ARM, ALUM, RH, POLISHED, PROJ 4",ArmrestSupport
"SUPPORT,MOUNT,HEADREST",MiscHeadrestCom
"SUPPORT,MOUNT,HEADREST",MiscHeadrestCom
"SUPPORT,MOUNT,HEADREST",MiscHeadrestCom
"SUPPORT,POST,HEADREST",MiscHeadrestCom
"SUPPORT, ARM, FXD, CORED, LH, ASY, SCR, VRY",ArmrestSupport
"SUPPORT, ARM, FXD, CORED, RH, ASY, SCR, VRY",ArmrestSupport
"SUPPORT, ARM, FIXED,.*ACPLS,PR",ArmrestSupport
"SUPPORT, ARM, FIXED,.*ACPLS,PR",ArmrestSupport
"SUPPORT,LEVER,FWDTLT,PROJ545",SeatingControl
"SUPPORT,FRAME,WOOD,PROJ530, RAW MATERIAL",SeatPlate
"SUPPORT, 85 X 249.2, TABLES, FAB",Bracket
"SUPPORT, LUMBAR, SLIDE",LumbarPad
"SUPPORT, ARM, LOWER, LH, ADJ, RAW",ArmrestSupport
"SUPPORT, ARM, LOWER, RH, ADJ, RAW",ArmrestSupport
"SUPPORT, ARM, LOWER, LH, ADJ, POLISH",ArmrestSupport
"SUPPORT, ARM, LOWER, RH, ADJ, POLISH",ArmrestSupport
"DAYTONA,NARROW,SLIDE",MiscConnector
"HANDLE, LUMBAR .#ACPLS",MiscConnector
"HANDLE, LUMBAR .#ACPLS",MiscConnector
"VERY SUPPORT ARM FIXED CORED, LH, ASY, POL, VRY",ArmrestSupport
"VERY SUPPORT ARM FIXED CORED, RH, ASY, POL, VRY",ArmrestSupport
"Double-sided adhesive tape, 1120w*75000d",Tape
"SEAT,CLIP,ATTACHMENT,VERY SEMINAR",MiscFasteners
"INNER SHELL, CHAIR SEAT/BACK POPPY CHAIR",SeatShell
SEAT PAN WITH INSERTS ASSEMBLY,SeatCushion
"Cylinder,PNEU ASSY,w/CAN",GasSpringUnit
"Base, aluminum, raw material",StarBase
"Base, aluminum, polished",StarBase
"Base, aluminum, polished",StarBase
foam chick pouf A88028601,SofaFoam
foam chick pouf A88028601,SofaFoam
panel chick pouf A88028602,Endcap
panel chick pouf A88028602,Endcap
glider chick pouf A88028603,GlideFurniture
glider chick pouf A88028603,GlideFurniture
Pivot mount chick pouf A88028604,Bracket
Pivot mount chick pouf A88028604,Bracket
bushing pivot inner chick pouf A88028605,Bushings
bushing pivot inner chick pouf A88028605,Bushings
bushing pivot outer chick pouf A88028606,Bushings
bushing pivot outer chick pouf A88028606,Bushings
E-clip chick pouf A88028607,Clamps
E-clip chick pouf A88028607,Clamps
"8mm PET board, 4*8 used in SFT PET core",PETBoard
"18mm PET board, 1780x1220",PETBoard
"MD,Tape,tray,desk",Tape
"MD,Thread,nylon,black",Yarn
"Nylon thread, Allways UM cord",CableChain
"MD,Tie,wire,plastic,14.5L",Tape
"Tie,wire,plastic,23.6_in long",CableTie
"TIE, CABLE",CableTie
"TRACK,LH,LUMBAR,FERN,BLACK, EXPORT",MiscLumbPelvCom
"TRACK,LH,LUMBAR,FERN,FOG, EXPORT",MiscLumbPelvCom
"TRACK,LH,LUMBAR,FERN,SNOW, EXPORT",MiscLumbPelvCom
"TRACK,RH,LUMBAR,FERN,BLACK, EXPORT",MiscLumbPelvCom
"TRACK,RH,LUMBAR,FERN,FOG, EXPORT",MiscLumbPelvCom
"TRACK,RH,LUMBAR,FERN,SNOW, EXPORT",MiscLumbPelvCom
"Tube,bent,suprt,seat",BaseTube
"Tube,bent,SUPRY,seat,FIN, .*ACTRM",BaseTube
"Brush,Universal flip top, .#MMW",Brush
"Brush,Universal flip top, .#MMW",Brush
"Brush,Universal flip top, .#MMW",Brush
"Brush,Universal flip top, .#MMW",Brush
"AL edge, SC, 140D x .#MMW   , outbound,FAB",CableOutlet
"AL edge, SC, 140D x .#MMW   , outbound,FAB",CableOutlet
"AL edge, SC, 140D x .#MMW   , outbound,FAB",CableOutlet
"SCR,M4X6,GB/T6560",SelfTapScrew
"18mm PTB LPL board, 6*8, E0,FSC100%,",Particleboard
"TIBAS double side end leg,FAB, .#MMD D",Tableleg
"TIBAS double side end leg,FAB, .#MMD D",Tableleg
"TIBAS double side end leg,FAB, .#MMD D",Tableleg
"TIBAS double side end leg,FAB, .#MMD D",Tableleg
"TIBAS main beam,FAB, .#MMW W",Beam
"TIBAS main beam,FAB, .#MMW W",Beam
"TIBAS main beam,FAB, .#MMW W",Beam
"TIBAS main beam,FAB, .#MMW W",Beam
"TIBAS main beam,FAB, .#MMW W",Beam
"TIBAS single side end leg,FAB, .#MMD D",Tableleg
"TIBAS single side end leg,FAB, .#MMD D",Tableleg
"TIBAS single side end leg,FAB, .#MMD D",Tableleg
"TIBAS single side end leg,FAB, .#MMD D",Tableleg
"TIBAS single side intermedia leg,FAB, .#MMD D",Tableleg
"TIBAS single side intermedia leg,FAB, .#MMD D",Tableleg
"TIBAS end bracket,FAB",TopSupport
"TIBAS mid-span,FAB",TopSupport
TIBAS beam spacer,Spacer
"GB70.3,M6*40, White Zinc",MetricScrew
"TIBAS housing,30*60,M8",GlideFurniture
"TIBAS plug,30*60",Endcap
"5MM SPHC,700*950",MetalSheets
"Upright,control,support,back ASSY,W/pin,LH",BackUpright
"Upright,control,support,back ASSY,W/pin,RH",BackUpright
"Upright,control,support,back ASSY,W/pin,polish,LH",BackUpright
"Upright,control,support,back ASSY,W/pin,polish,LH",BackUpright
"Upright,control,support,back ASSY,W/pin,polish,RH",BackUpright
"Upright,control,support,back ASSY,W/pin,polish,RH",BackUpright
"Upright,RH,FIN,EXP",BackUpright
"Upright,LH,FIN,EXP",BackUpright
"Upright,support,ASSY,LH, w/pin,PFP",BackUpright
"Upright,support,ASSY,RH, w/pin,PFP",BackUpright
"Upright,support,ASSY,LH, w/pin,polished",BackUpright
"Upright,support,ASSY,LH, w/pin,polished",BackUpright
"Upright,support,ASSY,RH, w/pin,polished",BackUpright
"Upright,support,ASSY,RH, w/pin,polished",BackUpright
Right upright,BackUpright
Left upright,BackUpright
"Kit,upright,assebmly,X99, Guest,FAB",BackUpright
"Kit,upright,assebmly,X99, Seminar,FAB",BackUpright
STEEL L  PLATE IC,BackrestFrame
"plastic upright, pair, ,.#ACPLS",BackUpright
"Upright, Very, pair, plastic, .#ACPLS",BackUpright
"Upright, Very, pair, plastic, .#ACPLS",BackUpright
"Upright, Very, pair, plastic, thick, .#ACPLS",BackUpright
"Upright, Very, pair, plastic, thick, .#ACPLS",BackUpright
"Mdf painted Tablet, Maari, Poppy MDF Black",WritingTableTop
"Mdf painted Tablet, Maari, Poppy MDF White",WritingTableTop
"Solid wood Tablet Maari, Poppy",WritingTableTop
"Cord,D2.5,SYS58/X-99, D971401200",Yarn
"Tang,long,seminar,X-99, D972221600",MiscSeatFramAcc
"Tang,short,D972222100",MiscSeatFramAcc
Spacer,Spacer
"Cap,left,D972624600000",Endcap
"Cap,right,D972624700000",Endcap
"Cam,german,#D972742700",SeatingControl
Back attachment,BackSupport
Back support,BackSupport
"seat wood, Nia",SeatPlate
"Back Wood,High",BackrestFrame
"Back Wood,Mid",BackrestFrame
"INN,seat,SHL,W/nuts, D973407600",SeatPlate
"INN,back,SHL,D973407702",BackPad
"Seat cover, .#ACPLS, Nia",SeatPlate
"Seat cover, .#ACPLS, Nia",SeatPlate
"Seat cover w/o armrest, .#ACPLS, Nia",SeatPlate
"Seat cover w/o armrest, .#ACPLS, Nia",SeatPlate
"SHELL,HIGH, SEAT,.*ACPLS",SeatShell
"SHELL,HIGH, SEAT,.*ACPLS",SeatShell
"SHELL,HIGH, SEAT,.*ACPLS",SeatShell
"SHELL,HIGH, SEAT,.*ACPLS",SeatShell
"SHELL,HIGH, SEAT,.*ACPLS",SeatShell
"SHELL,HIGH, SEAT,.*ACPLS",SeatShell
Bearing with flange,Bearings
Bumper,BackSupport
Strip backrest,Hooks
Strip backrest w/o incision,Hooks
"Armcap,left,bottom, D974676401,001",ArmCap
"Armcap,right,bottom, D974676501,001",ArmCap
"Stretcher,cover,plastic, Bottom,D974681700,001",BackSupport
"Armcap,left,upper, D974683000,001",ArmCap
"armcap,right,upper, D974683100,001",ArmCap
"Bushing,tube,D974684400",Bushings
"Logo adapter,D974685302,001",MiscSeatFramAcc
"Glide,sled,base,chair,X99, D974689400,001",MiscConnector
Back Mechanism accommodate,BackrestFrame
Cover for back mechanism,BackSupport
"Armrest left, .#ACPLS",ArmrestAssy
"Armrest left, .#ACPLS",ArmrestAssy
"Armrest right, .#ACPLS",ArmrestAssy
"Armrest right, .#ACPLS",ArmrestAssy
"Cover backrest support,.*ACPLS",MechCover
"Cover backrest support,.*ACPLS",MechCover
"Cover backrest support top , .#ACPLS",MechCover
"Cover backrest support top , .#ACPLS",MechCover
"Knock-down cover,.*ACPLS",BackSupport
"Knock-down cover,.*ACPLS",BackSupport
Back lock knock-down function,BackSupport
Backrest fixation,BackSupport
"Bottom cap for fixed arm, LH, .*ACPLS",ArmCap
"Bottom cap for fixed arm, LH, .*ACPLS",ArmCap
"Bottom cap for fixed arm, LH, .*ACPLS",ArmCap
"Bottom cap for fixed arm, RH, .*ACPLS",ArmCap
"Bottom cap for fixed arm, RH, .*ACPLS",ArmCap
"Bottom cap for fixed arm, RH, .*ACPLS",ArmCap
"Control body ,.*ACPLS",MechAssy
"Control body ,.*ACPLS",MechAssy
"Assy,Soji arm,1D,PR,with bottom cap,.*ACPLS",ArmrestAssy
"Assy,Soji arm,1D,PR,with bottom cap,.*ACPLS",ArmrestAssy
"Assy,Soji arm,1D,PR,with bottom cap,.*ACPLS",ArmrestAssy
"Assy,Soji arm,4D,PR,with bottom cap,.*ACPLS",ArmrestAssy
"Assy,Soji arm,4D,PR,with bottom cap,.*ACPLS",ArmrestAssy
"Assy,Soji arm,4D,PR,with bottom cap,.*ACPLS",ArmrestAssy
"Nia,height adjust arm, LH, .*ACPLS",ArmrestAssy
"Nia,height adjust arm, LH, .*ACPLS",ArmrestAssy
"Nia,height adjust arm, RH, .*ACPLS",ArmrestAssy
"Nia,height adjust arm, RH, .*ACPLS",ArmrestAssy
"SCR,oval,HD,M6x10,D976121000",SelfTapScrew
"SCR,oval head,M5x16 DIN 7500 C torx",SelfTapScrew
"Flat,head,screw,M5x20,din, 7500,M,D976126100",SelfTapScrew
"Headrest nut,M6X11.5,black Very",InsertNut
"Headrest nut,M6X11.5,zinc Very",InsertNut
Plastic expanding rivet,Rivet
"Rivet,D976407100",Rivet
"Washer,plain,1/4",Washer
"WSHR,spring,0.32x0.62x.05 7, STL",Washer
"Washer,spring,GB/T93 5",Washer
SPRING WASHER GB/T 93 8,Washer
"Spring washer,GB/T 93 6",Washer
"WASHER, PROJ 451",Washer
"WASHER, PLASTIC",Washer
SPRING WASHER M10,Washer
"Washer, thrust bearing",Washer
"Wire,mech,HGT back, Look",TensionSpring
"Wire,mech,pneumaticact",TensionSpring
"Wire,fabricretainer,seat , 431.8mm(17.00)",MiscHardware
"Wire,fabricretainer,seat, 393.70mm(15.50)",MiscHardware
"Wire,fabricretainer,seat, 355.6mm(14.00)",MiscHardware
"WIRE,MECHANICAL,LUMBAR,FERN, EXPORT",MiscLumbPelvCom
"CABLE FWDTLT, FOR NEW MECH",SeatingControl
"Tie plate,worksurface",TableConnector
M3X10mm 304Screw,MetricScrew
"SCREW, M8,PAN, 6-LOBE, MS, BLK OXIDE",MetricScrew
M5*25,MetricScrew
M6*25,MetricScrew
Torx M6*30,MetricScrew
"BL,gasket of glass .#MMW",MiscConnector
"BL,gasket of glass .#MMW",MiscConnector
"BL,gasket of glass .#MMW",MiscConnector
"BL, gasket of glass .#MMW",MiscConnector
"BL,gasket of glass .#MMW",MiscConnector
"BL,gasket of glass .#MMW",MiscConnector
"BL,gasket of glass .#MMW",MiscConnector
"BL,gasket of glass .#MMW",MiscConnector
"BL,gasket of glass .#MMW",MiscConnector
"BL,gasket of glass .#MMW",MiscConnector
"BL,gasket of glass .#MMW",MiscConnector
"BL,gasket of glass .#MMW",MiscConnector
"BL,gasket of glass .#MMW",MiscConnector
"BL,gasket of glass .#MMW",MiscConnector
"BL,gasket of glass .#MMW",MiscConnector
"BL,gasket of glass .#MMW",MiscConnector
"BL,gasket of glass .#MMW",MiscConnector
"BL,gasket of glass .#MMW",MiscConnector
"BL, gasket of glass .#MMW",MiscConnector
"BL, gasket of glass .#MMH",MiscConnector
"BL, gasket of glass .#MMH",MiscConnector
"BL, gasket of glass .#MMH",MiscConnector
"BL, gasket of glass .#MMH",MiscConnector
"BL, gasket of glass .#MMH",MiscConnector
"BL, gasket of glass .#MMH",MiscConnector
"BL, gasket of glass .#MMH",MiscConnector
"BL, gasket of glass .#MMH",MiscConnector
"BL, gasket of glass .#MMH",MiscConnector
"BL, gasket of glass .#MMH",MiscConnector
"BL, gasket of glass .#MMH",MiscConnector
"BL, gasket of glass .#MMH",MiscConnector
"SCR,M6x20,GB6560",SelfTapScrew
Insert of end Cantilever bracket,InsertNut
insert for infinity 3 70MMW,InsertNut
"SFT,bottom rail,50T,W/O port, FAB,.#MMW",PartPanelRail
"SFT,bottom rail,50T,W/O port, FAB,.#MMW",PartPanelRail
"SFT,bottom rail,50T,W/O port, FAB,.#MMW",PartPanelRail
"SFT,bottom rail,50T,W/O port, FAB,.#MMW",PartPanelRail
"SFT,bottom rail,50T,W/O port, FAB,.#MMW",PartPanelRail
"SFT,bottom rail,50T,W/O port, FAB,.#MMW",PartPanelRail
"SFT,bottom rail,50T,W/O port, FAB,.#MMW",PartPanelRail
"SFT,bottom rail,50T,W/O port, FAB,.#MMW",PartPanelRail
"SFT,bottom rail,50T,W/O port, FAB,.#MMW",PartPanelRail
"SFT,bottom rail,50T,W/O port, FAB,.#MMW",PartPanelRail
"SFT,bottom rail,50T,PWR port,FAB,.#MMW",PartPanelRail
"SFT,bottom rail,50T,PWR port,FAB,.#MMW",PartPanelRail
"SFT,bottom rail,50T,PWR port,FAB,.#MMW",PartPanelRail
"SFT,bottom rail,50T,PWR port,FAB,.#MMW",PartPanelRail
"SFT,bottom rail,50T,PWR port,FAB,.#MMW",PartPanelRail
"SFT,bottom rail,50T,PWR port,FAB,.#MMW",PartPanelRail
"SFT,bottom rail,50T,PWR port,FAB,.#MMW",PartPanelRail
"SFT,bottom rail,50T,PWR port,FAB,.#MMW",PartPanelRail
"SFT,bottom rail,50T,PWR port,FAB,.#MMW",PartPanelRail
"SFT,bottom rail,50T,PWR port,FAB,.#MMW",PartPanelRail
"SFT,bottom rail,50T,PWR port,FAB,.#MMW",PartPanelRail
"SFT,HOR rail,50T,FAB, .#MMW",RailProfile
"SFT,HOR rail,50T,FAB, .#MMW",RailProfile
"SFT,HOR rail,50T,FAB, .#MMW",RailProfile
"SFT,HOR rail,50T,FAB, .#MMW",RailProfile
"SFT,HOR rail,50T,FAB, .#MMW",RailProfile
"SFT,HOR rail,50T,FAB, .#MMW",RailProfile
"SFT,HOR rail,50T,FAB, .#MMW",RailProfile
"SFT,HOR rail,50T,FAB, .#MMW",RailProfile
"SFT,HOR rail,50T,FAB, .#MMW",RailProfile
"SFT,HOR rail,50T,FAB, .#MMW",RailProfile
"SFT,top trim,50T,FAB, .#MMW",RailProfile
"SFT,top trim,50T,FAB, .#MMW",RailProfile
"SFT,top trim,50T,FAB, .#MMW",RailProfile
"SFT,top trim,50T,FAB, .#MMW",RailProfile
"SFT,top trim,50T,FAB, .#MMW",RailProfile
"SFT,top trim,50T,FAB, .#MMW",RailProfile
"SFT,top trim,50T,FAB, .#MMW",RailProfile
"SFT,top trim,50T,FAB, .#MMW",RailProfile
"SFT,top trim,50T,FAB, .#MMW",RailProfile
"SFT,top trim,50T,FAB, .#MMW",RailProfile
"SFT,bottom rail,25T,FAB, .#MMW",RailProfile
"SFT,bottom rail,25T,FAB, .#MMW",RailProfile
"SFT,bottom rail,25T,FAB, .#MMW",RailProfile
"SFT,bottom rail,25T,FAB, .#MMW",RailProfile
"SFT,bottom rail,25T,FAB, .#MMW",RailProfile
"SFT,bottom rail,25T,FAB, .#MMW",RailProfile
"SFT,bottom rail,25T,FAB, .#MMW",RailProfile
"SFT,bottom rail,25T,FAB, .#MMW",RailProfile
"SFT,INTER rail,25T,FAB, .#MMW",RailProfile
"SFT,INTER rail,25T,FAB, .#MMW",RailProfile
"SFT,INTER rail,25T,FAB, .#MMW",RailProfile
"SFT,INTER rail,25T,FAB, .#MMW",RailProfile
"SFT,INTER rail,25T,FAB, .#MMW",RailProfile
"SFT,INTER rail,25T,FAB, .#MMW",RailProfile
"SFT,INTER rail,25T,FAB, .#MMW",RailProfile
"SFT,INTER rail,25T,FAB, .#MMW",RailProfile
"SFT,INTER rail,25T,FAB, .#MMW",RailProfile
"SFT,HOR rail,25T,FAB, .#MMW",RailProfile
"SFT,HOR rail,25T,FAB, .#MMW",RailProfile
"SFT,HOR rail,25T,FAB, .#MMW",RailProfile
"SFT,HOR rail,25T,FAB, .#MMW",RailProfile
"SFT,HOR rail,25T,FAB, .#MMW",RailProfile
"SFT,HOR rail,25T,FAB, .#MMW",RailProfile
"SFT,HOR rail,25T,FAB, .#MMW",RailProfile
"SFT,HOR rail,25T,FAB, .#MMW",RailProfile
"SFT,top trim,25T,FAB, .#MMW",RailProfile
"SFT,top trim,25T,FAB, .#MMW",RailProfile
"SFT,top trim,25T,FAB, .#MMW",RailProfile
"SFT,top trim,25T,FAB, .#MMW",RailProfile
"SFT,top trim,25T,FAB, .#MMW",RailProfile
"SFT,top trim,25T,FAB, .#MMW",RailProfile
"SFT,top trim,25T,FAB, .#MMW",RailProfile
"SFT,top trim,25T,FAB, .#MMW",RailProfile
"SFT,intermediate rail,50T, FAB,.#MMW",RailProfile
"SFT,intermediate rail,50T, FAB,.#MMW",RailProfile
"SFT,intermediate rail,50T, FAB,.#MMW",RailProfile
"SFT,intermediate rail,50T, FAB,.#MMW",RailProfile
"SFT,intermediate rail,50T, FAB,.#MMW",RailProfile
"SFT,intermediate rail,50T, FAB,.#MMW",RailProfile
"SFT,intermediate rail,50T, FAB,.#MMW",RailProfile
"SFT,upper power rail,50T,FAB, W/O port,.#MMW",RailProfile
"SFT,upper power rail,50T,FAB, W/O port,.#MMW",RailProfile
"SFT,upper power rail,50T,FAB, W/O port,.#MMW",RailProfile
"SFT,upper power rail,50T,FAB, W/O port,.#MMW",RailProfile
"SFT,upper power rail,50T,FAB, W/O port,.#MMW",RailProfile
"SFT,upper power rail,50T,FAB, W/O port,.#MMW",RailProfile
"SFT,upper power rail,50T,FAB, W/O port, .#MMW",RailProfile
"SFT,upper power rail,50T,FAB, W/O port,.#MMW",RailProfile
"SFT,upper power rail,50T,FAB, W/O port,.#MMW",RailProfile
"SFT,upper power rail,50T,FAB, W/O port,.#MMW",RailProfile
"SFT,upper power rail,50T,FAB, W/O port,.#MMW",RailProfile
"SFT,upper power rail,50T,FAB, W/O port,.#MMW",RailProfile
"SFT,end trim cap,25T, FAB",Endcap
"SFT,end trim cap,50T, FAB",Endcap
"SFT,25×25,junction cap, 90DEG,4-way,FAB",PanelJunction
"SFT,25×25,junction cap, 90DEG,3-way,FAB",PanelJunction
"SFT,25×25,junction cap, 90DEG,2-way,FAB",PanelJunction
"SFT,25X25,junction cap, 90DEG,2-way dummy,FAB",PanelJunction
"SFT,50×50,junction cap, 90DEG,4-way,FAB",PanelJunction
"SFT,50×50,junction cap, 90DEG,3-way,FAB",PanelJunction
"SFT,50×50,junction cap, 90DEG,2-way,FAB",PanelJunction
"SFT,50×50,junction cap, 120DEG,3-way,FAB",PanelJunction
"SFT,25×50,junction cap, 90DEG,4-way,FAB",PanelJunction
"SFT,25×50×25,junction cap, 90DEG,3-way,FAB",PanelJunction
"SFT,50×25×50,junction cap, 90DEG,3-way,FAB",PanelJunction
"SFT,50×25,junction cap, RH,90DEG,2-way,FAB",PanelJunction
"SFT,25×50,junction cap, LH,90DEG,2-way,FAB",PanelJunction
"SFT,25X50,junction cap, 90DEG,2-way dummy,FAB",PanelJunction
"SFT,panel top connector",PanelConnector
"SFT,panel bottom connector",PanelConnector
"SFT,aligner for connector",PanelConnector
"SHIFT sliding bracket, .*ACPLS",Bracket
"SHIFT sliding bracket, .*ACPLS",Bracket
"SFT,end L-leg,LH, FAB,.#MMD",FrameLeg
"SFT,end L-leg,LH, FAB,.#MMD",FrameLeg
"SFT,end L-leg,LH, FAB,.#MMD",FrameLeg
"SFT,end L-leg,RH, FAB,.#MMD",FrameLeg
"SFT,end L-leg,RH, FAB,.#MMD",FrameLeg
"SFT,end L-leg,RH, FAB,.#MMD",FrameLeg
"SFT,share L-leg, FAB,.#MMD",FrameLeg
"SFT,share L-leg, FAB,.#MMD",FrameLeg
"SFT,L-bracket, for end leg,FAB",Bracket
"SFT,share U-leg, FAB,.#MMD",FrameLeg
"SFT,share U-leg, FAB,.#MMD",FrameLeg
"SFT,bottom-bracket, for end U-leg,FAB",Bracket
"SFT,stabilizer foot,25T, FAB",PanelStabilizer
"SFT,stabilizer foot,50T, FAB",PanelStabilizer
"SFT,upper power rail,50T,FAB, W/O port,.#MMW",RailProfile
"SFT,upper power rail,50T,FAB, W/O port,.#MMW",RailProfile
"SFT,upper power rail,50T,FAB, W/O port,.#MMW",RailProfile
"SFT,upper power rail,50T,FAB, W/O port,.#MMW",RailProfile
"SFT,upper power rail,50T,FAB, W/O port,.#MMW",RailProfile
"SFT,upper power rail,50T,FAB, W/O port,.#MMW",RailProfile
"SFT,upper power rail,50T,FAB, W/O port,.#MMW",RailProfile
"SFT,upper power rail,50T,FAB, W/O port,.#MMW",RailProfile
"SFT,upper power rail,50T,FAB, W/O port,.#MMW",RailProfile
"SFT,upper power rail,50T,FAB, W/O port,.#MMW",RailProfile
"SFT,upper power rail,50T,FAB, W/O port,.#MMW",RailProfile
"SFT,foam for raceway",Foams
"Shift VER rail for laterial screen, .#MMH , FAB",RailProfile
"Shift VER rail for laterial screen, .#MMH , FAB",RailProfile
"Shift HOR rail for laterial screen, .#MMW , FAB",RailProfile
"Shift HOR rail for laterial screen, .#MMW , FAB",RailProfile
"Shift HOR rail for laterial screen, .#MMW , FAB",RailProfile
"Shift HOR rail for laterial screen, .#MMW , FAB",RailProfile
"Shift top trim for share lateral screen, .#MMW , FAB",RailProfile
"Shift top trim for share lateral screen, .#MMW , FAB",RailProfile
"Shift top trim for share lateral screen, .#MMW , FAB",RailProfile
"Shift top trim for share lateral screen, .#MMW , FAB",RailProfile
"Shift shared back BKT for laterial screen,FAB",Bracket
"Shift shared front BKT for laterial screen,FAB",Bracket
"Shift end back BKT for laterial screen, .#MMH ,FAB",RailProfile
"Shift end back BKT for laterial screen, .#MMH ,FAB",RailProfile
"Shift end front BKT LH for laterial screen,FAB",Bracket
"Shift end front BKT RH for laterial screen,FAB",Bracket
"Shift end trim for laterial screen, .#MMH , FAB",RailProfile
"Shift end trim for laterial screen, .#MMH , FAB",RailProfile
"Shift top trim for end lateral screen, .#MMW , FAB",RailProfile
"Shift top trim for end lateral screen, .#MMW , FAB",RailProfile
"Shift top trim for end lateral screen, .#MMW , FAB",RailProfile
"Shift top trim for end lateral screen, .#MMW , FAB",RailProfile
"SFT,25T VER adapter, glass core, .#MMH , FAB",RailProfile
"SFT,25T VER adapter, glass core, .#MMH , FAB",RailProfile
"SFT,25T VER adapter, glass core, .#MMH , FAB",RailProfile
"SFT,25T VER adapter, glass core, .#MMH , FAB",RailProfile
"SFT,25T VER adapter, glass core, .#MMH , FAB",RailProfile
"SFT,25T VER adapter, glass core, .#MMH , FAB",RailProfile
"SFT,25T VER adapter,lateral screen, .#MMH , FAB",RailProfile
"SFT,25T VER adapter, glass core, .#MMH , FAB",RailProfile
"SFT,25T HOR adapter, glass core, .#MMW , FAB",RailProfile
"SFT,25T HOR adapter, glass core, .#MMW , FAB",RailProfile
"SFT,25T HOR adapter, glass core, .#MMW , FAB",RailProfile
"SFT,25T HOR adapter, glass core, .#MMW , FAB",RailProfile
"SFT,25T HOR adapter, glass core, .#MMW , FAB",RailProfile
"SFT,25T HOR adapter, glass core, .#MMW , FAB",RailProfile
"SFT,25T HOR adapter,glass core glass core, .#MMW , FAB",RailProfile
"SFT,25T HOR adapter, glass core, .#MMW , FAB",RailProfile
"SFT,25T HOR adapter, glass core, .#MMW , FAB",RailProfile
"SFT,25T HOR adapter, glass core, .#MMW , FAB",RailProfile
"SFT,25T HOR adapter, glass core, .#MMW , FAB",RailProfile
"SFT,25T HOR adapter,lateral screen, .#MMW , FAB",RailProfile
"SFT,25T HOR adapter,lateral screen, .#MMW , FAB",RailProfile
"SFT,25T HOR adapter,lateral screen, .#MMW , FAB",RailProfile
"SFT,25T HOR adapter,lateral screen, .#MMW , FAB",RailProfile
"SFTP1,50T VER adapter, glass core, .#MMH , FAB",RailProfile
"SFTP1,50T VER adapter, glass core, .#MMH , FAB",RailProfile
"SFTP1,50T VER adapter, glass core, .#MMH , FAB",RailProfile
"SFTS0,50T VER adapter, glass core, .#MMH , FAB",RailProfile
"SFTS0,50T VER adapter, glass core, .#MMH , FAB",RailProfile
"SFTP1,50T VER adapter, glass core, .#MMH , FAB",RailProfile
"SFTS0,50T VER adapter, glass core, .#MMH , FAB",RailProfile
"SFTS0,50T VER adapter, glass core, .#MMH , FAB",RailProfile
"SFTS0,50T VER adapter, glass core, .#MMH , FAB",RailProfile
"SFTS0,50T VER adapter, glass core, .#MMH , FAB",RailProfile
"SFTS0,50T VER adapter, glass core, .#MMH , FAB",RailProfile
"SFTP1,50T VER adapter, glass core, .#MMH , FAB",RailProfile
"SFTS0,50T VER adapter, glass core, .#MMH , FAB",RailProfile
"SFT,50T HOR adapter, glass core, .#MMW , FAB",RailProfile
"SFT,50T HOR adapter, glass core, .#MMW , FAB",RailProfile
"SFT,50T HOR adapter, glass core, .#MMW , FAB",RailProfile
"SFT,50T HOR adapter, glass core, .#MMW , FAB",RailProfile
"SFT,50T HOR adapter, glass core, .#MMW , FAB",RailProfile
"SFT,50T HOR adapter, glass core, .#MMW , FAB",RailProfile
"SFT,50T HOR adapter, glass core, .#MMW , FAB",RailProfile
"SFT, end bracket for Mono, LH,FAB",Bracket
"SFT, end bracket for Mono, RH,FAB",Bracket
"SFT, glass board,6THK, , .#MMH x .#MMW , .#ACGLS",PartPanelInfill
"SFT, glass board,6THK, , .#MMH x .#MMW , .#ACGLS",PartPanelInfill
"SFT, glass board,6THK, , .#MMH x .#MMW , .#ACGLS",PartPanelInfill
"SFT, glass board,6THK, , .#MMH x .#MMW , .#ACGLS",PartPanelInfill
"SFT, glass board,6THK, , .#MMH x .#MMW , .#ACGLS",PartPanelInfill
"SFT, glass board,6THK, , .#MMH x .#MMW , .#ACGLS",PartPanelInfill
"SFT, glass board,6THK, , .#MMH x .#MMW , .#ACGLS",PartPanelInfill
"SFT, glass board,6THK, , .#MMH x .#MMW , .#ACGLS",PartPanelInfill
"SFT, glass board,6THK, , .#MMH x .#MMW , .#ACGLS",PartPanelInfill
"SFT, glass board,6THK, , .#MMH x .#MMW , .#ACGLS",PartPanelInfill
"SFT, glass board,6THK, , .#MMH x .#MMW , .#ACGLS",PartPanelInfill
"SFT, glass board,6THK, , .#MMH x .#MMW , .#ACGLS",PartPanelInfill
"SFT, glass board,6THK, , .#MMH x .#MMW , .#ACGLS",PartPanelInfill
"SFT, glass board,6THK, , .#MMH x .#MMW , .#ACGLS",PartPanelInfill
"SFT, glass board,6THK, , .#MMH x .#MMW , .#ACGLS",PartPanelInfill
"SFT, glass board,6THK, , .#MMH x .#MMW , .#ACGLS",PartPanelInfill
"SFT, glass board,6THK, , .#MMH x .#MMW , .#ACGLS",PartPanelInfill
"SFT, glass board,6THK, , .#MMH x .#MMW , .#ACGLS",PartPanelInfill
"SFT, glass board,6THK, , .#MMH x .#MMW , .#ACGLS",PartPanelInfill
"SFT, glass board,6THK, , .#MMH x .#MMW , .#ACGLS",PartPanelInfill
"SFT, glass board,6THK, , .#MMH x .#MMW , .#ACGLS",PartPanelInfill
"SFT, glass board,6THK, , .#MMH x .#MMW , .#ACGLS",PartPanelInfill
"SFT, glass board,6THK, , .#MMH x .#MMW , .#ACGLS",PartPanelInfill
"SFT, glass board,6THK, , .#MMH x .#MMW , .#ACGLS",PartPanelInfill
"SFT, glass board,6THK, , .#MMH x .#MMW , .#ACGLS",PartPanelInfill
"SFT, glass board,6THK, , .#MMH x .#MMW , .#ACGLS",PartPanelInfill
"SFT, glass board,6THK, , .#MMH x .#MMW , .#ACGLS",PartPanelInfill
"SFT, glass board,6THK, , .#MMH x .#MMW , .#ACGLS",PartPanelInfill
"SFT, glass board,6THK, , .#MMH x .#MMW , .#ACGLS",PartPanelInfill
"SFT, glass board,6THK, , .#MMH x .#MMW , .#ACGLS",PartPanelInfill
"SFT, glass board,6THK, , .#MMH x .#MMW , .#ACGLS",PartPanelInfill
"SFT, glass board,6THK, , .#MMH x .#MMW , .#ACGLS",PartPanelInfill
"SFT, glass board,6THK, , .#MMH x .#MMW , .#ACGLS",PartPanelInfill
"SFT, glass board,6THK, , .#MMH x .#MMW , .#ACGLS",PartPanelInfill
"SFT, glass board,6THK, , .#MMH x .#MMW , .#ACGLS",PartPanelInfill
"SFT, glass board,6THK, , .#MMH x .#MMW , .#ACGLS",PartPanelInfill
"SFT, glass board,6THK, , .#MMH x .#MMW , .#ACGLS",PartPanelInfill
"SFT, glass board,6THK, , .#MMH x .#MMW , .#ACGLS",PartPanelInfill
"SFT, glass board,6THK, , .#MMH x .#MMW , .#ACGLS",PartPanelInfill
"SFT, glass board,6THK, , .#MMH x .#MMW , .#ACGLS",PartPanelInfill
"SFT, glass board,6THK, , .#MMH x .#MMW , .#ACGLS",PartPanelInfill
"SFT, glass board,6THK, , .#MMH x .#MMW , .#ACGLS",PartPanelInfill
"SFT, glass board,6THK, , .#MMH x .#MMW , .#ACGLS",PartPanelInfill
"SFT, glass board,6THK, , .#MMH x .#MMW , .#ACGLS",PartPanelInfill
"SFT, glass board,6THK, , .#MMH x .#MMW , .#ACGLS",PartPanelInfill
"SFT, glass board,6THK, , .#MMH x .#MMW , .#ACGLS",PartPanelInfill
"SFT, glass board,6THK, , .#MMH x .#MMW , .#ACGLS",PartPanelInfill
"SFT, glass board,6THK, , .#MMH x .#MMW , .#ACGLS",PartPanelInfill
"SFT, glass board,6THK, , .#MMH x .#MMW , .#ACGLS",PartPanelInfill
"SFT, glass board,6THK, , .#MMH x .#MMW , .#ACGLS",PartPanelInfill
"SFT, glass board,6THK, , .#MMH x .#MMW , .#ACGLS",PartPanelInfill
"SFT, glass board,6THK, , .#MMH x .#MMW , .#ACGLS",PartPanelInfill
"SFT, glass board,6THK, , .#MMH x .#MMW , .#ACGLS",PartPanelInfill
"SFT, glass board,6THK, , .#MMH x .#MMW , .#ACGLS",PartPanelInfill
"SFT, glass board,6THK, , .#MMH x .#MMW , .#ACGLS",PartPanelInfill
"SFT, glass board,6THK, , .#MMH x .#MMW , .#ACGLS",PartPanelInfill
"SFT, glass board,6THK, , .#MMH x .#MMW , .#ACGLS",PartPanelInfill
"SFT, glass board,6THK, , .#MMH x .#MMW , .#ACGLS",PartPanelInfill
"SFT, glass board,6THK, , .#MMH x .#MMW , .#ACGLS",PartPanelInfill
"SFT, glass board,6THK, , .#MMH x .#MMW , .#ACGLS",PartPanelInfill
"SFT, glass board,6THK, , .#MMH x .#MMW , .#ACGLS",PartPanelInfill
"SFT, glass board,6THK, , .#MMH x .#MMW , .#ACGLS",PartPanelInfill
"SFT, glass board,6THK, , .#MMH x .#MMW , .#ACGLS",PartPanelInfill
"SFT, glass board,6THK, , .#MMH x .#MMW , .#ACGLS",PartPanelInfill
"SFT, glass board,6THK, , .#MMH x .#MMW , .#ACGLS",PartPanelInfill
"SFT, glass board,6THK, , .#MMH x .#MMW , .#ACGLS",PartPanelInfill
"SFT, glass board,6THK, , .#MMH x .#MMW , .#ACGLS",PartPanelInfill
"SFT, glass board,6THK, , .#MMH x .#MMW , .#ACGLS",PartPanelInfill
"SFT, glass board,6THK, , .#MMH x .#MMW , .#ACGLS",PartPanelInfill
"SFT, glass board,6THK, , .#MMH x .#MMW , .#ACGLS",PartPanelInfill
"SFT, glass board,6THK, , .#MMH x .#MMW , .#ACGLS",PartPanelInfill
"SFT, glass board,6THK, , .#MMH x .#MMW , .#ACGLS",PartPanelInfill
"SFT, glass board,6THK, , .#MMH x .#MMW , .#ACGLS",PartPanelInfill
"SFT, glass board,6THK, , .#MMH x .#MMW , .#ACGLS",PartPanelInfill
"SFT, glass board,6THK, , .#MMH x .#MMW , .#ACGLS",PartPanelInfill
"SFT, glass board,6THK, , .#MMH x .#MMW , .#ACGLS",PartPanelInfill
"SFT, glass board,6THK, , .#MMH x .#MMW , .#ACGLS",PartPanelInfill
"SFT, glass board,6THK, , .#MMH x .#MMW , .#ACGLS",PartPanelInfill
"SFT, glass board,6THK, , .#MMH x .#MMW , .#ACGLS",PartPanelInfill
"SFT, glass board,6THK, , .#MMH x .#MMW , .#ACGLS",PartPanelInfill
"SFT, glass board,6THK, , .#MMH x .#MMW , .#ACGLS",PartPanelInfill
"SFT, glass board,6THK, , .#MMH x .#MMW , .#ACGLS",PartPanelInfill
"SFT, glass board,6THK, , .#MMH x .#MMW , .#ACGLS",PartPanelInfill
"SFT, glass board,6THK, , .#MMH x .#MMW , .#ACGLS",PartPanelInfill
"SFT, glass board,6THK, , .#MMH x .#MMW , .#ACGLS",PartPanelInfill
"SFT, glass board,6THK, , .#MMH x .#MMW , .#ACGLS",PartPanelInfill
"SFT, glass board,6THK, , .#MMH x .#MMW , .#ACGLS",PartPanelInfill
"SFT, glass board,6THK, , .#MMH x .#MMW , .#ACGLS",PartPanelInfill
"SFT, glass board,6THK, , .#MMH x .#MMW , .#ACGLS",PartPanelInfill
"SFT, glass board,6THK, , .#MMH x .#MMW , .#ACGLS",PartPanelInfill
"SFT, glass board,6THK, , .#MMH x .#MMW , .#ACGLS",PartPanelInfill
"SFT, glass board,6THK, , .#MMH x .#MMW , .#ACGLS",PartPanelInfill
"SFT, glass board,6THK, , .#MMH x .#MMW , .#ACGLS",PartPanelInfill
"SFT, glass board,6THK, , .#MMH x .#MMW , .#ACGLS",PartPanelInfill
"SFT, glass board,6THK, , .#MMH x .#MMW , .#ACGLS",PartPanelInfill
"SFT, glass board,6THK, , .#MMH x .#MMW , .#ACGLS",PartPanelInfill
"SFT, glass board,6THK, , .#MMH x .#MMW , .#ACGLS",PartPanelInfill
"SFT, glass board,6THK, , .#MMH x .#MMW , .#ACGLS",PartPanelInfill
"SFT, glass board,6THK, , .#MMH x .#MMW , .#ACGLS",PartPanelInfill
"SFT, glass board,6THK, , .#MMH x .#MMW , .#ACGLS",PartPanelInfill
"SFT, glass board,6THK, , .#MMH x .#MMW , .#ACGLS",PartPanelInfill
"SFT, glass board,6THK, , .#MMH x .#MMW , .#ACGLS",PartPanelInfill
"SFT, glass board,6THK, , .#MMH x .#MMW , .#ACGLS",PartPanelInfill
"SFT, glass board,6THK, , .#MMH x .#MMW , .#ACGLS",PartPanelInfill
"SFT, glass board,6THK, , .#MMH x .#MMW , .#ACGLS",PartPanelInfill
"SFT, glass board,6THK, , .#MMH x .#MMW , .#ACGLS",PartPanelInfill
"SFT, glass board,6THK, , .#MMH x .#MMW , .#ACGLS",PartPanelInfill
"SFT, glass board,6THK, , .#MMH x .#MMW , .#ACGLS",PartPanelInfill
"SFT, glass board,6THK, , .#MMH x .#MMW , .#ACGLS",PartPanelInfill
"SFT, glass board,6THK, , .#MMH x .#MMW , .#ACGLS",PartPanelInfill
"SFT, glass board,6THK, , .#MMH x .#MMW , .#ACGLS",PartPanelInfill
"SFT, glass board,6THK, , .#MMH x .#MMW , .#ACGLS",PartPanelInfill
"SFT, glass board,6THK, , .#MMH x .#MMW , .#ACGLS",PartPanelInfill
"SFT, glass board,6THK, , .#MMH x .#MMW , .#ACGLS",PartPanelInfill
"SFT, glass board,6THK, , .#MMH x .#MMW , .#ACGLS",PartPanelInfill
"SFT, glass board,6THK, , .#MMH x .#MMW , .#ACGLS",PartPanelInfill
"SFT, glass board,6THK, , .#MMH x .#MMW , .#ACGLS",PartPanelInfill
"SFT, glass board,6THK, , .#MMH x .#MMW , .#ACGLS",PartPanelInfill
"SFT, glass board,6THK, , .#MMH x .#MMW , .#ACGLS",PartPanelInfill
"SFT, glass board,6THK, , .#MMH x .#MMW , .#ACGLS",PartPanelInfill
"SFT, glass board,6THK, , .#MMH x .#MMW , .#ACGLS",PartPanelInfill
"SFT, glass board,6THK, , .#MMH x .#MMW , .#ACGLS",PartPanelInfill
"SFT, glass board,6THK, , .#MMH x .#MMW , .#ACGLS",PartPanelInfill
"SFT, glass board,6THK, , .#MMH x .#MMW , .#ACGLS",PartPanelInfill
"SFT, glass board,6THK, , .#MMH x .#MMW , .#ACGLS",PartPanelInfill
"SFT, glass board,6THK, , .#MMH x .#MMW , .#ACGLS",PartPanelInfill
"SFT, glass board,6THK, , .#MMH x .#MMW , .#ACGLS",PartPanelInfill
"SFT, glass board,6THK, , .#MMH x .#MMW , .#ACGLS",PartPanelInfill
"SFT, glass board,6THK, , .#MMH x .#MMW , .#ACGLS",PartPanelInfill
"SFT, glass board,6THK, , .#MMH x .#MMW , .#ACGLS",PartPanelInfill
"SFT, glass board,6THK, , .#MMH x .#MMW , .#ACGLS",PartPanelInfill
"SFT, glass board,6THK, , .#MMH x .#MMW , .#ACGLS",PartPanelInfill
"SFT, glass board,6THK, , .#MMH x .#MMW , .#ACGLS",PartPanelInfill
"SFT, glass board,6THK, , .#MMH x .#MMW , .#ACGLS",PartPanelInfill
"SFT, glass board,6THK, , .#MMH x .#MMW , .#ACGLS",PartPanelInfill
"SFT, glass board,6THK, , .#MMH x .#MMW , .#ACGLS",PartPanelInfill
"SFT, glass board,6THK, , .#MMH x .#MMW , .#ACGLS",PartPanelInfill
"SFT, glass board,6THK, , .#MMH x .#MMW , .#ACGLS",PartPanelInfill
"SFT, glass board,6THK, , .#MMH x .#MMW , .#ACGLS",PartPanelInfill
"SFT, glass board,6THK, , .#MMH x .#MMW , .#ACGLS",PartPanelInfill
"SFT, glass board,6THK, , .#MMH x .#MMW , .#ACGLS",PartPanelInfill
"SFT, glass board,6THK, , .#MMH x .#MMW , .#ACGLS",PartPanelInfill
"SFT, glass board,6THK, , .#MMH x .#MMW , .#ACGLS",PartPanelInfill
"SFT, glass board,6THK, , .#MMH x .#MMW , .#ACGLS",PartPanelInfill
"SFT, glass board,6THK, , .#MMH x .#MMW , .#ACGLS",PartPanelInfill
"SFT, glass board,6THK, , .#MMH x .#MMW , .#ACGLS",PartPanelInfill
"SFT, glass board,6THK, , .#MMH x .#MMW , .#ACGLS",PartPanelInfill
"SFT, glass board,6THK, , .#MMH x .#MMW , .#ACGLS",PartPanelInfill
"SFT, glass board,6THK, , .#MMH x .#MMW , .#ACGLS",PartPanelInfill
"SFT, glass board,6THK, , .#MMH x .#MMW , .#ACGLS",PartPanelInfill
"SFT, glass board,6THK, , .#MMH x .#MMW , .#ACGLS",PartPanelInfill
"SFT, glass board,6THK, , .#MMH x .#MMW , .#ACGLS",PartPanelInfill
"SFT, glass board,6THK, , .#MMH x .#MMW , .#ACGLS",PartPanelInfill
"SFT, glass board,6THK, , .#MMH x .#MMW , .#ACGLS",PartPanelInfill
"SFT, glass board,6THK, , .#MMH x .#MMW , .#ACGLS",PartPanelInfill
"SFT, glass board,6THK, , .#MMH x .#MMW , .#ACGLS",PartPanelInfill
"SFT, glass board,6THK, , .#MMH x .#MMW , .#ACGLS",PartPanelInfill
"SFT, glass board,6THK, , .#MMH x .#MMW , .#ACGLS",PartPanelInfill
"SFT, glass board,6THK, , .#MMH x .#MMW , .#ACGLS",PartPanelInfill
"SFT, glass board,6THK, , .#MMH x .#MMW , .#ACGLS",PartPanelInfill
"SFT, glass board,6THK, , .#MMH x .#MMW , .#ACGLS",PartPanelInfill
"SFT, glass board,6THK, , .#MMH x .#MMW , .#ACGLS",PartPanelInfill
"SFT, glass board,6THK, , .#MMH x .#MMW , .#ACGLS",PartPanelInfill
"SFT, glass board,6THK, , .#MMH x .#MMW , .#ACGLS",PartPanelInfill
"SFT, glass board,6THK, , .#MMH x .#MMW , .#ACGLS",PartPanelInfill
"SFT, glass board,6THK, , .#MMH x .#MMW , .#ACGLS",PartPanelInfill
"SFT, glass board,6THK, , .#MMH x .#MMW , .#ACGLS",PartPanelInfill
"SFT, glass board,6THK, , .#MMH x .#MMW , .#ACGLS",PartPanelInfill
"SFT, glass board,6THK, , .#MMH x .#MMW , .#ACGLS",PartPanelInfill
"SFT, glass board,6THK, , .#MMH x .#MMW , .#ACGLS",PartPanelInfill
"SFT, glass board,6THK, , .#MMH x .#MMW , .#ACGLS",PartPanelInfill
"SFT, glass board,6THK, , .#MMH x .#MMW , .#ACGLS",PartPanelInfill
"SFT, glass board,6THK, , .#MMH x .#MMW , .#ACGLS",PartPanelInfill
"SFT, glass board,6THK, , .#MMH x .#MMW , .#ACGLS",PartPanelInfill
"SFT, glass board,6THK, , .#MMH x .#MMW , .#ACGLS",PartPanelInfill
"SFT, glass board,6THK, , .#MMH x .#MMW , .#ACGLS",PartPanelInfill
"SFT, glass board,6THK, , .#MMH x .#MMW , .#ACGLS",PartPanelInfill
"SFT, glass board,6THK, , .#MMH x .#MMW , .#ACGLS",PartPanelInfill
"SFT, glass board,6THK, , .#MMH x .#MMW , .#ACGLS",PartPanelInfill
"SFT, glass board,6THK, , .#MMH x .#MMW , .#ACGLS",PartPanelInfill
"SFT, glass board,6THK, , .#MMH x .#MMW , .#ACGLS",PartPanelInfill
"SFT, glass board,6THK, , .#MMH x .#MMW , .#ACGLS",PartPanelInfill
"SFT, glass board,6THK, , .#MMH x .#MMW , .#ACGLS",PartPanelInfill
"SFT, glass board,6THK, , .#MMH x .#MMW , .#ACGLS",PartPanelInfill
"SFT, glass board,6THK, , .#MMH x .#MMW , .#ACGLS",PartPanelInfill
"SFT, glass board,6THK, , .#MMH x .#MMW , .#ACGLS",PartPanelInfill
"SFT, glass board,6THK, , .#MMH x .#MMW , .#ACGLS",PartPanelInfill
"SFT, glass board,6THK, , .#MMH x .#MMW , .#ACGLS",PartPanelInfill
"SFT, glass board,6THK, , .#MMH x .#MMW , .#ACGLS",PartPanelInfill
"SFT, glass board,6THK, , .#MMH x .#MMW , .#ACGLS",PartPanelInfill
"SFT, glass board,6THK, , .#MMH x .#MMW , .#ACGLS",PartPanelInfill
"SFT, glass board,6THK, , .#MMH x .#MMW , .#ACGLS",PartPanelInfill
"SFT, glass board,6THK, , .#MMH x .#MMW , .#ACGLS",PartPanelInfill
"SFT, glass board,6THK, , .#MMH x .#MMW , .#ACGLS",PartPanelInfill
"SFT, glass board,6THK, , .#MMH x .#MMW , .#ACGLS",PartPanelInfill
"SFT, glass board,6THK, , .#MMH x .#MMW , .#ACGLS",PartPanelInfill
"SFT, glass board,6THK, , .#MMH x .#MMW , .#ACGLS",PartPanelInfill
"SFT, glass board,6THK, , .#MMH x .#MMW , .#ACGLS",PartPanelInfill
"SFT, glass board,6THK, , .#MMH x .#MMW , .#ACGLS",PartPanelInfill
"SFT, glass board,6THK, , .#MMH x .#MMW , .#ACGLS",PartPanelInfill
"SFT, glass board,6THK, , .#MMH x .#MMW , .#ACGLS",PartPanelInfill
"SFT, glass board,6THK, , .#MMH x .#MMW , .#ACGLS",PartPanelInfill
"SFT, glass board,6THK, , .#MMH x .#MMW , .#ACGLS",PartPanelInfill
"SFT, glass board,6THK, , .#MMH x .#MMW , .#ACGLS",PartPanelInfill
"SFT, glass board,6THK, , .#MMH x .#MMW , .#ACGLS",PartPanelInfill
"SFT, glass board,6THK, , .#MMH x .#MMW , .#ACGLS",PartPanelInfill
"SFT, glass board,6THK, , .#MMH x .#MMW , .#ACGLS",PartPanelInfill
"SFT, glass board,6THK, , .#MMH x .#MMW , .#ACGLS",PartPanelInfill
"SFT, glass board,6THK, , .#MMH x .#MMW , .#ACGLS",PartPanelInfill
"SFT, glass board,6THK, , .#MMH x .#MMW , .#ACGLS",PartPanelInfill
"SFT, glass board,6THK, , .#MMH x .#MMW , .#ACGLS",PartPanelInfill
"SFT, glass board,6THK, , .#MMH x .#MMW , .#ACGLS",PartPanelInfill
"SFT, glass board,6THK, , .#MMH x .#MMW , .#ACGLS",PartPanelInfill
"SFT, glass board,6THK, , .#MMH x .#MMW , .#ACGLS",PartPanelInfill
"SFT, glass board,6THK, , .#MMH x .#MMW , .#ACGLS",PartPanelInfill
"SFT, glass board,6THK, , .#MMH x .#MMW , .#ACGLS",PartPanelInfill
"SFT, glass board,6THK, , .#MMH x .#MMW , .#ACGLS",PartPanelInfill
"SFT, glass board,6THK, , .#MMH x .#MMW , .#ACGLS",PartPanelInfill
"SFT, glass board,6THK, , .#MMH x .#MMW , .#ACGLS",PartPanelInfill
"SFT, glass board,6THK, , .#MMH x .#MMW , .#ACGLS",PartPanelInfill
"SFT, glass board,6THK, , .#MMH x .#MMW , .#ACGLS",PartPanelInfill
"SFT, glass board,6THK, , .#MMH x .#MMW , .#ACGLS",PartPanelInfill
"SFT, glass board,6THK, , .#MMH x .#MMW , .#ACGLS",PartPanelInfill
"SFT, glass board,6THK, , .#MMH x .#MMW , .#ACGLS",PartPanelInfill
"SFT, glass board,6THK, , .#MMH x .#MMW , .#ACGLS",PartPanelInfill
"SFT, glass board,6THK, , .#MMH x .#MMW , .#ACGLS",PartPanelInfill
"SFT, glass board,6THK, , .#MMH x .#MMW , .#ACGLS",PartPanelInfill
"SFT, glass board,6THK, , .#MMH x .#MMW , .#ACGLS",PartPanelInfill
"SFT, glass board,6THK, , .#MMH x .#MMW , .#ACGLS",PartPanelInfill
"SFT, glass board,6THK, , .#MMH x .#MMW , .#ACGLS",PartPanelInfill
"SFT, glass board,6THK, , .#MMH x .#MMW , .#ACGLS",PartPanelInfill
"SFT, glass board,6THK, , .#MMH x .#MMW , .#ACGLS",PartPanelInfill
"SFT, glass board,6THK, , .#MMH x .#MMW , .#ACGLS",PartPanelInfill
"SFT, glass board,6THK, , .#MMH x .#MMW , .#ACGLS",PartPanelInfill
"SFT, glass board,6THK, , .#MMH x .#MMW , .#ACGLS",PartPanelInfill
"SFT, glass board,6THK, , .#MMH x .#MMW , .#ACGLS",PartPanelInfill
"SFT, glass board,6THK, , .#MMH x .#MMW , .#ACGLS",PartPanelInfill
"SFT, glass board,6THK, , .#MMH x .#MMW , .#ACGLS",PartPanelInfill
"SFT, glass board,6THK, , .#MMH x .#MMW , .#ACGLS",PartPanelInfill
"SFT, glass board,6THK, , .#MMH x .#MMW , .#ACGLS",PartPanelInfill
"SFT, glass board,6THK, , .#MMH x .#MMW , .#ACGLS",PartPanelInfill
"SFT, glass board,6THK, , .#MMH x .#MMW , .#ACGLS",PartPanelInfill
"SFT, glass board,6THK, , .#MMH x .#MMW , .#ACGLS",PartPanelInfill
"SFT, glass board,6THK, , .#MMH x .#MMW , .#ACGLS",PartPanelInfill
"SFT, glass board,6THK, , .#MMH x .#MMW , .#ACGLS",PartPanelInfill
"SFT, glass board,6THK, , .#MMH x .#MMW , .#ACGLS",PartPanelInfill
"SFT, glass board,6THK, , .#MMH x .#MMW , .#ACGLS",PartPanelInfill
"SFT, glass board,6THK, , .#MMH x .#MMW , .#ACGLS",PartPanelInfill
"SFT, glass board,6THK, , .#MMH x .#MMW , .#ACGLS",PartPanelInfill
"SFT, glass board,6THK, , .#MMH x .#MMW , .#ACGLS",PartPanelInfill
"SFT, glass board,6THK, , .#MMH x .#MMW , .#ACGLS",PartPanelInfill
"SFT, glass board,6THK, , .#MMH x .#MMW , .#ACGLS",PartPanelInfill
"SFT, glass board,6THK, , .#MMH x .#MMW , .#ACGLS",PartPanelInfill
"SFT, glass board,6THK, , .#MMH x .#MMW , .#ACGLS",PartPanelInfill
"SFT, glass board,6THK, , .#MMH x .#MMW , .#ACGLS",PartPanelInfill
"SFT, glass board,6THK, , .#MMH x .#MMW , .#ACGLS",PartPanelInfill
"SFT, glass board,6THK, , .#MMH x .#MMW , .#ACGLS",PartPanelInfill
"SFT, glass board,6THK, , .#MMH x .#MMW , .#ACGLS",PartPanelInfill
"SFT, glass board,6THK, , .#MMH x .#MMW , .#ACGLS",PartPanelInfill
"SFT, glass board,6THK, , .#MMH x .#MMW , .#ACGLS",PartPanelInfill
"SFT, glass board,6THK, , .#MMH x .#MMW , .#ACGLS",PartPanelInfill
"SFT, glass board,6THK, , .#MMH x .#MMW , .#ACGLS",PartPanelInfill
"SFT, glass board,6THK, , .#MMH x .#MMW , .#ACGLS",PartPanelInfill
"SFT, glass board,6THK, , .#MMH x .#MMW , .#ACGLS",PartPanelInfill
"SFT, glass board,6THK, , .#MMH x .#MMW , .#ACGLS",PartPanelInfill
"SFT, glass board,6THK, , .#MMH x .#MMW , .#ACGLS",PartPanelInfill
"SFT, glass board,6THK, , .#MMH x .#MMW , .#ACGLS",PartPanelInfill
"SFT, glass board,6THK, , .#MMH x .#MMW , .#ACGLS",PartPanelInfill
"SFT, glass board,6THK, , .#MMH x .#MMW , .#ACGLS",PartPanelInfill
"SFT, glass board,6THK, , .#MMH x .#MMW , .#ACGLS",PartPanelInfill
"SFT, glass board,6THK, , .#MMH x .#MMW , .#ACGLS",PartPanelInfill
"SFT, glass board,6THK, , .#MMH x .#MMW , .#ACGLS",PartPanelInfill
"SFT, glass board,6THK, , .#MMH x .#MMW , .#ACGLS",PartPanelInfill
"SFT, glass board,6THK, , .#MMH x .#MMW , .#ACGLS",PartPanelInfill
"SFT, glass board,6THK, , .#MMH x .#MMW , .#ACGLS",PartPanelInfill
"SFT, glass board,6THK, , .#MMH x .#MMW , .#ACGLS",PartPanelInfill
"SFT, glass board,6THK, , .#MMH x .#MMW , .#ACGLS",PartPanelInfill
"SFT, glass board,6THK, , .#MMH x .#MMW , .#ACGLS",PartPanelInfill
"SFT, glass board,6THK, , .#MMH x .#MMW , .#ACGLS",PartPanelInfill
"SFT, glass board,6THK, , .#MMH x .#MMW , .#ACGLS",PartPanelInfill
"SFT, glass board,6THK, , .#MMH x .#MMW , .#ACGLS",PartPanelInfill
"SFT, glass board,6THK, , .#MMH x .#MMW , .#ACGLS",PartPanelInfill
"SFT, glass board,6THK, , .#MMH x .#MMW , .#ACGLS",PartPanelInfill
"SFT, glass board,6THK, , .#MMH x .#MMW , .#ACGLS",PartPanelInfill
"SFT, glass board,6THK, , .#MMH x .#MMW , .#ACGLS",PartPanelInfill
"SFT, glass board,6THK, , .#MMH x .#MMW , .#ACGLS",PartPanelInfill
"SFT, glass board,6THK, , .#MMH x .#MMW , .#ACGLS",PartPanelInfill
"SFT, glass board,6THK, , .#MMH x .#MMW , .#ACGLS",PartPanelInfill
"SFT, glass board,6THK, , .#MMH x .#MMW , .#ACGLS",PartPanelInfill
"SFT, glass board,6THK, , .#MMH x .#MMW , .#ACGLS",PartPanelInfill
"SFT, glass board,6THK, , .#MMH x .#MMW , .#ACGLS",PartPanelInfill
"SFT, glass board,6THK, , .#MMH x .#MMW , .#ACGLS",PartPanelInfill
"SFT, glass board,6THK, , .#MMH x .#MMW , .#ACGLS",PartPanelInfill
"SFT, glass board,6THK, , .#MMH x .#MMW , .#ACGLS",PartPanelInfill
"SFT, glass board,6THK, , .#MMH x .#MMW , .#ACGLS",PartPanelInfill
"SFT, glass board,6THK, , .#MMH x .#MMW , .#ACGLS",PartPanelInfill
"SFT, glass board,6THK, , .#MMH x .#MMW , .#ACGLS",PartPanelInfill
"SFT, glass board,6THK, , .#MMH x .#MMW , .#ACGLS",PartPanelInfill
"SFT, glass board,6THK, , .#MMH x .#MMW , .#ACGLS",PartPanelInfill
"SFT, frame U-leg, shared, FAB,Mono, .#MMD",FrameLeg
"SFT, frame U-leg, shared, FAB,Mono, .#MMD",FrameLeg
"Shift stablizer foot,shared,25 FAB",PanelStabilizer
"Shift stablizer foot,shared,50 FAB",PanelStabilizer
"Shift stablizer foot cover, shared,FAB",Bracket
Shift foam for laterial screen 373,Foams
Shift foam for laterial screen 60,Foams
Magnet round,MiscHardware
"SHIFT Shared BKT,FAB",Bracket
"Aligner, top trim, SHIFT",PanelConnector
"Glide, SHIFT panel",GlideFurniture
"SFT, lower power rail, 50T,FAB .#MMW W",RailProfile
"SFT, lower power rail, 50T,FAB .#MMW W",RailProfile
"SFT, lower power rail, 50T,FAB .#MMW W",RailProfile
"SFT, lower power rail, 50T,FAB .#MMW W",RailProfile
"SFT, lower power rail, 50T,FAB .#MMW W",RailProfile
"SFT, lower power rail, 50T,FAB .#MMW W",RailProfile
"SFT, lower power rail, 50T,FAB .#MMW W",RailProfile
"SFT, lower power rail, 50T,FAB .#MMW W",RailProfile
"SFT, lower power rail, 50T,FAB .#MMW W",RailProfile
"SFT, lower power rail, 50T,FAB .#MMW W",RailProfile
"SFT, lower power rail, 50T,FAB .#MMW W",RailProfile
"SFT,vertical rail,25T,SEG,FAB .#MMH H",PartiVertRail
"SFT,vertical rail,25T,SEG,FAB .#MMH H",PartiVertRail
"SFT,vertical rail,25T,SEG,FAB .#MMH H",PartiVertRail
"SFT,vertical rail,25T,SEG,FAB .#MMH H",PartiVertRail
"SFT,vertical rail,25T,SEG,FAB .#MMH H",PartiVertRail
"SFT,vertical rail,25T,SEG,FAB .#MMH H",PartiVertRail
"SFT,vertical rail,25T,SEG,FAB .#MMH H",PartiVertRail
"SFT,vertical rail,25T,SEG,FAB .#MMH H",PartiVertRail
"SFT,vertical rail,50T,S0,FAB .#MMH H",PartiVertRail
"SFT,vertical rail,50T,S0,FAB .#MMH H",PartiVertRail
"SFT,vertical rail,50T,S0,FAB .#MMH H",PartiVertRail
"SFT,vertical rail,50T,S0,FAB .#MMH H",PartiVertRail
"SFT,vertical rail,50T,S0,FAB .#MMH H",PartiVertRail
"SFT,vertical rail,50T,S0,FAB .#MMH H",PartiVertRail
"SFT,vertical rail,50T,S0,FAB .#MMH H",PartiVertRail
"SFT,vertical rail,50T,P1,FAB .#MMH H",PartiVertRail
"SFT,vertical rail,50T,P1,FAB .#MMH H",PartiVertRail
"SFT,vertical rail,50T,P1,FAB .#MMH H",PartiVertRail
"SFT,vertical rail,50T,P1,FAB .#MMH H",PartiVertRail
"SFT,vertical rail,50T,P1,FAB .#MMH H",PartiVertRail
"SFT,vertical rail,50T,P1,FAB .#MMH H",PartiVertRail
"SFT,vertical rail,50T,P1,FAB .#MMH H",PartiVertRail
"SFT,vertical rail,50T,P1,FAB .#MMH H",PartiVertRail
"SFT,vertical rail,50T,P2,FAB .#MMH H",PartiVertRail
"SFT,vertical rail,50T,P2,FAB .#MMH H",PartiVertRail
"SFT,vertical rail,50T,P2,FAB .#MMH H",PartiVertRail
"SFT,vertical rail,50T,P2,FAB .#MMH H",PartiVertRail
"SFT,vertical rail,50T,P2,FAB .#MMH H",PartiVertRail
"SFT,vertical rail,50T,P2,FAB .#MMH H",PartiVertRail
"SFT,vertical rail,50T,P2,FAB .#MMH H",PartiVertRail
"SFT,board for fabric(FC FD 1N) .#MMW W(S5_1000H_L1)",PartPanelInfill
"SFT,board for fabric(FC FD 1N) .#MMW W(S5_1000H_L1)",PartPanelInfill
"SFT,board for fabric(FC FD 1N) .#MMW W(S5_1000H_L1)",PartPanelInfill
"SFT,board for fabric(FC FD 1N) .#MMW W(S5_1000H_L1)",PartPanelInfill
"SFT,board for fabric(FC FD 1N) .#MMW W(S5_1000H_L1)",PartPanelInfill
"SFT,board for fabric(FC FD 1N) .#MMW W(S5_1000H_L1)",PartPanelInfill
"SFT,board for fabric(FC FD 1N) .#MMW W(S5_1000H_L1)",PartPanelInfill
"SFT,board for fabric(FC FD 1N) .#MMW W(S5_1000H_L1)",PartPanelInfill
"SFT,board for fabric(FC FD 1N) .#MMW W(S5_1000H_L1)",PartPanelInfill
"SFT,board for fabric(FC FD 1N) .#MMW W(S5_1000H_L1)",PartPanelInfill
"SFT,board for fabric(FC FD 1N) .#MMW W(S5_1000H_L1)",PartPanelInfill
"SFT,board for fabric(FC FD 1N) .#MMW W(S5_1000H_L2)",PartPanelInfill
"SFT,board for fabric(FC FD 1N) .#MMW W(S5_1000H_L2)",PartPanelInfill
"SFT,board for fabric(FC FD 1N) .#MMW W(S5_1000H_L2)",PartPanelInfill
"SFT,board for fabric(FC FD 1N) .#MMW W(S5_1000H_L2)",PartPanelInfill
"SFT,board for fabric(FC FD 1N) .#MMW W(S5_1000H_L2)",PartPanelInfill
"SFT,board for fabric(FC FD 1N) .#MMW W(S5_1000H_L2)",PartPanelInfill
"SFT,board for fabric(FC FD 1N) .#MMW W(S5_1000H_L2)",PartPanelInfill
"SFT,board for fabric(FC FD 1N) .#MMW W(S5_1000H_L2)",PartPanelInfill
"SFT,board for fabric(FC FD 1N) .#MMW W(S5_1000H_L2)",PartPanelInfill
"SFT,board for fabric(FC FD 1N) .#MMW W(S5_1000H_L2)",PartPanelInfill
"SFT,board for fabric(FC FD 1N) .#MMW W(S5_1000H_L2)",PartPanelInfill
"SFT,board for fabric(FC FD 1N) .#MMW W(S5_1500H_L3)",PartPanelInfill
"SFT,board for fabric(FC FD 1N) .#MMW W(S5_1500H_L3)",PartPanelInfill
"SFT,board for fabric(FC FD 1N) .#MMW W(S5_1500H_L3)",PartPanelInfill
"SFT,board for fabric(FC FD 1N) .#MMW W(S5_1500H_L3)",PartPanelInfill
"SFT,board for fabric(FC FD 1N) .#MMW W(S5_1500H_L3)",PartPanelInfill
"SFT,board for fabric(FC FD 1N) .#MMW W(S5_1500H_L3)",PartPanelInfill
"SFT,board for fabric(FC FD 1N) .#MMW W(S5_1500H_L3)",PartPanelInfill
"SFT,board for fabric(FC FD 1N) .#MMW W(S5_1500H_L3)",PartPanelInfill
"SFT,board for fabric(FC FD 1N) .#MMW W(S5_1500H_L3)",PartPanelInfill
"SFT,board for fabric(FC FD 1N) .#MMW W(S5_1500H_L3)",PartPanelInfill
"SFT,board for fabric(FC FD 1N) .#MMW W(S5_1500H_L3)",PartPanelInfill
"PM,SFT,honeycomb formetal-core",PartPanelInfill
"PM,SFT,honeycomb formetal-core",PartPanelInfill
"PM,SFT,honeycomb formetal-core",PartPanelInfill
"PM,SFT,honeycomb formetal-core",PartPanelInfill
"PM,SFT,honeycomb formetal-core",PartPanelInfill
"PM,SFT,honeycomb formetal-core",PartPanelInfill
"PM,SFT,honeycomb formetal-core",PartPanelInfill
"PM,SFT,honeycomb formetal-core",PartPanelInfill
"PM,SFT,honeycomb formetal-core",PartPanelInfill
"PM,SFT,kraft for LPL core 25T 658X100X2",PartPanelInfill
"PM, SFT,honeycomb for metal co 50t, 658H",PartPanelInfill
"PM, SFT,honeycomb for metal co 50t, 283H",PartPanelInfill
"PM, SFT,honeycomb for metal co 50t, 477H",PartPanelInfill
"PM, SFT,honeycomb for LPL core 50t, 658H",PartPanelInfill
"PM, SFT,honeycomb for LPL core 50t, 477H",PartPanelInfill
"SFT,end trim,25T,FAB .#MMH H",PanelTrim
"SFT,end trim,25T,FAB .#MMH H",PanelTrim
"SFT,end trim,25T,FAB .#MMH H",PanelTrim
"SFT,end trim,25T,FAB .#MMH H",PanelTrim
"SFT,end trim,25T,FAB .#MMH H",PanelTrim
"SFT,end trim,25T,FAB .#MMH H",PanelTrim
"SFT,end trim,25T,FAB .#MMH H",PanelTrim
"SFT,end trim,25T,FAB .#MMH H",PanelTrim
"SFT,end trim,25T,FAB, HS 1150H",PanelTrim
"SFT,end trim,25T,FAB,drop heig .#MMH H",PanelTrim
"SFT,end trim,25T,FAB,drop heig .#MMH H",PanelTrim
"SFT,end trim,25T,FAB,drop heig .#MMH H",PanelTrim
"SFT,end trim,25T,FAB,drop heig .#MMH H",PanelTrim
"SFT,end trim,25T,FAB,drop heig .#MMH H",PanelTrim
"SFT,end trim,25T,FAB,drop heig .#MMH H",PanelTrim
"SFT,end trim,25T,FAB,drop heig .#MMH H",PanelTrim
"SFT,end trim,25T,FAB,drop heig .#MMH H",PanelTrim
"SFT,end trim,25T,FAB,drop heig .#MMH H",PanelTrim
"SFT,end trim,25T,FAB,drop heig .#MMH H",PanelTrim
"SFT,end trim,25T,FAB,drop heig .#MMH H",PanelTrim
"SFT,end trim,50T,FAB .#MMH H",PanelTrim
"SFT,end trim,50T,FAB .#MMH H",PanelTrim
"SFT,end trim,50T,FAB .#MMH H",PanelTrim
"SFT,end trim,50T,FAB .#MMH H",PanelTrim
"SFT,end trim,50T,FAB .#MMH H",PanelTrim
"SFT,end trim,50T,FAB .#MMH H",PanelTrim
"SFT,end trim,50T,FAB,drop heig .#MMH H",PanelTrim
"SFT,end trim,50T,FAB,drop heig .#MMH H",PanelTrim
"SFT,end trim,50T,FAB,drop heig .#MMH H",PanelTrim
"SFT,end trim,50T,FAB,drop heig .#MMH H",PanelTrim
"SFT,end trim,50T,FAB,drop heig .#MMH H",PanelTrim
"SFT,end trim,50T,FAB,drop heig .#MMH H",PanelTrim
"SFT,end trim,50T,FAB,drop heig .#MMH H",PanelTrim
"SFT,end trim,50T,FAB,drop heig .#MMH H",PanelTrim
"SFT,end trim,50T,FAB,drop heig .#MMH H",PanelTrim
"SFT,end trim,50T,FAB,drop heig .#MMH H",PanelTrim
"SFT,end trim,50T,FAB,drop heig .#MMH H",PanelTrim
"SFT,end trim,50T,FAB,drop heig .#MMH H",PanelTrim
"SFT,25×25,90DEG junction,2-way .#MMH H",PanelJunction
"SFT,25×25,90DEG junction,2-way .#MMH H",PanelJunction
"SFT,25×25,90DEG junction,2-way .#MMH H",PanelJunction
"SFT,25×25,90DEG junction,2-way .#MMH H",PanelJunction
"SFT,25×25,90DEG junction,2-way .#MMH H",PanelJunction
"SFT,25×25,90DEG junction,2-way .#MMH H",PanelJunction
"SFT,25×25,90DEG junction,2-way .#MMH H",PanelJunction
"SFT,25×25,90DEG junction,2-way .#MMH H",PanelJunction
"SFT,25×25,90DEG junction,3-way .#MMH H",PanelJunction
"SFT,25×25,90DEG junction,3-way .#MMH H",PanelJunction
"SFT,25×25,90DEG junction,3-way .#MMH H",PanelJunction
"SFT,25×25,90DEG junction,3-way .#MMH H",PanelJunction
"SFT,25×25,90DEG junction,3-way .#MMH H",PanelJunction
"SFT,25×25,90DEG junction,3-way .#MMH H",PanelJunction
"SFT,25×25,90DEG junction,3-way .#MMH H",PanelJunction
"SFT,25×25,90DEG junction,3-way .#MMH H",PanelJunction
"SFT,25×25,90DEG junction,4-way .#MMH H",PanelJunction
"SFT,25×25,90DEG junction,4-way .#MMH H",PanelJunction
"SFT,25×25,90DEG junction,4-way .#MMH H",PanelJunction
"SFT,25×25,90DEG junction,4-way .#MMH H",PanelJunction
"SFT,25×25,90DEG junction,4-way .#MMH H",PanelJunction
"SFT,25×25,90DEG junction,4-way .#MMH H",PanelJunction
"SFT,25×25,90DEG junction,4-way .#MMH H",PanelJunction
"SFT,25×25,dummy,2-way .#MMH H",PanelJunction
"SFT,25×25,dummy,2-way .#MMH H",PanelJunction
"SFT,25×25,dummy,2-way .#MMH H",PanelJunction
"SFT,25×25,dummy,2-way .#MMH H",PanelJunction
"SFT,25×25,dummy,2-way .#MMH H",PanelJunction
"SFT,25×25,dummy,2-way .#MMH H",PanelJunction
"SFT,25×25,dummy,2-way .#MMH H",PanelJunction
"SFT,25×25,dummy,2-way .#MMH H",PanelJunction
"SFT,25×50,90DEG junction,2-way .#MMH H",PanelJunction
"SFT,25×50,90DEG junction,2-way .#MMH H",PanelJunction
"SFT,25×50,90DEG junction,2-way .#MMH H",PanelJunction
"SFT,25×50,90DEG junction,2-way .#MMH H",PanelJunction
"SFT,25×50,90DEG junction,2-way .#MMH H",PanelJunction
"SFT,25×50,90DEG junction,2-way .#MMH H",PanelJunction
"SFT,25×50,90DEG junction,2-way .#MMH H",PanelJunction
"SFT,25×50,90DEG junction,2-way .#MMH H",PanelJunction
"SFT,50x25,90DEG junction,2-way .#MMH H",PanelJunction
"SFT,50x25,90DEG junction,2-way .#MMH H",PanelJunction
"SFT,50x25,90DEG junction,2-way .#MMH H",PanelJunction
"SFT,50x25,90DEG junction,2-way .#MMH H",PanelJunction
"SFT,50x25,90DEG junction,2-way .#MMH H",PanelJunction
"SFT,50x25,90DEG junction,2-way .#MMH H",PanelJunction
"SFT,50x25,90DEG junction,2-way .#MMH H",PanelJunction
"SFT,50x25,90DEG junction,2-way .#MMH H",PanelJunction
"SFT,50x25x50,90DEG junction,3- .#MMH H",PanelJunction
"SFT,50x25x50,90DEG junction,3- .#MMH H",PanelJunction
"SFT,50x25x50,90DEG junction,3- .#MMH H",PanelJunction
"SFT,50x25x50,90DEG junction,3- .#MMH H",PanelJunction
"SFT,50x25x50,90DEG junction,3- .#MMH H",PanelJunction
"SFT,50x25x50,90DEG junction,3- .#MMH H",PanelJunction
"SFT,50x25x50,90DEG junction,3- .#MMH H",PanelJunction
"SFT,50x25x50,90DEG junction,3- .#MMH H",PanelJunction
"SFT,25x50x25,90DEG junction,3- .#MMH H",PanelJunction
"SFT,25x50x25,90DEG junction,3- .#MMH H",PanelJunction
"SFT,25x50x25,90DEG junction,3- .#MMH H",PanelJunction
"SFT,25x50x25,90DEG junction,3- .#MMH H",PanelJunction
"SFT,25x50x25,90DEG junction,3- .#MMH H",PanelJunction
"SFT,25x50x25,90DEG junction,3- .#MMH H",PanelJunction
"SFT,25x50x25,90DEG junction,3- .#MMH H",PanelJunction
"SFT,25x50x25,90DEG junction,3- .#MMH H",PanelJunction
"SFT,25x50,90DEG junction,4-way .#MMH H",PanelJunction
"SFT,25x50,90DEG junction,4-way .#MMH H",PanelJunction
"SFT,25x50,90DEG junction,4-way .#MMH H",PanelJunction
"SFT,25x50,90DEG junction,4-way .#MMH H",PanelJunction
"SFT,25x50,90DEG junction,4-way .#MMH H",PanelJunction
"SFT,25x50,90DEG junction,4-way .#MMH H",PanelJunction
"SFT,25x50,90DEG junction,4-way .#MMH H",PanelJunction
"SFT,25x50,90DEG junction,4-way .#MMH H",PanelJunction
"SFT,50x25x50,90DEG junction,3- .#MMH H",PanelJunction
"SFT,50x25x50,90DEG junction,3- .#MMH H",PanelJunction
"SFT,50x25x50,90DEG junction,3- .#MMH H",PanelJunction
"SFT,50x25x50,90DEG junction,3- .#MMH H",PanelJunction
"SFT,50x25x50,90DEG junction,3- .#MMH H",PanelJunction
"SFT,50x25x50,90DEG junction,3- .#MMH H",PanelJunction
"SFT,50x25x50,90DEG junction,3- .#MMH H",PanelJunction
"SFT,50x25x50,90DEG junction,3- .#MMH H",PanelJunction
"SFT,25x50,90DEG junction,4-way .#MMH H",PanelJunction
"SFT,25x50,90DEG junction,4-way .#MMH H",PanelJunction
"SFT,25x50,90DEG junction,4-way .#MMH H",PanelJunction
"SFT,25x50,90DEG junction,4-way .#MMH H",PanelJunction
"SFT,25x50,90DEG junction,4-way .#MMH H",PanelJunction
"SFT,25x50,90DEG junction,4-way .#MMH H",PanelJunction
"SFT,25x50,90DEG junction,4-way .#MMH H",PanelJunction
"SFT,25x50,90DEG junction,4-way .#MMH H",PanelJunction
"SFT,50x25x50,dummy,2-way,N/P .#MMH H",PanelJunction
"SFT,50x25x50,dummy,2-way,N/P .#MMH H",PanelJunction
"SFT,50x25x50,dummy,2-way,N/P .#MMH H",PanelJunction
"SFT,50x25x50,dummy,2-way,N/P .#MMH H",PanelJunction
"SFT,50x25x50,dummy,2-way,N/P .#MMH H",PanelJunction
"SFT,50x25x50,dummy,2-way,N/P .#MMH H",PanelJunction
"SFT,50x25x50,dummy,2-way,N/P .#MMH H",PanelJunction
"SFT,50x25x50,dummy,2-way,W/P .#MMH H",PanelJunction
"SFT,50x25x50,dummy,2-way,W/P .#MMH H",PanelJunction
"SFT,50x25x50,dummy,2-way,W/P .#MMH H",PanelJunction
"SFT,50x25x50,dummy,2-way,W/P .#MMH H",PanelJunction
"SFT,50x25x50,dummy,2-way,W/P .#MMH H",PanelJunction
"SFT,50x25x50,dummy,2-way,W/P .#MMH H",PanelJunction
"SFT,50x25x50,dummy,2-way,W/P .#MMH H",PanelJunction
"SFT,50x25x50,dummy,2-way,W/P .#MMH H",PanelJunction
"SFT,50×50,90DEG junction,2-way .#MMH H",PanelJunction
"SFT,50×50,90DEG junction,2-way .#MMH H",PanelJunction
"SFT,50×50,90DEG junction,2-way .#MMH H",PanelJunction
"SFT,50×50,90DEG junction,2-way .#MMH H",PanelJunction
"SFT,50×50,90DEG junction,2-way .#MMH H",PanelJunction
"SFT,50×50,90DEG junction,2-way .#MMH H",PanelJunction
"SFT,50×50,90DEG junction,2-way .#MMH H",PanelJunction
"SFT,50×50,90DEG junction,2-way .#MMH H",PanelJunction
"SFT,50×50,90DEG junction,3-way .#MMH H",PanelJunction
"SFT,50×50,90DEG junction,3-way .#MMH H",PanelJunction
"SFT,50×50,90DEG junction,3-way .#MMH H",PanelJunction
"SFT,50×50,90DEG junction,3-way .#MMH H",PanelJunction
"SFT,50×50,90DEG junction,3-way .#MMH H",PanelJunction
"SFT,50×50,90DEG junction,3-way .#MMH H",PanelJunction
"SFT,50×50,90DEG junction,3-way .#MMH H",PanelJunction
"SFT,50×50,90DEG junction,3-way .#MMH H",PanelJunction
"SFT,50×50,90DEG junction,4-way .#MMH H",PanelJunction
"SFT,50×50,90DEG junction,4-way .#MMH H",PanelJunction
"SFT,50×50,90DEG junction,4-way .#MMH H",PanelJunction
"SFT,50×50,90DEG junction,4-way .#MMH H",PanelJunction
"SFT,50×50,90DEG junction,4-way .#MMH H",PanelJunction
"SFT,50×50,90DEG junction,4-way .#MMH H",PanelJunction
"SFT,50×50,90DEG junction,4-way .#MMH H",PanelJunction
"SFT,50×50,90DEG junction,4-way .#MMH H",PanelJunction
"SFT,50×50,90DEG junction,3-way .#MMH H",PanelJunction
"SFT,50×50,90DEG junction,3-way .#MMH H",PanelJunction
"SFT,50×50,90DEG junction,3-way .#MMH H",PanelJunction
"SFT,50×50,90DEG junction,3-way .#MMH H",PanelJunction
"SFT,50×50,90DEG junction,3-way .#MMH H",PanelJunction
"SFT,50×50,90DEG junction,3-way .#MMH H",PanelJunction
"SFT,50×50,90DEG junction,3-way .#MMH H",PanelJunction
"SFT,50×50,90DEG junction,3-way .#MMH H",PanelJunction
"SFT,50×50,90DEG junction,4-way .#MMH H",PanelJunction
"SFT,50×50,90DEG junction,4-way .#MMH H",PanelJunction
"SFT,50×50,90DEG junction,4-way .#MMH H",PanelJunction
"SFT,50×50,90DEG junction,4-way .#MMH H",PanelJunction
"SFT,50×50,90DEG junction,4-way .#MMH H",PanelJunction
"SFT,50×50,90DEG junction,4-way .#MMH H",PanelJunction
"SFT,50×50,90DEG junction,4-way .#MMH H",PanelJunction
"SFT,50×50,90DEG junction,4-way .#MMH H",PanelJunction
"SFT,50×50,120DEG junction,2-wa .#MMH H",PanelJunction
"SFT,50×50,120DEG junction,2-wa .#MMH H",PanelJunction
"SFT,50×50,120DEG junction,2-wa .#MMH H",PanelJunction
"SFT,50×50,120DEG junction,2-wa .#MMH H",PanelJunction
"SFT,50×50,120DEG junction,2-wa .#MMH H",PanelJunction
"SFT,50×50,120DEG junction,2-wa .#MMH H",PanelJunction
"SFT,50×50,120DEG junction,2-wa .#MMH H",PanelJunction
"SFT,50×50,120DEG junction,2-wa .#MMH H",PanelJunction
"SFT,50×50,120DEG junction,3-wa .#MMH H",PanelJunction
"SFT,50×50,120DEG junction,3-wa .#MMH H",PanelJunction
"SFT,50×50,120DEG junction,3-wa .#MMH H",PanelJunction
"SFT,50×50,120DEG junction,3-wa .#MMH H",PanelJunction
"SFT,50×50,120DEG junction,3-wa .#MMH H",PanelJunction
"SFT,50×50,120DEG junction,3-wa .#MMH H",PanelJunction
"SFT,50×50,120DEG junction,3-wa .#MMH H",PanelJunction
"SFT,50×50,120DEG junction,3-wa .#MMH H",PanelJunction
"SFT,50×50,120DEG junction,2-wa .#MMH H",PanelJunction
"SFT,50×50,120DEG junction,2-wa .#MMH H",PanelJunction
"SFT,50×50,120DEG junction,2-wa .#MMH H",PanelJunction
"SFT,50×50,120DEG junction,2-wa .#MMH H",PanelJunction
"SFT,50×50,120DEG junction,2-wa .#MMH H",PanelJunction
"SFT,50×50,120DEG junction,2-wa .#MMH H",PanelJunction
"SFT,50×50,120DEG junction,2-wa .#MMH H",PanelJunction
"SFT,50×50,120DEG junction,3-wa .#MMH H",PanelJunction
"SFT,50×50,120DEG junction,3-wa .#MMH H",PanelJunction
"SFT,50×50,120DEG junction,3-wa .#MMH H",PanelJunction
"SFT,50×50,120DEG junction,3-wa .#MMH H",PanelJunction
"SFT,50×50,120DEG junction,3-wa .#MMH H",PanelJunction
"SFT,50×50,120DEG junction,3-wa .#MMH H",PanelJunction
"SFT,50×50,120DEG junction,3-wa .#MMH H",PanelJunction
"SFT, end U-leg, LH,FAB .#MMD",FrameLeg
"SFT, end U-leg, LH,FAB .#MMD",FrameLeg
"SFT, end U-leg, LH,FAB .#MMD",FrameLeg
"SFT, end U-leg, RH,FAB .#MMD",FrameLeg
"SFT, end U-leg, RH,FAB .#MMD",FrameLeg
"SFT, end U-leg, RH,FAB .#MMD",FrameLeg
"SFT, end U-leg, LH,FAB, Mono .#MMD",FrameLeg
"SFT, end U-leg, LH,FAB, Mono .#MMD",FrameLeg
"SFT, end U-leg, LH,FAB, Mono .#MMD",FrameLeg
"SFT, end U-leg, RH,FAB,Mono .#MMD",FrameLeg
"SFT, end U-leg, RH,FAB,Mono .#MMD",FrameLeg
"SFT, end U-leg, RH,FAB,Mono .#MMD",FrameLeg
"18THK BOARD FOR THICKER FABRIC 420HX .#MMW W, LATERAL SCN",PartPanelInfill
"18THK BOARD FOR THICKER FABRIC 420HX .#MMW W, LATERAL SCN",PartPanelInfill
"18THK BOARD FOR THICKER FABRIC 420HX .#MMW W, LATERAL SCN",PartPanelInfill
"18THK BOARD FOR THICKER FABRIC 420HX .#MMW W, LATERAL SCN",PartPanelInfill
"18THK BOARD FOR THICKER FABRIC 470HX .#MMW W, LATERAL SCN",PartPanelInfill
"18THK BOARD FOR THICKER FABRIC 470HX .#MMW W, LATERAL SCN",PartPanelInfill
"18THK BOARD FOR THICKER FABRIC 470HX .#MMW W, LATERAL SCN",PartPanelInfill
"18THK BOARD FOR THICKER FABRIC 470HX .#MMW W, LATERAL SCN",PartPanelInfill
"BuzziDesk honeycomb, , .#MMW  W",ScreenInFill
"BuzziDesk honeycomb, , .#MMW  W",ScreenInFill
"BuzziDesk honeycomb, , .#MMW  W",ScreenInFill
"BuzziDesk honeycomb, , .#MMW  W",ScreenInFill
"BuzziDesk honeycomb, , .#MMW  W",ScreenInFill
"BuzziScreen honeycomb,HAT doub , .#MMW  W",ScreenInFill
"BuzziScreen honeycomb,HAT doub , .#MMW  W",ScreenInFill
"BuzziScreen honeycomb,HAT doub , .#MMW  W",ScreenInFill
"BuzziScreen honeycomb,HAT doub , .#MMW  W",ScreenInFill
"BuzziScreen honeycomb,HAT doub , .#MMW  W",ScreenInFill
"BuzziScreen honeycomb,HAT sing , .#MMW  W",ScreenInFill
"BuzziScreen honeycomb,HAT sing , .#MMW  W",ScreenInFill
"BuzziScreen honeycomb,HAT sing , .#MMW  W",ScreenInFill
"BuzziScreen honeycomb,HAT sing , .#MMW  W",ScreenInFill
"BuzziScreen honeycomb,HAT sing , .#MMW  W",ScreenInFill
"BuzziSpace hung screen frame, for HAT B2B,.#MMW  W,FAB",DeskScreenFrame
"BuzziSpace hung screen frame, for HAT B2B,.#MMW  W,FAB",DeskScreenFrame
"BuzziSpace hung screen frame, for HAT B2B,.#MMW  W,FAB",DeskScreenFrame
"BuzziSpace hung screen frame, for HAT B2B,.#MMW  W,FAB",DeskScreenFrame
"BuzziSpace hung screen frame, for HAT B2B,.#MMW  W,FAB",DeskScreenFrame
"BuzziScreen  HAT SB frame,FAB, ,.#MMW  W",DeskScreenFrame
"BuzziScreen  HAT SB frame,FAB, ,.#MMW  W",DeskScreenFrame
"BuzziScreen  HAT SB frame,FAB, ,.#MMW  W",DeskScreenFrame
"BuzziScreen  HAT SB frame,FAB, ,.#MMW  W",DeskScreenFrame
"BuzziScreen  HAT SB frame,FAB, ,.#MMW  W",DeskScreenFrame
"BuzziScreen thread,NYLON,white M10 TEX270 840/3 750M",Yarn
"BuzziScreen thread,NYLON,black M10 TEX270 840/3 750M",Yarn
Brown tape,Tape
Buzzi adapt nut,Nut
"6mm steel,pickled steel board ,560*155",MetalSheets
"Epure desk screen frame,.#MMW W",DeskScreenFrame
"Epure desk screen frame,.#MMW W",DeskScreenFrame
"Epure desk screen frame,.#MMW W",DeskScreenFrame
"Epure desk screen frame,.#MMW W",DeskScreenFrame
"Epure desk screen frame,.#MMW W",DeskScreenFrame
"Epure desk SCRN frame,.tack, .#MMW  W",DeskScreenFrame
"Epure desk SCRN frame,.tack, .#MMW  W",DeskScreenFrame
"Epure desk SCRN frame,.tack, .#MMW  W",DeskScreenFrame
"Epure desk SCRN frame,.tack, .#MMW  W",DeskScreenFrame
"Epure desk SCRN frame,.tack, .#MMW  W",DeskScreenFrame
"Epure hung screen BKT(33T), FAB",Bracket
"Epure linking BKT,FAB",TableConnector
Epure BKT for intermediate leg,TopSupport
"Epure stiffener for bench,FAB, .#MMW   W",Beam
"Epure stiffener for bench,FAB, .#MMW   W",Beam
"Epure stiffener for bench,FAB, .#MMW   W",Beam
"Epure stiffener for bench,FAB, .#MMW   W",Beam
"Openable cable tray PET cover, .#MMW   W",CableTray
"Openable cable tray PET cover, .#MMW   W",CableTray
"Openable cable tray CHN86, .#MMW   W,FAB",CableTray
"Openable cable tray CHN86, .#MMW   W,FAB",CableTray
"Openable cable tray CMS, .#MMW   W,FAB",CableTray
"Openable cable tray CMS, .#MMW   W,FAB",CableTray
"Openable cable tray PL, .#MMW   W,FAB",CableTray
"Openable cable tray PL, .#MMW   W,FAB",CableTray
"Epure desk screen plate,FAB",Bracket
"BRUSH,FLIP TOP, 400W",Brush
"BRUSH,FLIP TOP, 500W",Brush
"BRUSH,FLIP TOP, 600W",Brush
"Epure acrylic SCRN adaptor,FAB",Bracket
"SCR,M10X25,GB/T70.3,10.9",MetricScrew
"Wood leg metal plate,FAB",TopSupport
Enhanced plate for Alu leg,LegConnector
"Epure leg, height adj, raw",Tableleg
"HAT short frame,LH,FAB",Beam
"HAT short frame,RH,FAB",Beam
"HAT adjust metal beam,FAB",Beam
Electric Linear Actuator FS / Motor 60W,Column
Electric Linear Actuator FS / Motor 60W,Column
Electric Linear Actuator FS / Motor 60W,Column
Electric Linear Actuator FS / Motor 60W,Column
Electric Linear Actuator FS / Motor 60W,Column
Electric Linear Actuator FS / Motor 60W,Column
Electric Linear Actuator FS / Motor 60W,Column
Electric Linear Actuator FS / Motor 60W,Column
Electric Linear Actuator SB /M,Column
Electric Linear Actuator SB / Motor 60W,Column
Electric Linear Actuator SB / Motor 60W,Column
Electric Linear Actuator SB / Motor 60W,Column
Electric Linear Actuator SB / Motor 60W,Column
Electric Linear Actuator SB / Motor 60W,Column
Electric Linear Actuator SB / Motor 60W,Column
Electric Linear Actuator 1/2 DB  /Motor 60W,Column
Electric Linear Actuator 1/2 DB  /Motor 60W,Column
Electric Linear Actuator 1/2 DB  /Motor 60W,Column
Electric Linear Actuator 1/2 DB  /Motor 60W,Column
Electric Linear Actuator 1/2 DB  /Motor 60W,Column
"HAT 1st pitch tube,FAB",Column
"HAT 1st pitch tube,for bench, FAB, welding bkt ht:378.5",Column
"HAT 2nd pitch tube,FAB",Column
"HAT 3rd pitch tube,FAB",Column
"HAT side BKT, FAB,550D,",TopSupport
"HAT foot plate, FAB, .#MMD1 ,D",DeskFoot
"HAT foot plate, FAB, .#MMD1 ,D",DeskFoot
"Rec HAT foot plate,IC, .#MMD  , .*ACTRM",DeskFoot
"Rec HAT foot plate,IC, .#MMD  , .*ACTRM",DeskFoot
"Rec HAT foot plate,IC, .#MMD  , .*ACTRM",DeskFoot
"Rec HAT foot plate,IC, .#MMD  , .*ACTRM",DeskFoot
"Rec HAT foot plate,IC, .#MMD  , .*ACTRM",DeskFoot
"Rec HAT foot plate,IC, .#MMD  , .*ACTRM",DeskFoot
"Rec HAT foot plate,IC, .#MMD  , .*ACTRM",DeskFoot
"Rec HAT foot plate,IC, .#MMD  , .*ACTRM",DeskFoot
"Rec HAT foot plate,IC, .#MMD  , .*ACTRM",DeskFoot
"Rec HAT foot plate,IC, .#MMD  , .*ACTRM",DeskFoot
"Rec HAT foot plate,IC, .#MMD  , .*ACTRM",DeskFoot
"Rec HAT foot plate,IC, .#MMD  , .*ACTRM",DeskFoot
"Rec HAT foot plate,IC, .#MMD  , .*ACTRM",DeskFoot
"Rec HAT foot plate,IC, .#MMD , .*ACTRM",DeskFoot
"Rec HAT foot plate,IC, .#MMD  , .*ACTRM",DeskFoot
"Rec HAT foot plate,IC, .#MMD  , .*ACTRM",DeskFoot
"Rec HAT foot plate,IC, .#MMD  , .*ACTRM",DeskFoot
"Rec HAT foot plate,IC, .#MMD  , .*ACTRM",DeskFoot
"Rec HAT foot plate,IC, .#MMD  , .*ACTRM",DeskFoot
Rectangle HAT control panel,ControlUnit
"Rectangle HAT control unit, 3 plug  ,GYRO",ControlUnit
"Rectangle HAT control unit, 2 plug  ,GYRO",ControlUnit
Rectangle HAT glide,GlideFurniture
"Rectangle HAT foot block, 5mm",DeskFoot
"Rec HAT foot block,IC,.*ACTRM",DeskFoot
"Rec HAT foot block,IC,.*ACTRM",DeskFoot
"Rec HAT foot block,IC,.*ACTRM",DeskFoot
"Rec HAT foot block,IC,.*ACTRM",DeskFoot
"Rec HAT foot block,IC,.*ACTRM",DeskFoot
"Rec HAT foot block,IC,.*ACTRM",DeskFoot
"Rec HAT foot block,IC,.*ACTRM",DeskFoot
"Rec HAT foot block,IC,.*ACTRM",DeskFoot
"Rec HAT foot block,IC,.*ACTRM",DeskFoot
"Rec HAT foot block,IC,.*ACTRM",DeskFoot
HAT cable tie,CableTie
"Rectangle HAT power cord, 2.0M, .*ATPP",PowerCable
"Rectangle HAT power cord, 2.0M, .*ATPP",PowerCable
"Rectangle HAT power cord, 2.0M, .*ATPP",PowerCable
"Rectangle HAT power cord, 2.0M, .*ATPP",PowerCable
"Rectangle HAT power cord, 2.0M, .*ATPP",PowerCable
"Rectangle HAT power cord, 2.0M, .*ATPP",PowerCable
"Rectangle HAT power cord, 2.0M, .*ATPP",PowerCable
"Rectangle HAT power cord, 2.0M, .*ATPP",PowerCable
HAT mechanical structure,MiscCtrlUnitAcc
HAT motor,MiscCtrlUnitAcc
HAT motor spacer,Spacer
HAT motor shaft,Bearings
HAT plastic cap for Moto,MiscHardware
HAT small ring white,FootRing
HAT small ring black,FootRing
HAT small ring grey,FootRing
HAT big ring white,FootRing
HAT big ring black,FootRing
HAT big ring grey,FootRing
HAT M6*16 for leg & side bkt,MetricScrew
HAT M6*10 for motor box,MetricScrew
HAT Washer GT/T 93  6,Washer
HAT self screw,WoodFurnitScrew
"HAT Allen key,5#",MiscHardware
HAT carton box,PackagingCarton
Bottom foam of packing for bea,Foams
HAT Top foam of packing for le,Foams
HAT top flat foam cover,Foams
HAT big slider,MiscHardware
HAT small slider,MiscHardware
HAT rubber pad,Spacer
HAT lubricating grease,Grease
Shaft spacer 902,Spacer
E shape spring,CompressSpring
M4*25  screw,MetricScrew
CM5*12 cup head screw,MetricScrew
Washer 807 for motor,Washer
"Tape, backing",Tape
"Base-angel,fixed, Intuity",Housing
"Base-angle housing for caster, fixed, Intuity",Housing
"Base-straight,fixed, Intuity",Housing
"Base-straight housing for cast fixed, Intuity",Housing
"Base-straight,extention, Intuity",Housing
"Leg glide, Intuity",GlideFurniture
"SFT,glide,17mm",GlideFurniture
"Mid-span bracket,black, Intuity",TopSupport
"Mid-span bracket,black, Intuity",TopSupport
"Mid-span bracket,FAB, Intuity",TopSupport
"End cap,double side,FAB",Endcap
"End cap,single side,LH, FAB",Endcap
"End cap,single side,RH, FAB",Endcap
"Cover for end cap, sigle side,FAB",Endcap
"Universal rail,double side, FAB,.#MMW",RailProfile
"Universal rail,double side, FAB,.#MMW",RailProfile
"Universal rail,double side, FAB,.#MMW",RailProfile
"Universal rail,double side, FAB,.#MMW",RailProfile
"Uni-ceiling rail DB side 1.2M, .#MMW",RailProfile
"Uni-ceiling rail DB side 1.4M, .#MMW",RailProfile
"Uni-ceiling rail DB side 1.5M, .#MMW",RailProfile
"Uni-ceiling rail DB side 1.6M, .#MMW",RailProfile
"Uni-ceiling rail DB side 1.8M, .#MMW",RailProfile
"Universal rail,single side, FAB,.#MMW",RailProfile
"Universal rail,single side, FAB,.#MMW",RailProfile
"Universal rail,single side, FAB,.#MMW",RailProfile
"Universal rail,single side, FAB,.#MMW",RailProfile
"Universal rail,single side, FAB,.#MMW",RailProfile
"Uni-ceiling rail SL side 1.2M, .#MMW",RailProfile
"Uni-ceiling rail SL side 1.4M, .#MMW",RailProfile
"Uni-ceiling rail SL side 1.5M, .#MMW",RailProfile
"Uni-ceiling rail SL side 1.6M, .#MMW",RailProfile
"Uni-ceiling rail SL side 1.8M, .#MMW",RailProfile
LH Uni-ceiling rail SL side 1. .#MMW,RailProfile
LH Uni-ceiling rail SL side 1. .#MMW,RailProfile
LH Uni-ceiling rail SL side 1. .#MMW,RailProfile
LH Uni-ceiling rail SL side 1. .#MMW,RailProfile
LH Uni-ceiling rail SL side 1. .#MMW,RailProfile
"End bracket,share, angle,FAB,Intuity",Bracket
"Screen bracket,FAB",Bracket
Receiver for shelf screen,Bracket
"fabric cover full roll, 100 meter/roll",Fabric
"End rail for H-leg hung screen ,.#MMW ,HAT",RailProfile
"End rail for H-leg hung screen ,.#MMW ,HAT",RailProfile
"End rail for H-leg hung screen ,.#MMW ,HAT",RailProfile
"End rail for H-leg hung screen ,.#MMW ,HAT",RailProfile
"End rail for H-leg hung screen ,.#MMW ,HAT",RailProfile
"Fabric cover for H-leg hung sc 1200 ,.#MMW,HAT",Fabric
"Fabric cover for H-leg hung sc 1400 ,.#MMW,HAT",Fabric
"Fabric cover for H-leg hung sc 1600 ,.#MMW,HAT",Fabric
"Fabric cover for H-leg hung sc 1800 ,.#MMW,HAT",Fabric
"Fabric cover, .#MMW W for HAT tall screen",Fabric
"Fabric cover, .#MMW W for HAT tall screen",Fabric
"Fabric cover, .#MMW W for HAT tall screen",Fabric
"Fabric cover, .#MMW W for HAT tall screen",Fabric
"Fabric cover, .#MMW W for HAT tall screen",Fabric
"Velcro,Intuity",Spacer
"Cable tie,Intuity",CableTie
"Cable Tray 400 ,.#MMW ,HAT",CableTray
"Cable Tray 600 ,.#MMW ,HAT",CableTray
"Cable Tray CMS&PL ,.#MMW HAT",CableTray
"Cable Tray CMS&PL ,.#MMW HAT",CableTray
"A-leg,single side,LH, adjust FAB,.#MMW  ,LCL",Tableleg
"A-leg,single side,LH, adjust FAB,.#MMW  ,LCL",Tableleg
"A-leg,single side,LH, adjust FAB,.#MMW  ,LCL",Tableleg
"A-leg,single side,LH, adjust FAB,.#MMW  ,LCL",Tableleg
"Straight extention,FAB, LCL",Tableleg
"Angle extention,FAB, LCL",Tableleg
"Epure straight extension,FAB",Column
"A-leg,single side,RH, adjust FAB,.#MMW  ,LCL",Tableleg
"A-leg,single side,RH, adjust FAB,.#MMW  ,LCL",Tableleg
"A-leg,single side,RH, adjust FAB,.#MMW  ,LCL",Tableleg
"A-leg,single side,RH, adjust FAB,.#MMW  ,LCL",Tableleg
"Main beam,spine,FAB,.#MMW  ,",Beam
"Main beam,spine,FAB,.#MMW  ,",Beam
"Main beam,spine,FAB,.#MMW  ,",Beam
"Main beam,spine,FAB,.#MMW  ,",Beam
"Main beam,spine,FAB,.#MMW  ,",Beam
"Main beam,spine,FAB,.#MMW  ,",Beam
"Main beam,spine,FAB,.#MMW  ,",Beam
"Main beam,spine,FAB,.#MMW  ,",Beam
"Main beam,spine,FAB,.#MMW  ,",Beam
"Main beam,spine,FAB,.#MMW  ,",Beam
"Return beam,90DEG,FAB, .#MMW",Beam
"Return beam,90DEG,FAB, .#MMW",Beam
"Return beam,90DEG,FAB, .#MMW",Beam
"Return beam,90DEG,FAB, .#MMW",Beam
"Return beam,90DEG,FAB, .#MMW",Beam
"Return beam,120DEG,FAB, .#MMW",Beam
"Return beam,120DEG,FAB, .#MMW",Beam
"Return beam,120DEG,FAB, .#MMW",Beam
"Return beam,120DEG,FAB, .#MMW",Beam
"Return beam,120DEG,FAB, .#MMW",Beam
"Return beam,120DEG,FAB, .#MMW",Beam
"Return beam,120DEG,FAB, .#MMW",Beam
"Return beam,120DEG,FAB, .#MMW",Beam
"Main beam,spine,black, .#MMW",Beam
"Main beam,spine,black, .#MMW",Beam
"Main beam,spine,black, .#MMW",Beam
"Main beam,spine,black, .#MMW",Beam
"Main beam,spine,black, .#MMW",Beam
"Main beam,spine,black, .#MMW",Beam
"Main beam,spine,black, .#MMW",Beam
"Main beam,spine,black, .#MMW",Beam
"Main beam,spine,black, .#MMW",Beam
"Main beam,spine,black, .#MMW",Beam
"Main beam,spine,black, .#MMW",Beam
"Main beam,spine,black, .#MMW",Beam
"Return beam,90DEG,black, .#MMW",Beam
"Return beam,90DEG,black, .#MMW",Beam
"Return beam,90DEG,black, .#MMW",Beam
"Return beam,90DEG,black, .#MMW",Beam
"Return beam,90DEG,black, .#MMW",Beam
"Cover plate,End A-leg,double FAB,.#MMW  ,LCL",AccentPlate
"Cover plate,End A-leg,double FAB,.#MMW  ,LCL",AccentPlate
"Cover plate,End A-leg,double FAB,.#MMW  ,LCL",AccentPlate
"Cover plate,End A-leg,double FAB,.#MMW  ,LCL",AccentPlate
"Cover plate,End A-leg,double FAB,.#MMW  ,LCL",AccentPlate
"Cover plate,LH A-leg,single FAB,.#MMW  ,LCL",AccentPlate
"Cover plate,LH A-leg,single FAB,.#MMW  ,LCL",AccentPlate
"Cover plate,LH A-leg,single FAB,.#MMW  ,LCL",AccentPlate
"Cover plate,LH A-leg,single FAB,.#MMW  ,LCL",AccentPlate
"Cover plate,RH A-leg,single FAB,.#MMW  ,LCL",AccentPlate
"Cover plate,RH A-leg,single FAB,.#MMW  ,LCL",AccentPlate
"Cover plate,RH A-leg,single FAB,.#MMW  ,LCL",AccentPlate
"Cover plate,RH A-leg,single FAB,.#MMW  ,LCL",AccentPlate
"Cover plate,F-leg,single FAB,.#MMW  ,LCL",AccentPlate
"Cover plate,F-leg,single FAB,.#MMW  ,LCL",AccentPlate
"Cover plate,F-leg,single FAB,.#MMW  ,LCL",AccentPlate
"Cover plate,F-leg,single FAB,.#MMW  ,LCL",AccentPlate
"Cover plate,F-leg,double FAB,.#MMW  ,LCL",AccentPlate
"Cover plate,F-leg,double FAB,.#MMW  ,LCL",AccentPlate
"Cover plate,F-leg,double FAB,.#MMW  ,LCL",AccentPlate
"Cover plate,F-leg,double FAB,.#MMW  ,LCL",AccentPlate
"Cover plate,F-leg,double FAB,.#MMW  ,LCL",AccentPlate
"Accent plate,End A-leg,double FAB,.#MMW  ,LCL",AccentPlate
"Accent plate,End A-leg,double FAB,.#MMW  ,LCL",AccentPlate
"Accent plate,End A-leg,double FAB,.#MMW  ,LCL",AccentPlate
"Accent plate,End A-leg,double FAB,.#MMW  ,LCL",AccentPlate
"Accent plate,End A-leg,double FAB,.#MMW  ,LCL",AccentPlate
"Accent plate,LH A-leg,single FAB,.#MMW  ,LCL",AccentPlate
"Accent plate,LH A-leg,single FAB,.#MMW  ,LCL",AccentPlate
"Accent plate,LH A-leg,single FAB,.#MMW  ,LCL",AccentPlate
"Accent plate,LH A-leg,single FAB,.#MMW  ,LCL",AccentPlate
"Accent plate,RH A-leg,single FAB,.#MMW  ,LCL",AccentPlate
"Accent plate,RH A-leg,single FAB,.#MMW  ,LCL",AccentPlate
"Accent plate,RH A-leg,single FAB,.#MMW  ,LCL",AccentPlate
"Accent plate,RH A-leg,single FAB,.#MMW  ,LCL",AccentPlate
"Accent plate,F-LEG,single FAB,.#MMW  ,LCL",AccentPlate
"Accent plate,F-LEG,single FAB,.#MMW  ,LCL",AccentPlate
"Accent plate,F-LEG,single FAB,.#MMW  ,LCL",AccentPlate
"Accent plate,F-LEG,single FAB,.#MMW  ,LCL",AccentPlate
"Accent plate,End F-leg,double FAB,.#MMW  ,LCL",AccentPlate
"Accent plate,End F-leg,double FAB,.#MMW  ,LCL",AccentPlate
"Accent plate,End F-leg,double FAB,.#MMW  ,LCL",AccentPlate
"Accent plate,End F-leg,double FAB,.#MMW  ,LCL",AccentPlate
"Accent plate,End F-leg,double FAB,.#MMW  ,LCL",AccentPlate
"End A-leg,double side, fixed FAB,.#MMW  ,LCL",Tableleg
"End A-leg,double side, fixed FAB,.#MMW  ,LCL",Tableleg
"End A-leg,double side, fixed FAB,.#MMW  ,LCL",Tableleg
"End A-leg,double side, fixed FAB,.#MMW  ,LCL",Tableleg
"End A-leg,double side, fixed FAB,.#MMW  ,LCL",Tableleg
"A-leg,single side,LH, fixed FAB,.#MMW  ,LCL",Tableleg
"A-leg,single side,LH, fixed FAB,.#MMW  ,LCL",Tableleg
"A-leg,single side,LH, fixed FAB,.#MMW  ,LCL",Tableleg
"A-leg,single side,LH, fixed FAB,.#MMW  ,LCL",Tableleg
"A-leg,single side,RH, fixed FAB,.#MMW  ,LCL",Tableleg
"A-leg,single side,RH, fixed FAB,.#MMW  ,LCL",Tableleg
"A-leg,single side,RH, fixed FAB,.#MMW  ,LCL",Tableleg
"A-leg,single side,RH, fixed FAB,.#MMW  ,LCL",Tableleg
"STR-leg,single side,LH, adjust FAB,.#MMW  ,LCL",Tableleg
"STR-leg,single side,LH, adjust FAB,.#MMW  ,LCL",Tableleg
"STR-leg,single side,LH, adjust FAB,.#MMW  ,LCL",Tableleg
"STR-leg,single side,LH, adjust FAB,.#MMW  ,LCL",Tableleg
"STR-leg,single side,RH, adjust FAB,.#MMW  ,LCL",Tableleg
"STR-leg,single side,RH, adjust FAB,.#MMW  ,LCL",Tableleg
"STR-leg,single side,RH, adjust FAB,.#MMW  ,LCL",Tableleg
"STR-leg,single side,RH, adjust FAB,.#MMW  ,LCL",Tableleg
"STR-leg,single side,LH, fixed FAB,.#MMW  ,LCL",Tableleg
"STR-leg,single side,LH, fixed FAB,.#MMW  ,LCL",Tableleg
"STR-leg,single side,LH, fixed FAB,.#MMW  ,LCL",Tableleg
"STR-leg,single side,LH, fixed FAB,.#MMW  ,LCL",Tableleg
"STR-leg,single side,RH, fixed FAB,.#MMW  ,LCL",Tableleg
"STR-leg,single side,RH, fixed FAB,.#MMW  ,LCL",Tableleg
"STR-leg,single side,RH, fixed FAB,.#MMW  ,LCL",Tableleg
"STR-leg,single side,RH, fixed FAB,.#MMW  ,LCL",Tableleg
"End STR-leg,double side, fixed FAB,.#MMW  ,LCL",Tableleg
"End STR-leg,double side, fixed FAB,.#MMW  ,LCL",Tableleg
"End STR-leg,double side, fixed FAB,.#MMW  ,LCL",Tableleg
"End STR-leg,double side, fixed FAB,.#MMW  ,LCL",Tableleg
"End STR-leg,double side, fixed FAB,.#MMW  ,LCL",Tableleg
"Share A-leg,single side, fixed FAB,.#MMW  ,LCL",Tableleg
"Share STR-leg,single side, fixed FAB,.#MMW  ,LCL",Tableleg
"Share STR-leg,single side, fixed FAB,.#MMW  ,LCL",Tableleg
"Acrylic screen bracket,FAB",Bracket
EVA foam for Intuity acrylic screen,Spacer
"Single pole leg,straight Fixed,FAB",Tableleg
"Single pole leg,Angled Fixed ,FAB",Tableleg
"Dob side cable tray bracket, for rail,FAB",CableHolder
"Acrylic modesty screen bracket Intuity, FAB",Bracket
"Caster, M8, black Intuity",CastorsFurnit
"Intuity gasket,acrylic SCRN, .#MMW  W",MiscConnector
"Intuity gasket,acrylic SCRN, .#MMW  W",MiscConnector
"Intuity gasket,acrylic SCRN, .#MMW  W",MiscConnector
"Intuity gasket,acrylic SCRN, .#MMW  W",MiscConnector
"Intuity gasket,acrylic SCRN, .#MMW  W",MiscConnector
"Intuity adaptor for acrylic, FAB",Bracket
"Intuity end cap for rail,FAB",Endcap
Intuity base-angle fixed with glide,GlideFurniture
Intuity base-straight fixed with glide,GlideFurniture
Intuity base-angle extension with glide,GlideFurniture
Intuity base-straight extension with glide,GlideFurniture
"Intuity base-angle,fixed with SFT LEG",GlideFurniture
"Intuity base-straight,fixed with glide SFT LEG",GlideFurniture
TOP BRACKET OF INTUITY METAL MODESTY,Bracket
"Park Bench, LPL core for sitbench",SitBenchSeat
"Park Bench, main beam for seating table,.#MMW , FAB",Beam
"Park Bench, main beam for seating table,.#MMW , FAB",Beam
"Park Bench, main beam for seating table,.#MMW , FAB",Beam
"Park Bench, main beam for seating table,.#MMW , FAB",Beam
"Park Bench, small beam for seating table,.#MMW , FAB",Beam
"Park Bench, small beam for seating table,.#MMW , FAB",Beam
"Park Bench, small beam for seating table,.#MMW , FAB",Beam
"Park Bench, small beam for seating table,.#MMW , FAB",Beam
"Timber leg for sitbench, LH .*ACWBD",ChairLeg
"Timber leg for sitbench, LH .*ACWBD",ChairLeg
"Timber leg for sitbench, RH .*ACWBD",ChairLeg
"Timber leg for sitbench, RH .*ACWBD",ChairLeg
"Top bracket for umbilical cord, FAB",Bracket
"Desk screen, .#MMW",BenchScreenFrm
"Desk screen, .#MMW",BenchScreenFrm
"Desk screen, .#MMW",BenchScreenFrm
"Desk screen, .#MMW",BenchScreenFrm
"Desk screen, .#MMW",BenchScreenFrm
"Desk screen,tackable, .#MMW",BenchScreenFrm
"Desk screen,tackable, .#MMW",BenchScreenFrm
"Desk screen,tackable, .#MMW",BenchScreenFrm
"Single side cable trunk, .#MMW FAB",CableTrunk
"Single side cable trunk, .#MMW FAB",CableTrunk
"Single side cable trunk, .#MMW FAB",CableTrunk
"Single side cable trunk, .#MMW FAB",CableTrunk
"Single side cable trunk, .#MMW FAB",CableTrunk
"Hung screen, .#MMW",BenchScreenFrm
"Hung screen, .#MMW",BenchScreenFrm
"Hung screen, .#MMW",BenchScreenFrm
"Hung screen, .#MMW",BenchScreenFrm
"Hung screen,tackable, .#MMW",BenchScreenFrm
"Hung screen,tackable, .#MMW",BenchScreenFrm
"Hung screen,tackable, .#MMW",BenchScreenFrm
"Hung screen,tackable, .#MMW",BenchScreenFrm
"Bottom bracket for umbilical cord, FAB",Bracket
"Park Bench, cross beam for Seating table, .#MMW , FAB",CrossBeam
"Park Bench, cross beam for Seating table, .#MMW , FAB",CrossBeam
"Park Bench, cross beam for Seating table, .#MMW , FAB",CrossBeam
"Timber top for sitbench, .*ACWBD",SitBenchSeat
"Timber top for sitbench, .*ACWBD",SitBenchSeat
"Park Bench, Accent plate for Seating table, .#MMW , FAB",AccentPlate
"Park Bench, Accent plate for Seating table, .#MMW , FAB",AccentPlate
"Park Bench, Accent plate for Seating table, .#MMW , FAB",AccentPlate
"Screw,GB/T 70.3-2000 M8*25",MetricScrew
"Park Bench end cap for central tray, FAB",Bracket
"Park Bench Central tray, for W2000/2400 Table,FAB",CableTray
"Park Bench Central tray, for W1600/1800 Table,FAB",CableTray
"Park Bench Flip cover,FAB",CableOutlet
"Park Bench socket plate, AH-Mayer cut, FAB",FacePlate
"Park Bench socket plate, CMS cut, FAB",FacePlate
"Park Bench socket plate, Byrne cut, FAB",FacePlate
"Park Bench bracket for socket plate, LH, FAB",Bracket
"Park Bench bracket for socket plate, RH, FAB",Bracket
"Central Tray Bracket for 25mm Thickness Table Top,FAB",Bracket
"Park Bench, metal leg for Seating table,LH, FAB",Tableleg
"Park Bench, metal leg for Seating table,RH, FAB",Tableleg
"Park Bench, Timber leg for Seating table,LH, .*ACWBD",Tableleg
"Park Bench, Timber leg for Seating table,LH, .*ACWBD",Tableleg
"Park Bench, Timber leg for Seating table,RH, .*ACWBD",Tableleg
"Park Bench, Timber leg for Seating table,RH, .*ACWBD",Tableleg
"Bottom cover for central tray, FAB",Bracket
"Park Bench, Frame for Sitbench, FAB",Bracket
"Park Bench, metal leg for Sitbench, LH,FAB",ChairLeg
"Park Bench, metal leg for Sitbench, RH,FAB",ChairLeg
Foam for sitbench cushion,SeatCushion
"Sit Bench, side frame FAB",Bracket
"Sit bench cusion BKT,FAB",Bracket
Black rope,Yarn
"HAT umbilical cord,1300H, 1 channel",CableSleeve
"HAT umbilical cord,1300H, 2 channel",CableSleeve
"HAT umbilical cord BKT,BTM,FAB",Bracket
"HAT frame,freestanding,SQ electric.",DeskFrame
"HAT frame,freestanding,SQ electric.",DeskFrame
"HAT frame,freestanding,SQ electric.",DeskFrame
"HAT frame,freestanding,SQ electric.",DeskFrame
"HAT frame,freestanding,SQ electric.",DeskFrame
"HAT frame,freestanding,SQ electric.",DeskFrame
"HAT frame,freestanding,SQ electric.",DeskFrame
"HAT frame,freestanding,SQ electric.",DeskFrame
"HAT frame,freestanding,SQ electric.",DeskFrame
"HAT frame,freestanding,SQ electric.",DeskFrame
"HAT frame,freestanding,SQ electric.",DeskFrame
"HAT frame,freestanding,SQ electric.",DeskFrame
"HAT frame,freestanding,SQ electric.",DeskFrame
"HAT frame,freestanding,SQ electric.",DeskFrame
"HAT frame,freestanding,SQ electric.",DeskFrame
"HAT frame,freestanding,SQ electric.",DeskFrame
"HAT frame,freestanding,SQ electric.",DeskFrame
"HAT frame,freestanding,SQ electric.",DeskFrame
"HAT frame,freestanding,SQ electric.",DeskFrame
"HAT frame,freestanding,SQ electric.",DeskFrame
"HAT frame,freestanding,SQ electric.",DeskFrame
"HAT frame,freestanding,SQ electric.",DeskFrame
"HAT frame,freestanding,SQ electric.",DeskFrame
"HAT frame,freestanding,SQ electric.",DeskFrame
"Double INTER-leg cover, fixed,FAB",MiscTblFrameAcc
"Double intermediate leg,FAB, fixed, .#MMW",Tableleg
"Double intermediate leg,FAB, fixed, .#MMW",Tableleg
"Single INTER-leg cover,LH, fixed,FAB, .#MMW",MiscTblFrameAcc
"Single INTER-leg cover,LH, fixed,FAB, .#MMW",MiscTblFrameAcc
"Single INTER-leg cover,RH, fixed,FAB, .#MMW",MiscTblFrameAcc
"Single INTER-leg cover,RH, fixed,FAB, .#MMW",MiscTblFrameAcc
"Single INTER-leg cover,LH, adjustable,FAB, .#MMW",MiscTblFrameAcc
"Single INTER-leg cover,LH, adjustable,FAB, .#MMW",MiscTblFrameAcc
"Single INTER-leg cover,RH, adjustable,FAB, .#MMW",MiscTblFrameAcc
"Single INTER-leg cover,RH, adjustable,FAB, .#MMW",MiscTblFrameAcc
"Epure SG inter leg, .#MMW  W, ,tech-height, FAB",Tableleg
"Epure SG inter leg, .#MMW   W, ,tech-height, FAB",Tableleg
"Intuity rail mount bkt,plstic",Bracket
"Intuity hung screen bkt,plstic",Bracket
"Double leg connector,SQ, .#MMD W, trunk FAB",LegConnector
"Double leg connector,SQ, .#MMD W, trunk FAB",LegConnector
"Double leg connector,SQ, .#MMD W, trunk FAB",LegConnector
"Double leg connector,SQ, .#MMD W, trunk FAB",LegConnector
"Double leg connector,RE, .#MMD W, trunk FAB",LegConnector
"Double leg connector,RE, .#MMD W, trunk FAB",LegConnector
"Double leg connector,RE, .#MMD W, trunk FAB",LegConnector
"Double leg connector,RE, .#MMD W, trunk FAB",LegConnector
"Double leg connector,SQ, .#MMD W, trunk&screen FAB",LegConnector
"Double leg connector,SQ, .#MMD W, trunk&screen FAB",LegConnector
"Double leg connector,SQ, .#MMD W, trunk&screen FAB",LegConnector
"Double leg connector,SQ, .#MMD W, trunk&screen FAB",LegConnector
"Double leg connector,SQ, .#MMD W, screen FAB",LegConnector
"Double leg connector,SQ, .#MMD W, screen FAB",LegConnector
"Double leg connector,SQ, .#MMD W, screen FAB",LegConnector
"Double leg connector,SQ, .#MMD W, screen FAB",LegConnector
"Double leg connector,RE, .#MMD W, trunk&screen FAB",LegConnector
"Double leg connector,RE, .#MMD W, trunk&screen FAB",LegConnector
"Double leg connector,RE, .#MMD W, trunk&screen FAB",LegConnector
"Double leg connector,RE, .#MMD W, trunk&screen FAB",LegConnector
"Double leg connector,RE, .#MMD W, screen FAB",LegConnector
"Double leg connector,RE, .#MMD W, screen FAB",LegConnector
"Double leg connector,RE, .#MMD W, screen FAB",LegConnector
"Double leg connector,RE, .#MMD W, screen FAB",LegConnector
"Double leg connector,RD, .#MMD W, trunk FAB",LegConnector
"Double leg connector,RD, .#MMD W, trunk FAB",LegConnector
"Double leg connector,RD, .#MMD W, trunk FAB",LegConnector
"Double leg connector,RD, .#MMD W, trunk FAB",LegConnector
"Double leg connector,RD, .#MMD W, trunk&screen FAB",LegConnector
"Double leg connector,RD, .#MMD W, trunk&screen FAB",LegConnector
"Double leg connector,RD, .#MMD W, trunk&screen FAB",LegConnector
"Double leg connector,RD, .#MMD W, trunk&screen FAB",LegConnector
"Double leg connector,RD, .#MMD W, screen FAB",LegConnector
"Double leg connector,RD, .#MMD W, screen FAB",LegConnector
"Double leg connector,RD, .#MMD W, screen FAB",LegConnector
"Double leg connector,RD, .#MMD W, screen FAB",LegConnector
"Single leg connector,SQ, .#MMD W, RH,W/ trunk FAB",LegConnector
"Single leg connector,SQ, .#MMD W, RH,W/ trunk FAB",LegConnector
"Single leg connector,SQ, .#MMD W, RH,W/ trunk FAB",LegConnector
"Single leg connector,SQ, .#MMD W, RH,W/ trunk FAB",LegConnector
"Single leg connector,SQ, .#MMD W, LH,W/ trunk FAB",LegConnector
"Single leg connector,SQ, .#MMD W, LH,W/ trunk FAB",LegConnector
"Single leg connector,SQ, .#MMD W, LH,W/ trunk FAB",LegConnector
"Single leg connector,SQ, .#MMD W, LH,W/ trunk FAB",LegConnector
"Single leg connector,SQ, .#MMD W, RH,W/O trunk FAB",LegConnector
"Single leg connector,SQ, .#MMD W, RH,W/O trunk FAB",LegConnector
"Single leg connector,SQ, .#MMD W, RH,W/O trunk FAB",LegConnector
"Single leg connector,SQ, .#MMD W, RH,W/O trunk FAB",LegConnector
"Single leg connector,RE, .#MMD W, RH,W/ trunk FAB",LegConnector
"Single leg connector,RE, .#MMD W, RH,W/ trunk FAB",LegConnector
"Single leg connector,RE, .#MMD W, RH,W/ trunk FAB",LegConnector
"Single leg connector,RE, .#MMD W, RH,W/ trunk FAB",LegConnector
"Single leg connector,RE, .#MMD W, LH,W/ trunk FAB",LegConnector
"Single leg connector,RE, .#MMD W, LH,W/ trunk FAB",LegConnector
"Single leg connector,RE, .#MMD W, LH,W/ trunk FAB",LegConnector
"Single leg connector,RE, .#MMD W, LH,W/ trunk FAB",LegConnector
"Single leg connector,RE, .#MMD W, RH,W/O trunk FAB",LegConnector
"Single leg connector,RE, .#MMD W, RH,W/O trunk FAB",LegConnector
"Single leg connector,RE, .#MMD W, RH,W/O trunk FAB",LegConnector
"Single leg connector,RE, .#MMD W, RH,W/O trunk FAB",LegConnector
"Single leg connector,RD, .#MMD W, RH,W/ trunk FAB",LegConnector
"Single leg connector,RD, .#MMD W, RH,W/ trunk FAB",LegConnector
"Single leg connector,RD, .#MMD W, RH,W/ trunk FAB",LegConnector
"Single leg connector,RD, .#MMD W, RH,W/ trunk FAB",LegConnector
"Single leg connector,RD, .#MMD W, LH,W/ trunk FAB",LegConnector
"Single leg connector,RD, .#MMD W, LH,W/ trunk FAB",LegConnector
"Single leg connector,RD, .#MMD W, LH,W/ trunk FAB",LegConnector
"Single leg connector,RD, .#MMD W, LH,W/ trunk FAB",LegConnector
"Single leg connector,RD, .#MMD W, RH,W/O trunk FAB",LegConnector
"Single leg connector,RD, .#MMD W, RH,W/O trunk FAB",LegConnector
"Single leg connector,RD, .#MMD W, RH,W/O trunk FAB",LegConnector
"Single leg connector,RD, .#MMD W, RH,W/O trunk FAB",LegConnector
"HAT 120D floor feed BTM plate, FAB",LegConnector
"HAT 120D floor feed column,FAB",LegConnector
"HAT 120D floor feed top plate, FAB",LegConnector
"HAT 120D floor feed top cover, FAB",LegConnector
"HAT 120D floor feed top cover, for trunk,FAB",LegConnector
"HAT 120D floor feed top cover, for screen,FAB",LegConnector
"JIS screw,M8*55",MetricScrew
"HAT SGL screen,high,frame, .#MMW W",BenchScreenFrm
"HAT SGL screen,high,frame, .#MMW W",BenchScreenFrm
"HAT SGL screen,high,frame, .#MMW W",BenchScreenFrm
"HAT SGL screen,high,frame, .#MMW W",BenchScreenFrm
"HAT SGL screen,high,frame, .#MMW W",BenchScreenFrm
"HAT SGL screen,high,frame,tack .#MMW W",BenchScreenFrm
"HAT SGL screen,high,frame,tack .#MMW W",BenchScreenFrm
"HAT SGL screen,high,frame,tack .#MMW W",BenchScreenFrm
"HAT SGL screen,high,frame,tack .#MMW W",BenchScreenFrm
"HAT SGL screen,high,frame,tack .#MMW W",BenchScreenFrm
"HAT DBL screen,high,frame, .#MMW W",BenchScreenFrm
"HAT DBL screen,high,frame, .#MMW W",BenchScreenFrm
"HAT DBL screen,high,frame, .#MMW W",BenchScreenFrm
"HAT DBL screen,high,frame, .#MMW W",BenchScreenFrm
"HAT DBL screen,high,frame, .#MMW W",BenchScreenFrm
"HAT DBL screen,high,frame,tack .#MMW W",BenchScreenFrm
"HAT DBL screen,high,frame,tack .#MMW W",BenchScreenFrm
"HAT DBL screen,high,frame,tack .#MMW W",BenchScreenFrm
"HAT DBL screen,high,frame,tack .#MMW W",BenchScreenFrm
"HAT DBL screen,high,frame,tack .#MMW W",BenchScreenFrm
"HAT MID connector for 120D,SQ, .#MMD W,FAB",LegConnector
"HAT MID connector for 120D,SQ, .#MMD W,FAB",LegConnector
"HAT MID connector for 120D,SQ, .#MMD W,FAB",LegConnector
"HAT MID connector for 120D,SQ, .#MMD W,FAB",LegConnector
"HAT MID connector for 120D,RD, .#MMD W,FAB",LegConnector
"HAT MID connector for 120D,RD, .#MMD W,FAB",LegConnector
"HAT MID connector for 120D,RD, .#MMD W,FAB",LegConnector
"HAT MID connector for 120D,RD, .#MMD W,FAB",LegConnector
"HAT MID connector for 120D,SQ, .#MMD W,FAB,no trunk",LegConnector
"HAT MID connector for 120D,SQ, .#MMD W,FAB,no trunk",LegConnector
"HAT MID connector for 120D,SQ, .#MMD W,FAB,no trunk",LegConnector
"HAT MID connector for 120D,SQ, .#MMD W,FAB,no trunk",LegConnector
"HAT MID connector for 120D,RD, .#MMD W,FAB,no trunk",LegConnector
"HAT MID connector for 120D,RD, .#MMD W,FAB,no trunk",LegConnector
"HAT MID connector for 120D,RD, .#MMD W,FAB,no trunk",LegConnector
"HAT MID connector for 120D,RD, .#MMD W,FAB,no trunk",LegConnector
Washer GB/T 97.1-1985 M6,Washer
"SCR,M5X14,FLAT HD,HEX GB70.3, M5*14, 8.8",MetricScrew
"BuzziDesk frame,1700,FAB, A-0000000070",DeskScreenFrame
"BuzziDesk frame,1500,FAB, A-0000000077",DeskScreenFrame
"BuzziDesk frame,1300,FAB, A-0000000078",DeskScreenFrame
"BuzziDesk frame,1000,FAB, A-0000000082",DeskScreenFrame
Buzzi brown tape with logo A-0000000203,Tape
"Buzzi GLIDE CAP TRANSPARANT, A-0000000211",Endcap
"Buzzi plastic extrusion,2000 A-0000000218",Spacer
BuzziSpace tag A-0000000339,ProductLabel
"Buzzi bolt M8x37 DIN 464, A-0000002289",MetricScrew
"Buzzi GLIDE M8x35, A-0000002290",MetricScrew
"Buzzi velcro Pad 32x32x1 Loop, A-0000003397",Tape
Welding nut M8 for A000049301,Nut
SCR 1/4-20X7/8  PH HEX PAT,MetricScrew
"Adapter,glide,fliptop,FAB",Sleeve
"MD,Adhesive,hot, Henkel TECHNOMELT KS 3567",Glue
Adhesive CA50 GEL,Glue
"Glue, Novattane 2100, 21007S",Glue
"Arm kit,X99,seminar,export",ArmrestAssy
"Arm kit,mesh,seminar,X99, Export",ArmrestAssy
"Arm,fixed,LH,FAB,CONF",ArmrestSupport
"Arm,fixed,RH,FAB,CONF",ArmrestSupport
"Arm,fixed,LH,CONF polished,.#ACTRM",ArmrestSupport
"Arm,fixed,RH,CONF polished,.#ACTRM",ArmrestSupport
"BRACKET,LOCK,FORWARD TILT",SeatingControl
"Arm,SUB cap,LH,side stool, Very,.#ACPLS",ArmCap
"Arm,SUB cap,LH,side stool, Very,.#ACPLS",ArmCap
"Arm,SUB cap,RH,side stool, Very,.#ACPLS",ArmCap
"Arm,SUB cap,RH,side stool, Very,.#ACPLS",ArmCap
"Arm,tablet,casting,ASSY,LH, Very,.#ACTAC",WriteTableFrame
"Arm,tablet,casting,ASSY,RH, Very,.#ACTAC",WriteTableFrame
"AL flip top, single, outbound FAB, .#MMW W",CableOutlet
"AL flip top, single, outbound FAB, .#MMW W",CableOutlet
"AL flip top, single, outbound FAB, .#MMW W",CableOutlet
Stopper of Mech,MiscMechComp
"Arm,planes C leg",TopSupport
"Aloha ref arm,R, .#ACPLS",ArmrestAssy
"Aloha ref arm,R,.#ACPLS",ArmrestAssy
"Aloha ref arm,L, .#ACPLS",ArmrestAssy
"Aloha ref arm,L,.#ACPLS",ArmrestAssy
"PLUG,ARMLESS,LH,PLASTIC,FERN, BLACK,EXPORT",Endcap
"PLUG,ARMLESS,LH,PLASTIC,FERN, FOG,EXPORT",Endcap
"PLUG,ARMLESS,LH,PLASTIC,FERN, SNOW,EXPORT",Endcap
"PLUG,ARMLESS,RH,PLASTIC,FERN, BLACK,EXPORT",Endcap
"PLUG,ARMLESS,RH,PLASTIC,FERN, FOG,EXPORT",Endcap
"PLUG,ARMLESS,RH,PLASTIC,FERN, SNOW,EXPORT",Endcap
"INNER SHELL, ARM, LH, POPPY CHAIR",SeatShell
"INNER SHELL, ARM, RH, POPPY CHAIR",SeatShell
"ARM,COLUMN,1D,CAP ASSY,PAIR",ArmrestAssy
"ARM,COLUMN,1D,CAP ASSY,PAIR",ArmrestAssy
"ARM,COLUMN,1D,CAP ASSY,PAIR",ArmrestAssy
"COLUMN, ARM, 4D, PAIR, ASSY W/ BLACK CAP",ArmrestAssy
"COLUMN, ARM, 4D, PAIR, ASSY W/ FOG CAP",ArmrestAssy
"White COLUMN, ARM, 4D, PAIR W/ FOG CAP",ArmrestAssy
"ARM KIT, LH&RH,PAIR,Aloha Acti ,.#ACPLS",ArmrestAssy
"ARM KIT, LH&RH,PAIR,Aloha Acti ,.#ACPLS",ArmrestAssy
"Zody Arm,complete kit,4D,LH, self skin ,.#ACPLS",ArmrestAssy
"Zody Arm,complete kit,4D,LH, self skin ,.#ACPLS",ArmrestAssy
"Zody Arm,complete kit,4D,LH, self skin ,.#ACPLS",ArmrestAssy
"zodyArm,complete kit,4D,RH, self skin  ,.#ACPLS",ArmrestAssy
"zodyArm,complete kit,4D,RH, self skin ,.#ACPLS",ArmrestAssy
"zodyArm,complete kit,4D,RH, self skin ,.#ACPLS",ArmrestAssy
"zodyArm,complete kit,HGT ADJ,L self skin ,.#ACPLS",ArmrestAssy
"zodyArm,complete kit,HGT ADJ,L self skin ,.#ACPLS",ArmrestAssy
"zodyArm,complete kit,HGT ADJ,L self skin ,.#ACPLS",ArmrestAssy
"zodyArm,complete kit,HGT ADJ,R self skin ,.#ACPLS",ArmrestAssy
"zodyArm,complete kit,HGT ADJ,R self skin ,.#ACPLS",ArmrestAssy
"zodyArm,complete kit,HGT ADJ,R self skin ,.#ACPLS",ArmrestAssy
"ARM CAP,LH,PROJ530,.*ACPLS, FOR SIDE CHAIR",ArmCap
"ARM CAP,LH,PROJ530,.*ACPLS, FOR SIDE CHAIR",ArmCap
"ARM CAP,LH,PROJ530,.*ACPLS, FOR SIDE CHAIR",ArmCap
"ARM CAP,LH,PROJ530,.*ACPLS, FOR SIDE CHAIR",ArmCap
"ARM CAP,LH,PROJ530,.*ACPLS, FOR SIDE CHAIR",ArmCap
"ARM CAP,LH,PROJ530,.*ACPLS, FOR SIDE CHAIR",ArmCap
"ARM CAP,RH,PROJ530,.*ACPLS, FOR SIDE CHAIR",ArmCap
"ARM CAP,RH,PROJ530,.*ACPLS, FOR SIDE CHAIR",ArmCap
"ARM CAP,RH,PROJ530,.*ACPLS, FOR SIDE CHAIR",ArmCap
"ARM CAP,RH,PROJ530,.*ACPLS, FOR SIDE CHAIR",ArmCap
"ARM CAP,RH,PROJ530,.*ACPLS, FOR SIDE CHAIR",ArmCap
"ARM CAP,RH,PROJ530,.*ACPLS, FOR SIDE CHAIR",ArmCap
"Plastic Arm support LH ,.#ACPLS",ArmrestSupport
"Plastic Arm support LH ,.#ACPLS",ArmrestSupport
"Plastic Arm support RH ,.#ACPLS",ArmrestSupport
"Plastic Arm support RH ,.#ACPLS",ArmrestSupport
"ARM SUPPORT, FIXED, LH, RAW",ArmrestSupport
"ARM SUPPORT, FIXED, RH, RAW",ArmrestSupport
"ARM SUPPORT, FIXED, LH, POLISH",ArmrestSupport
"ARM SUPPORT, FIXED, RH, POLISH",ArmrestSupport
"Arm, pivot, cast, Tablet, Maari, Poppy",WriteTableFrame
"Arm weldment, Tablet, Maari, Poppy",ArmUpright
"ARM ASSY, UPPER, LH, 4D, .#ACPLS, DAYTONA",ArmrestAssy
"ARM ASSY, UPPER, LH, 4D, .#ACPLS, DAYTONA",ArmrestAssy
"ARM ASSY, UPPER, LH, 4D, .#ACPLS, DAYTONA",ArmrestAssy
"ARM ASSY, UPPER, RH, 4D, .#ACPLS, DAYTONA",ArmrestAssy
"ARM ASSY, UPPER, RH, 4D, .#ACPLS, DAYTONA",ArmrestAssy
"ARM ASSY, UPPER, RH, 4D, .#ACPLS, DAYTONA",ArmrestAssy
"ARM ASSY, UPPER, LH, 1D, .#ACPLS, DAYTONA",ArmrestAssy
"ARM ASSY, UPPER, LH, 1D, .#ACPLS, DAYTONA",ArmrestAssy
"ARM ASSY, UPPER, LH, 1D, .#ACPLS, DAYTONA",ArmrestAssy
"ARM ASSY, UPPER, RH, 1D, .#ACPLS, DAYTONA",ArmrestAssy
"ARM ASSY, UPPER, RH, 1D, .#ACPLS, DAYTONA",ArmrestAssy
"ARM ASSY, UPPER, RH, 1D, .#ACPLS, DAYTONA",ArmrestAssy
"Washer,flat,3/8X.438X1.00",Washer
"SCR,6-18X.625,FLT,PH,A,B GB846, 3.5*16, zinc coated",WoodFurnitScrew
"SCR,8-15x.750,flt,ph,a,b GB846, 4.2*19, zinc coated",WoodFurnitScrew
"SCR,10-12,X1.500",WoodFurnitScrew
"SCR.10-16x.750,pan GB845, 4.8*19 ,zinc coated",WoodFurnitScrew
"SCR,10-12x1.00,trs,ph,z GB845 4.8*25, zinc coated",WoodFurnitScrew
"MD,Staple",Staples
"MD,Staple 1004J",Staples
"Body,caster,leg, .#ACPLS",CastorsFurnit
"Body,caster,leg, .#ACPLS",CastorsFurnit
"EDGEBANDING,ABS,2MMT,31MMH .#ACEGB",Edgebanding
"EDGEBANDING,ABS,2MMT,31MMH .#ACEGB",Edgebanding
"EDGEBANDING,ABS,2MMT,31MMH .#ACEGB",Edgebanding
"EDGEBANDING,ABS,2MMT,31MMH .#ACEGB",Edgebanding
"EDGEBANDING,ABS,2MMT,31MMH .#ACEGB",Edgebanding
"EDGEBANDING,ABS,2MMT,31MMH .#ACEGB",Edgebanding
"EDGEBANDING,ABS,2MMT,31MMH .#ACEGB",Edgebanding
"EDGEBANDING,ABS,2MMT,31MMH .#ACEGB",Edgebanding
"EDGEBANDING,ABS,2MMT,31MMH .#ACEGB",Edgebanding
"EDGEBANDING,ABS,2MMT,31MMH .#ACEGB",Edgebanding
"EDGEBANDING,ABS,2*31 8843WB",Edgebanding
"EDGEBANDING,ABS,2MMT,31MMH .#ACEGB",Edgebanding
"EDGEBANDING,ABS,2MMT,31MMH .#ACEGB",Edgebanding
"EDGEBANDING,ABS,2MMT,31MMH .#ACEGB",Edgebanding
"Edgebanding,ABS,2mm*31mm, CE015 Sinowolf, N/A: F0870NT",Edgebanding
"CE016 FORMICA, EDGEBAND: 6055NT",Edgebanding
"CE017 Sinowolf, WP10899",Edgebanding
"CE018 REHAU 012958, Figured Annigre 1360B 1mm",Edgebanding
"CE019 Haworth, Haworth EDGE: HP-PW Ply-Edge",Edgebanding
"CE020 Sinowolf, n/a:F0909",Edgebanding
"CE021 FORMICA, EDGEBAND:5364NT",Edgebanding
"EDGEBANDING,ABS, .#ACEGB, 2MMT,31MMH",Edgebanding
"EDGEBANDING,ABS, .#ACEGB, 2MMT,31MMH",Edgebanding
"Sinwolf, Beige HP034 , 2*31",Edgebanding
"Sinwolf, Putty HP0AA , 2*31",Edgebanding
"Sinwolf, Natural Beech HP0CC , 2*31",Edgebanding
"Sinwolf, Copper Beech HP0CA , 2*31",Edgebanding
"Sinwolf, Ivory HP0CF , 2*31",Edgebanding
"Sinwolf, 2357 , 2*31",Edgebanding
"CE032 REHAU 012958, 9049NT",Edgebanding
"CE035 Sinowolf, with wood grain: 8844 NT",Edgebanding
CE036 LITMAX : R-68129-A TB-2,Edgebanding
"EDGEBANDING,ABS, .#ACEGB, 2MMT,31MMH",Edgebanding
"EDGEBANDING,ABS, .#ACEGB, 2MMT,31MMH",Edgebanding
"EDGEBANDING,ABS,2MMT,31MMH .#ACEGB",Edgebanding
"EDGEBANDING,ABS,2MMT,31MMH .#ACEGB",Edgebanding
"EDGEBANDING,ABS,2MMT,31MMH .#ACEGB",Edgebanding
"EDGEBANDING,ABS,2MMT,31MMH .#ACEGB",Edgebanding
"EDGEBANDING,ABS,2MMT,31MMH",Edgebanding
"EDGEBANDING,ABS,2MMT,31MMH",Edgebanding
"EDGEBANDING,ABS,2MMT,31MMH",Edgebanding
"EDGEBANDING,ABS,2MMT,31MMH .#ACEGB",Edgebanding
"EDGEBANDING,ABS,2MMT,31MMH .#ACEGB",Edgebanding
"EDGEBANDING,ABS,2MMT,31MMH",Edgebanding
"EDGEBANDING,ABS,2MMT,31MMH .#ACEGB",Edgebanding
"EDGEBANDING,ABS,2MMT,31MMH .#ACEGB",Edgebanding
"EDGEBANDING,ABS,2MMT,31MMH",Edgebanding
"EDGEBANDING,ABS,2MMT,31MMH",Edgebanding
"Edgebanding,ABS,2MMT,31MMH, .#ACEGB",Edgebanding
"EDGEBANDING,ABS,2MMT,31MMH",Edgebanding
"EDGEBANDING,ABS,2MMT,31MMH",Edgebanding
"EDGEBANDING,ABS,2MMT,31MMH",Edgebanding
"EDGEBANDING,ABS,2MMT,31MMH",Edgebanding
"Edgebanding,ABS,1mm, 35mm width,.#ACEGB",Edgebanding
"Edgebanding,ABS,1mm, 35mm width,.#ACEGB",Edgebanding
"Edgebanding,ABS,1mm, 35mm width,.#ACEGB",Edgebanding
"Edgebanding,ABS,1mm, 35mm width,.#ACEGB",Edgebanding
"Edgebanding,ABS,1mm, 35mm width,.#ACEGB",Edgebanding
"Edgebanding,ABS,1mm, 35mm width,.#ACEGB",Edgebanding
"Edgebanding,ABS,1mm, 35mm width,.#ACEGB",Edgebanding
"Sinowolf, Edg-banding ABS, 1*35mm,CE013, WP3897",Edgebanding
"Edgebanding,ABS,1mm, 35mm width,.#ACEGB",Edgebanding
"Edgebanding,ABS,1mm*35mm, CE015 Sinowolf, N/A: F0870NT",Edgebanding
"Edgebanding,ABS,1mm*35mm, CE021 FORMICA, EDGEBAND:5364NT",Edgebanding
"Edgebanding,ABS, .#ACEGB, 1mm*35mm",Edgebanding
"Sinwolf, Beige HP034 , 1*35",Edgebanding
"Sinwolf, Putty HP0AA , 1*35",Edgebanding
"Sinwolf, Natural Beech HP0CC , 1*35",Edgebanding
"Sinwolf, Copper Beech HP0CA , 1*35",Edgebanding
"Sinwolf, Ivory HP0CF , 1*35",Edgebanding
"CE029 Sinwolf, 2357",Edgebanding
"REHAU 012958,9049NT",Edgebanding
"CE035 Sinowolf, with wood grain: 8844 NT",Edgebanding
"Edgebanding,ABS,1mm, 35mm width,.#ACEGB",Edgebanding
"Edgebanding,ABS,1mm, 35mm width,.#ACEGB",Edgebanding
"Edgebanding,ABS,1mm, 35mm width,.#ACEGB",Edgebanding
"Edgebanding,ABS,1mm, 35mm width,.#ACEGB",Edgebanding
"Edgebanding,ABS,1mm, 35mm width",Edgebanding
"Edgebanding,ABS,1mm, 35mm width",Edgebanding
"Edgebanding,ABS,1mm, 35mm width",Edgebanding
"Edgebanding,ABS,1mm, 35mm width,.#ACEGB",Edgebanding
"Edgebanding,ABS,1mm, 35mm width,.#ACEGB",Edgebanding
"Edgebanding,ABS,1mm, 35mm width",Edgebanding
"Edgebanding,ABS,1mm, 35mm width,.#ACEGB",Edgebanding
"Edgebanding,ABS,1mm, 35mm width,.#ACEGB",Edgebanding
"Edgebanding,ABS,1mm, 35mm width",Edgebanding
"Edgebanding,ABS,1mm, 35mm width",Edgebanding
"Edgebanding,ABS,1mm, 35mm width,.#ACEGB",Edgebanding
"Edgebanding,ABS,1mm, 35mm width",Edgebanding
"Edgebanding,ABS,1mm, 35mm width",Edgebanding
"Edgebanding,ABS,1mm, 35mm width",Edgebanding
"Edgebanding,ABS,1mm, 35mm width",Edgebanding
"Back,lumbar,ASSY,ADV SPRG .#ACPLS",LumbarAssy
"Back,lumbar,ASSY,ADV SPRG, .#ACPLS",LumbarAssy
"Back,lumbar,ASSY,ADV SPRG, .#ACPLS",LumbarAssy
"Back,lumbar,ASSY,ADV SPRG, .#ACPLS",LumbarAssy
"Frame,back ASSY .#ACMSH,.#ACPLS",BackRestAssy
"Frame,back ASSY .#ACMSH,.#ACPLS",BackRestAssy
"Frame,back ASSY .#ACMSH,.#ACPLS",BackRestAssy
"Frame,back ASSY .#ACMSH,.#ACPLS",BackRestAssy
"Frame,back ASSY .#ACMSH,.#ACPLS",BackRestAssy
"Frame,back ASSY .#ACMSH,.#ACPLS",BackRestAssy
"Frame,back ASSY .#ACMSH,.#ACPLS",BackRestAssy
"Frame,back ASSY .#ACMSH,.#ACPLS",BackRestAssy
"Frame,back ASSY .#ACMSH,.#ACPLS",BackRestAssy
"Frame,back ASSY .#ACMSH,.#ACPLS",BackRestAssy
"Frame,back ASSY .#ACMSH,.#ACPLS",BackRestAssy
"Frame,back ASSY .#ACMSH,.#ACPLS",BackRestAssy
"Frame,back ASSY .#ACMSH,.#ACPLS",BackRestAssy
"Frame,back ASSY .#ACMSH,.#ACPLS",BackRestAssy
"Frame,back ASSY .#ACMSH,.#ACPLS",BackRestAssy
"Frame,back ASSY .#ACMSH,.#ACPLS",BackRestAssy
"Frame,back ASSY .#ACMSH,.#ACPLS",BackRestAssy
"Frame,back ASSY .#ACMSH,.#ACPLS",BackRestAssy
"Frame,back ASSY .#ACMSH,.#ACPLS",BackRestAssy
"Frame,back ASSY .#ACMSH,.#ACPLS",BackRestAssy
"Frame,back ASSY .#ACMSH,.#ACPLS",BackRestAssy
"Frame,back ASSY .#ACMSH,.#ACPLS",BackRestAssy
"Frame,back ASSY .#ACMSH,.#ACPLS",BackRestAssy
"Frame,back ASSY .#ACMSH,.#ACPLS",BackRestAssy
"Frame,back ASSY .#ACMSH, .#ACPLS",BackRestAssy
"Frame,back ASSY .#ACMSH, .#ACPLS",BackRestAssy
"Frame,back ASSY .#ACMSH, .#ACPLS",BackRestAssy
"Frame,back ASSY .#ACMSH, .#ACPLS",BackRestAssy
"Frame,back ASSY .#ACMSH, .#ACPLS",BackRestAssy
"Frame,back ASSY .#ACMSH, .#ACPLS",BackRestAssy
"Frame,back ASSY .#ACMSH, .#ACPLS",BackRestAssy
"Frame,back ASSY .#ACMSH, .#ACPLS",BackRestAssy
"Frame,back ASSY .#ACMSH, .#ACPLS",BackRestAssy
"Frame,back ASSY .#ACMSH, .#ACPLS",BackRestAssy
"Frame,back ASSY .#ACMSH, .#ACPLS",BackRestAssy
"Frame,back ASSY .#ACMSH, .#ACPLS",BackRestAssy
"Frame,back ASSY .#ACMSH, .#ACPLS",BackRestAssy
"Frame,back ASSY .#ACMSH, .#ACPLS",BackRestAssy
"Frame,back ASSY .#ACMSH, .#ACPLS",BackRestAssy
"Frame,Mesh back ASSY, .*ACMSH .#ACPLS",BackRestAssy
"Frame,Mesh back ASSY, .*ACMSH .#ACPLS",BackRestAssy
"Frame,Mesh back ASSY, .*ACMSH .#ACPLS",BackRestAssy
"Frame,Mesh back ASSY, .*ACMSH .#ACPLS",BackRestAssy
"Frame,Mesh back ASSY, .*ACMSH .#ACPLS",BackRestAssy
"Frame,Mesh back ASSY, .*ACMSH .#ACPLS",BackRestAssy
"Frame,Mesh back ASSY, .*ACMSH .#ACPLS",BackRestAssy
"Frame,Mesh back ASSY, .*ACMSH .#ACPLS",BackRestAssy
"Frame,Mesh back ASSY, .*ACMSH .#ACPLS",BackRestAssy
"Back,upright,left,SEM,X99",BackUpright
"Back,upright,right,SEM,X99",BackUpright
"Back,shell,Very side, seminar, CONF,.#ACPLS",BackrestFrame
"Back,shell,Very side, seminar, CONF,.#ACPLS",BackrestFrame
"Back,shell,Very side, seminar, CONF,.#ACPLS",BackrestFrame
"Back,shell,Very side, seminar, CONF,.#ACPLS",BackrestFrame
"Back,shell,Very side, seminar, CONF,.#ACPLS",BackrestFrame
"Back,shell,Very side, seminar, CONF,.#ACPLS",BackrestFrame
"Back,shell,Very side, seminar, CONF,.#ACPLS",BackrestFrame
"Back,shell,Very side, seminar, CONF,.#ACPLS",BackrestFrame
"Back,shell,Very side,seminar, CONF,.#ACPLS",BackrestFrame
"Back,shell,Very side,seminar, CONF,.#ACPLS",BackrestFrame
"Back ASSY,Very task, .#ACMSH ,.#ACPLS",BackRestAssy
"Back ASSY,Very task, .#ACMSH ,.#ACPLS",BackRestAssy
"Back ASSY,Very task, .#ACMSH ,.#ACPLS",BackRestAssy
"Back ASSY,Very task, .#ACMSH ,.#ACPLS",BackRestAssy
"Back ASSY,Very task, .#ACMSH ,.#ACPLS",BackRestAssy
"Back ASSY,Very task, .#ACMSH ,.#ACPLS",BackRestAssy
"Back ASSY,Very task, .#ACMSH ,.#ACPLS",BackRestAssy
"Back ASSY,Very task, .#ACMSH ,.#ACPLS",BackRestAssy
"Back ASSY,Very task, .#ACMSH ,.#ACPLS",BackRestAssy
"Back ASSY,Very task, .#ACMSH ,.#ACPLS",BackRestAssy
"Back ASSY,Very task, .#ACMSH ,.#ACPLS",BackRestAssy
"Back ASSY,Very task, .#ACMSH ,.#ACPLS",BackRestAssy
"Back ASSY,Very task, .#ACMSH ,.#ACPLS",BackRestAssy
"Back ASSY,Very task, .#ACMSH ,.#ACPLS",BackRestAssy
"Back ASSY,Very task, .#ACMSH, .#ACPLS",BackRestAssy
"Back ASSY,Very task, .#ACMSH, .#ACPLS",BackRestAssy
"Back ASSY,Very task, .#ACMSH, .#ACPLS",BackRestAssy
"Back ASSY,Very task, .#ACMSH, .#ACPLS",BackRestAssy
SPACER FOR METAL MODESTY SCREEN,Bracket
PKG Pip colla column,PseudoPack
"CT002 Haworth,Sold: IBM Blue",PowderCoat
"CT004 AKZO 013341, Metallic Champagne",PowderCoat
"CT005 DULUX, Precious Nickle Pearl 88360",PowderCoat
"CT006 AKZO 013341, Moss",PowderCoat
"CT007 AKZO 013341, Tangerine",PowderCoat
"CT011 DGL Camel 061044, Gloss: Teal",PowderCoat
CT012 DULUX : White Satin 1139S,PowderCoat
CT013 AKZO 013341 : Sliver,PowderCoat
CT014 AKZO 013341 : Charcoal Grey,PowderCoat
CT015 AKZO 013341 : RAL 51,PowderCoat
CT016 AKZO 013341 : RAL 742,PowderCoat
CT017 AKZO 013341 : Black,PowderCoat
CT018 Linglong 954777 : Tellure Spring,PowderCoat
CT019 Longli : RAL 9016,PowderCoat
CT020 Linglong 954777: Apple White (TR0AP),PowderCoat
"CT021 Linglong 954777, black: RN139",PowderCoat
"CT022 Linglong 954777, black sand: RN152S",PowderCoat
"CT023 Linglong 954777, Patone: 107",PowderCoat
CT024 Tiger 061105: 009/4924,PowderCoat
CT025 Linglong 954777 : China White (TR0AW),PowderCoat
CT026 Tiger 061105: 009/3495,PowderCoat
"Paint,powdercoat,hybrid .#ACTRM",PowderCoat
"Paint,powdercoat,hybrid .#ACTRM",PowderCoat
"Paint,powdercoat,hybrid .#ACTRM",PowderCoat
CT030 Linglong 954777 :rn145,PowderCoat
CT031 AKZO 013341: Patone code 368,PowderCoat
CT032 DULUX: SURMIST SATIN 2721137S,PowderCoat
"CT033 TIGER 061105, 59/90852; Silver ME/SGL",PowderCoat
CT034 AKZO 013341: Grey CC007800 S50EL,PowderCoat
CT035 AKZO 013341: Red CC007338 S50 EG,PowderCoat
"CT036 Linglong 954777, black: RN227S",PowderCoat
CT037 AKZO 013341: TRMTW Matte White,PowderCoat
CT038 Tiger 061105 : TRMRR Matte Rusty Red,PowderCoat
CT039 Linglong 954777: Matte Night TRM1N,PowderCoat
CT040 Linglong 954777: Matte Terra TRM1H,PowderCoat
CT041 AKZO 013341: Plaster Smooth,PowderCoat
CT042 Valspar: Chalk,PowderCoat
CT043 Valspar: Graphite,PowderCoat
CT044 Valspar: Silver,PowderCoat
CT045 AZKO 013341: TRM1N,PowderCoat
"CT046 AKZO 013341, Solid; RAL 7043",PowderCoat
"CT047 AKZO 013341, Texture; RAL 9005",PowderCoat
CT048 DULUX; 9063187K,PowderCoat
"CT049 AKZO 013341, charcoal TR00K",PowderCoat
"CT050 Tiger 061105, 019/73621",PowderCoat
CT051 AKZO: TR700,PowderCoat
CT052 DULUX: Navy Gloss 98450282,PowderCoat
"Paint,powdercoat,hybrid .#ACTRM",PowderCoat
"Paint,powdercoat,hybrid .#ACTRM",PowderCoat
"Paint,powdercoat,hybrid .#ACTRM",PowderCoat
"Paint,powdercoat,hybrid .#ACTRM",PowderCoat
"Paint,powdercoat,hybrid .#ACTRM",PowderCoat
"Paint,powdercoat,hybrid .#ACTRM",PowderCoat
"Paint,powdercoat,hybrid .#ACTRM",PowderCoat
"Paint,powdercoat,hybrid .#ACTRM",PowderCoat
"Paint,powdercoat,hybrid .#ACTRM",PowderCoat
"Paint,powdercoat,hybrid .#ACTRM",PowderCoat
"Paint,powdercoat,hybrid .#ACTRM",PowderCoat
"Paint,powdercoat,hybrid .#ACTRM",PowderCoat
"Paint,powdercoat,hybrid .#ACTRM",PowderCoat
"Paint,powdercoat,hybrid .#ACTRM",PowderCoat
"Paint,powdercoat,hybrid .#ACTRM",PowderCoat
.#ACTRM,PowderCoat
CT075 AKZO: Panton cool grey 3 U,PowderCoat
CT076 AKZO: Panton cool grey 1C,PowderCoat
CT077 AKZO: Pantone Warm 2C,PowderCoat
CT078 AKZO: Pantone Warm 7C,PowderCoat
"Paint,powdercoat,hybrid .#ACTRM",PowderCoat
"Paint,powdercoat,hybrid .#ACTRM",PowderCoat
"Paint,powdercoat,hybrid .#ACTRM",PowderCoat
"Paint,powdercoat,hybrid .#ACTRM",PowderCoat
"Paint,powdercoat,hybrid .#ACTRM",PowderCoat
CT085 AKZO 013341 RAL 7024 GRAPHITE GREY,PowderCoat
CT086 HWS(SH):Y31 (Xiaguang Red),PowderCoat
"Paint,powdercoat,hybrid .#ACTRM",PowderCoat
"Paint,powdercoat,hybrid .#ACTRM",PowderCoat
"Paint,powdercoat,hybrid .#ACTRM",PowderCoat
Powdercoat AP,PowderCoat
"Paint,powdercoat,hybrid .#ACTRM",PowderCoat
"Paint,powdercoat,hybrid .#ACTRM",PowderCoat
"Paint,powdercoat,hybrid, .#ACTRM",PowderCoat
"Paint,powdercoat,hybrid .#ACTRM",PowderCoat
Powdercoat AP,PowderCoat
Powdercoat AP,PowderCoat
"Paint,powdercoat,hybrid .#ACTRM",PowderCoat
Powdercoat AP,PowderCoat
"Paint,powdercoat,hybrid .#ACTRM",PowderCoat
"Paint,powdercoat,hybrid .#ACTRM",PowderCoat
"Paint,powdercoat,hybrid .#ACTRM",PowderCoat
"Powder,TR0AN,920VER48=019, Anthracite ral 7016 varnish",PowderCoat
"Paint,powdercoat,hybrid .#ACTRM",PowderCoat
"Paint,powdercoat,hybrid .#ACTRM",PowderCoat
"Paint,powdercoat,hybrid .#ACTRM",PowderCoat
Powdercoat AP,PowderCoat
"Paint,powdercoat,hybrid .#ACTRM",PowderCoat
"Paint,powdercoat,hybrid .#ACTRM",PowderCoat
Powdercoat AP,PowderCoat
"Paint,powdercoat,hybrid .#ACTRM",PowderCoat
"Paint,powdercoat,hybrid .#ACTRM",PowderCoat
"Paint,powdercoat,hybrid .#ACTRM",PowderCoat
"Paint,powdercoat,hybrid .#ACTRM",PowderCoat
"Paint,powdercoat,hybrid .#ACTRM",PowderCoat
"Paint,powdercoat,hybrid .#ACTRM",PowderCoat
"Paint,powdercoat,hybrid .#ACTRM",PowderCoat
"Paint,powdercoat,hybrid .#ACTRM",PowderCoat
"Paint,powdercoat,hybrid, .#ACTRM",PowderCoat
"Paint,powdercoat,hybrid, .#ACTRM",PowderCoat
Powdercoat AP,PowderCoat
Powdercoat AP,PowderCoat
"Paint,powdercoat,hybrid, .#ACTRM",PowderCoat
"Paint,powdercoat,hybrid, .#ACTRM",PowderCoat
Powdercoat AP,PowderCoat
"Powder, TR0WH,920VER01=019, White ral 9010 varnish",PowderCoat
"Paint,powdercoat,hybrid .#ACTRM",PowderCoat
"Paint,powdercoat,hybrid .#ACTRM",PowderCoat
"Paint,powdercoat,hybrid .#ACTRM",PowderCoat
"Paint,powdercoat,hybrid, .#ACTRM",PowderCoat
Powdercoat AP,PowderCoat
"Paint,powdercoat,hybrid .#ACTRM",PowderCoat
Powdercoat AP,PowderCoat
Powdercoat AP,PowderCoat
Powdercoat AP,PowderCoat
Powdercoat AP,PowderCoat
Powdercoat AP,PowderCoat
Powdercoat AP,PowderCoat
Powdercoat AP,PowderCoat
"Paint,powdercoat,hybrid .#ACTRM",PowderCoat
Powdercoat AP,PowderCoat
Powdercoat AP,PowderCoat
Textured Gunmetal Grey Powder TRM28,PowderCoat
"Paint,powdercoat,hybrid .#ACTRM",PowderCoat
Powdercoat AP,PowderCoat
Powdercoat AP,PowderCoat
Powdercoat AP,PowderCoat
Powdercoat AP,PowderCoat
"Paint,powdercoat,hybrid ,00P01 ,Pure white",PowderCoat
"Paint,powdercoat,hybrid ,00P03,aluminum",PowderCoat
"Paint,powdercoat,hybrid .#ACTRM",PowderCoat
Powdercoat AP,PowderCoat
Powdercoat AP,PowderCoat
"Base,UM,PWR,desk, .#ACPLS",CableChain
"Base,UM,PWR,desk, .#ACPLS",CableChain
"WGT,base,umbili,PWR,desk,",CableChain
"Base,plastic,Very, .#ACPLS",StarBase
"Base,plastic,Very, .#ACPLS",StarBase
"BASE,PLASTIC,FERN,BLACK,EXPORT",StarBase
"BASE,PLASTIC,FERN,FOG,EXPORT",StarBase
"BASE, ALUMINUM, PFP",StarBase
"BASE, ALUMINUM, POLISHED, PROJ 451",StarBase
"BASE, ALUMINUM, POLISHED, PROJ 451",StarBase
"Four star Base, Alu, PFP",StarBase
"Five star Base, Alu, PFP",StarBase
"Bearing,shaft,front, Sliding seat,Look",MiscMechComp
"Bearing,bushing,end, Spring,rear",Bearings
"Bearing,bushing,end,isolator",Bearings
"Bearing,rear seat plate,pivot, Plastic",SeatingControl
"Bearing,MECH,CONF,Very",Bearings
"Bearing,radial,MECH,LH",Bearings
"Bearing,radial,MECH,RH",Bearings
"Bearing,bushing,rod,Very",Bearings
"Bearing,pivot,SHLDR,CONF D18.87mm",Bearings
"Bearing,pivot,SHLDR,CONF D15.88mm",Bearings
"BEARING,SUPPORT,SPRING",Bearings
"Bearing,,,tube,insert",Bearings
"BEARING,PIVOT,REAR, DUAL POSTURE",SeatingControl
"Bearing, thrust, Tablet, Maari, Poppy",Bearings
"BLOCK,FIXED, BACK STOP",MiscMechComp
"Block,out stop,sliding seat, Aloha Active",MiscMechComp
"BLOCK,FIXING,FOR 4/5 STAR",SeatingControl
STEEL PLATE BLOCK 3-M8 Aloha Easy,BackrestFrame
"Fixing block, Tablet. Maari, Poppy",SeatingControl
"PTB board,4'x8',25THK E0,FSC100%",Particleboard
"PTB board,6'x8',25THK E0,FSC100%",Particleboard
"25mm PTB LPL board, 6*8, E0, FSC, .#ACLPL",Particleboard
"25mm PTB LPL board, 6*8, E0, FSC Mix 70%, .#ACLPL",Particleboard
"25mm PTB LPL board, 6*8, E0, FSC Mix 70%, .#ACLPL",Particleboard
"25mm PTB LPL board, 6*8, E0, FSC Mix 70%, .#ACLPL",Particleboard
"25mm PTB LPL board, 6*8, E0, FSC Mix 70%, .#ACLPL",Particleboard
"25mm PTB LPL board, 6*8, E0, FSC Mix 70%, .#ACLPL",Particleboard
"25mm PTB LPL board, 6*8, E0, FSC Mix 70%, .#ACLPL",Particleboard
"25mm PTB LPL board, 6*8, E0, FSC Mix 70%, .#ACLPL",Particleboard
"25mm PTB LPL board, 6*8, E0, FSC Mix 70%, .#ACLPL",Particleboard
"25mm PTB LPL board, 6*8, E0, FSC Mix 70%, .#ACLPL",Particleboard
"25mm PTB LPL board, 6*8, E0, FSC Mix 70%, .#ACLPL",Particleboard
"25mm PTB LPL board, 6*8, E0, FSC Mix 70%, .#ACLPL",Particleboard
"25mm PTB LPL board, 6*8, E0, FSC Mix 70%, .#ACLPL",Particleboard
"25mm PTB LPL board, 6*8, E0, FSC100%, .#ACLPL",Particleboard
"25mm PTB LPL board, 6*8, E0, FSC",Particleboard
"25mm PTB LPL board, 6*8, E0, FSC",Particleboard
"25mm PTB LPL board, 6*8, E0, FSC",Particleboard
"25mm PTB LPL board, 6*8, E0, FSC",Particleboard
"25mm PTB LPL board, 6*8, E0, FSC",Particleboard
"25mm PTB LPL board, 6*8, E0, FSC",Particleboard
"LPL,1829X2438X25 .#ACLPL",Particleboard
"LPL,1829X2438X25 .#ACLPL",Particleboard
"LPL,1829X2438X25 .#ACLPL",Particleboard
"LPL,1829X2438X25 .#ACLPL",Particleboard
"LPL,1829X2438X25 .#ACLPL",Particleboard
"LPL,1829X2438X25 .#ACLPL",Particleboard
"LPL,1829X2438X25 .#ACLPL",Particleboard
"LPL,1829X2438X25 .#ACLPL",Particleboard
"LPL,1829X2438X25 .#ACLPL",Particleboard
"LPL,1829X2438X25 .#ACLPL",Particleboard
"LPL,1829X2438X25 .#ACLPL",Particleboard
"LPL,1829X2438X25 .#ACLPL",Particleboard
"LPL,1829X2438X25 .#ACLPL",Particleboard
"LPL,1829X2438X25 .#ACLPL",Particleboard
"LPL, .#ACLPL 1829X2438X25",Particleboard
"LPL, .#ACLPL 1829X2438X25",Particleboard
"LPL, .#ACLPL 1829X2438X25",Particleboard
"LPL, .#ACLPL 1829X2438X25",Particleboard
"LPL, .#ACLPL 1829X2438X25",Particleboard
"LPL, .#ACLPL 1829X2438X25",Particleboard
"LPL, .#ACLPL 1829X2438X25",Particleboard
"LPL, .#ACLPL 1829X2438X25",Particleboard
"LPL, .#ACLPL 1829X2438X25",Particleboard
"LPL, .#ACLPL",Particleboard
"25mm PTB LPL board, 6*8, CL133 wood grain: EGGER#3157",Particleboard
"LPL, .#ACLPL",Particleboard
"LPL,1829X2438X25 .#ACLPL",Particleboard
"LPL,1829X2438X25 .#ACLPL",Particleboard
"LPL,1829X2438X25 .#ACLPL",Particleboard
"LPL,1829X2438X25 .#ACLPL",Particleboard
"9mm MDF LPL board, 4*8, E0, FSC Mix 70%, .#ACLPL",Particleboard
"9mm MDF LPL board, 4*8, E0, FSC Mix 70%, .#ACLPL",Particleboard
"9mm MDF LPL board, 4*8, E0, FSC Mix 70%, .#ACLPL",Particleboard
"9mm MDF LPL board, 4*8, E0, FSC Mix 70%, .#ACLPL",Particleboard
"9mm MDF LPL board, 4*8, E0, FSC Mix 70%, .#ACLPL",Particleboard
"9mm MDF LPL board, 4*8, E0, FSC Mix 70%, .#ACLPL",Particleboard
"9mm MDF LPL board, 4*8, E0, FSC Mix 70%, .#ACLPL",Particleboard
"9mm MDF LPL board, 4*8, E0, FSC Mix 70%, .#ACLPL",Particleboard
"9mm MDF LPL board, 4*8, E0, FSC100%, .#ACLPL",Particleboard
"9mm MDF LPL board, 4*8, E0, FSC100%, .#ACLPL",Particleboard
"9mm MDF LPL board, 4*8, E0, FSC100%, .#ACLPL",Particleboard
"9mm MDF LPL board, 4*8, E0, FSC100%, .#ACLPL",Particleboard
"9mm MDF LPL board, 4*8, E0, FSC100%, .#ACLPL",Particleboard
"9mm MDF LPL board, 4*8, E0, FSC Mix 70%, .#ACLPL",Particleboard
"9mm MDF LPL board, 4*8, E0, FSC Mix 70%, .#ACLPL",Particleboard
"9mm MDF LPL board, 4*8, E0, FSC100%, .#ACLPL",Particleboard
"LPL board,double surface 1220x2438x9, .*ACLPL",Particleboard
"18mm PTB LPL board, 6*8, E0, FSC Mix 70%, .#ACLPL",Particleboard
"18mm PTB LPL board, 6*8, E0, FSC Mix 70%, .#ACLPL",Particleboard
"18mm PTB LPL board, 6*8, E0, FSC Mix 70%, .#ACLPL",Particleboard
"18mm PTB LPL board, 6*8, E0, FSC Mix 70%, .#ACLPL",Particleboard
"18mm PTB LPL board, 6*8, E0, FSC Mix 70%, .#ACLPL",Particleboard
"18mm PTB LPL board, 6*8, E0, FSC Mix 70%, .#ACLPL",Particleboard
"18mm PTB LPL board, 6*8, E0, FSC Mix 70%, .#ACLPL",Particleboard
"18mm PTB LPL board, 6*8, E0, FSC Mix 70%, .#ACLPL",Particleboard
"18mm PTB LPL board, 6*8, E0, FSC Mix 70%, .#ACLPL",Particleboard
"18mm PTB LPL board, 6*8, E0, FSC Mix 70%, .#ACLPL",Particleboard
"18mm PTB LPL board, 6*8, E0, FSC Mix 70%, .#ACLPL",Particleboard
"18mm PTB LPL board, 6*8, E0, FSC Mix 70%, .#ACLPL",Particleboard
"18mm PTB LPL board, 6*8, E0, FSC100%, .#ACLPL",Particleboard
"18mm PTB LPL board, 6*8, E0, FSC100%, .#ACLPL",Particleboard
"18mm PTB LPL board, 6*8, E0, FSC100%, .#ACLPL",Particleboard
"18mm PTB LPL board, 6*8, E0, FSC100%, .#ACLPL",Particleboard
"18mm PTB LPL board, 6*8, E0, FSC Mix 70%, .#ACLPL",Particleboard
"18mm PTB LPL board, 6*8, E0, FSC Mix 70%, .#ACLPL",Particleboard
"Melaine board,6'x 8',18mm .#ACLPL",Particleboard
"Melaine board,6'x 8',18mm .#ACLPL",Particleboard
"Melaine board,6'x 8',18mm .#ACLPL",Particleboard
"Melaine board,6'x 8',18mm .#ACLPL",Particleboard
"Melaine board,6'x 8',18mm .#ACLPL",Particleboard
"Melaine board,6'x 8',18mm .#ACLPL",Particleboard
"Melaine board,6'x 8',18mm .#ACLPL",Particleboard
"Melaine board,6'x 8',18mm .#ACLPL",Particleboard
"Melaine board,6'x 8',18mm .#ACLPL",Particleboard
"Melaine board,6'x 8',18mm .#ACLPL",Particleboard
"Melaine board,6'x 8',18mm .#ACLPL",Particleboard
"6mm MDF, double white melamine ,4*8, E0, FSC100%",MDFBoard
"9mm PTB, double white melamine ,4*8, E1, FSC100%",Particleboard
"26.4MM, 25T PTB WITH DOUBLE HP 5'*8', E0, FSC, .*ACHPL",Particleboard
"26.4MM, 25T PTB WITH DOUBLE HP 5'*8', E0, FSC, .*ACHPL",Particleboard
"26.4MM, 25T PTB WITH DOUBLE HP 5'*8', E0, FSC, .*ACHPL",Particleboard
"26.4MM, 25T PTB WITH DOUBLE HP 5'*8', E0, FSC, .*ACHPL",Particleboard
"26.4MM, 25T PTB WITH DOUBLE HP5'*8', E0, FSC, .*ACHPL",Particleboard
"26.4MM, 25T PTB WITH DOUBLE HP5'*8', E0, FSC, .*ACHPL",Particleboard
"26.4MM, 25T PTB WITH DOUBLE HP 4'*8', E0, FSC, .*ACHPL",Particleboard
"SCR,Bolt,5/16-18x3.250L, socket HD",Bolt
"SCR,12-M8x60,PH, GB70-85, 8.8, zinc coated",MetricScrew
M6X65mm-Cylindrical screw,MetricScrew
"SCR,6x20mm,Torx,Self Tapping Screw",SelfTapScrew
"Bumper,push-in,rubber,CONF",MiscHardware
"Bumper,stacking,fixed,seminar, Very,.#ACPLS",MiscMechComp
"Bumper,stacking,fixed,seminar, Very,.#ACPLS",MiscMechComp
"BUMPER, VERY WIRE STACKER",SelfTapScrew
"BUMPER, VERY WIRE STACKER",SelfTapScrew
"Frame, Bumper ,.*ACPLS",MiscSeatFramAcc
"Frame, Bumper ,.*ACPLS",MiscSeatFramAcc
"PKG,wire stool,Very,",PseudoPack
"PKG,wire stool,Very,",PseudoPack
"Bushing,inner end,CTRL",Bushings
"Bushing,arm,fliptop,acetron",Bushings
"Bushing,cap,crush,j-tube",Bushings
Right arm cap TR00F,ArmCap
Left arm cap TR00F,ArmCap
"BUSHING, BRONZE, REAR",MiscMechComp
"Bushing, arm to arm, Tablet, .#ACTRM",MiscConnector
"Bushing, arm to arm, Tablet, .#ACTRM",MiscConnector
"Bushing, bronze, bearing",Bushings
"MD,Bag,poly-straight panels 1880Lx1499W",PackingPouchBag
"MD,Bag,poly-straight panels",PackingPouchBag
"MD,Bag,102x203x0.5,LD PE,",PackingPouchBag
"MD,Bag,poly -6x10x3 MIL",PackingPouchBag
"Brkt,suprt,seat,LH, X99 seminar",Bracket
"Brkt,suprt,seat,RH, X99 seminar",Bracket
"Tension holder, bracket, for Zody metal plate",SeatPlate
"FRM for 4&5 star, No arm, MAARI,raw",SeatPlate
"BKT,MOUNTING,SCREEN,FAB",Bracket
"BKT, GANGING, SCREEN, FAB,",Bracket
"BKT, PLATE, COVER, PROJ 561",Bracket
"BKT,CONNECTOR,SCREEN,FAB",Bracket
"HAT mid-span BKT.600,FAB",BeamSupport
"HAT mid-span top plate, .#MMD1  , FAB",BeamSupport
"HAT mid-span top plate, .#MMD1  , FAB",BeamSupport
"HAT mid-span top plate, .#MMD1  , FAB",BeamSupport
"HAT mid-span bottom plate,FAB",BeamSupport
"Cable,MECH flex tension",SeatingControl
"CABLE,MECHANICAL,PNUEMATIC, FERN,EXPORT",SeatingControl
"CABLE,MECHANICAL,SEAT DEPTH, FERN,EXPORT",SeatingControl
"CABLE,MECHANICAL,FORWARD TILT, FERN,EXPORT",SeatingControl
"Cap,Aluminium base",Endcap
"SUB cap,arm,LH .#ACPLS",ArmCap
"SUB cap,arm,LH .#ACPLS",ArmCap
"SUB cap,arm,LH .#ACPLS",ArmCap
"SUB cap,arm,RH .#ACPLS",ArmCap
"SUB cap,arm,RH .#ACPLS",ArmCap
"SUB cap,arm,RH .#ACPLS",ArmCap
"Cap ,top ,extrusion,for easel Polycarbonate",Endcap
"Cap,caster,leg, .#ACPLS",CastorsFurnit
"Cap,caster,leg, .#ACPLS",CastorsFurnit
"Cap,caster,leg, .#ACPLS",CastorsFurnit
"Cap,base,molded,CONF, .#ACPLS",Endcap
"Cap,base,molded,CONF, .#ACPLS",Endcap
"Cap,LH,fixed arm,CONF, .#ACPLS",ArmCap
"Cap,LH,fixed arm,CONF, .#ACPLS",ArmCap
"Cap,RH,fixed arm,CONF, .#ACPLS",ArmCap
"Cap,RH,fixed arm,CONF, .#ACPLS",ArmCap
"Cap,RH,arm,seminar, .#ACPLS",ArmCap
"Cap,RH,arm,seminar, .#ACPLS",ArmCap
"Cap,LH,arm,seminar, .#ACPLS",ArmCap
"Cap,LH,arm,seminar, .#ACPLS",ArmCap
"Cap,RH,arm,Wire stacker, .#ACPLS",ArmCap
"Cap,RH,arm,Wire stacker, .#ACPLS",ArmCap
"Cap,LH,arm,Wire stacker, .#ACPLS",ArmCap
"Cap,LH,arm,Wire stacker, .#ACPLS",ArmCap
"Cap,RH,hard,arm, .#ACPLS",ArmCap
"Cap,RH,hard,arm, .#ACPLS",ArmCap
"Cap,LH,hard,arm, .#ACPLS",ArmCap
"Cap,LH,hard,arm, .#ACPLS",ArmCap
"Cap,arm,fixed,LH,ASSY .#ACPLS",ArmCap
"Cap,arm,fixed,LH,ASSY .#ACPLS",ArmCap
"Cap,arm,fixed,RH,ASSY .#ACPLS",ArmCap
"Cap,arm,fixed,RH,ASSY .#ACPLS",ArmCap
"Cap,arm,4-leg,tablet .#ACPLS",ArmCap
"Cap,arm,4-leg,tablet .#ACPLS",ArmCap
"Cap,lock,footrest",Endcap
"CAP, ARM, FIXED, ASSY, LH, BLACK, PROJ 451",ArmCap
"CAP, ARM, FIXED, ASSY, RH, BLACK, PROJ 451",ArmCap
"CAP, ARM, FIXED, ASSY, LH, FOG, PROJ 451",ArmCap
"CAP, ARM, FIXED, ASSY, RH, FOG, PROJ 451",ArmCap
"CAP, ARM, FIXED, LH,.*ACPLS",ArmCap
"CAP, ARM, FIXED, LH,.*ACPLS",ArmCap
"CAP, ARM, FIXED, RH,.*ACPLS",ArmCap
"CAP, ARM, FIXED, RH,.*ACPLS",ArmCap
"zodyCap,arm,pair , self skin ,.#ACPLS",ArmCap
"zodyCap,arm,pair , self skin  ,.#ACPLS",ArmCap
"Arm cap,ASSY,ADJ,.*ACPLS,  SELF-SKIN,LH",ArmCap
"Arm cap,ASSY,ADJ,.*ACPLS,  SELF-SKIN,LH",ArmCap
"Arm cap,ASSY,ADJ,.*ACPLS,  SELF-SKIN,RH",ArmCap
"Arm cap,ASSY,ADJ,.*ACPLS,  SELF-SKIN,RH",ArmCap
"corner cap, screen, .#ACPLS",Endcap
"corner cap, screen, .#ACPLS",Endcap
"corner cap, screen, .#ACPLS",Endcap
"Caster,X-99,hard",CastorsSeating
"CASTER,60MM,CONF,VERY,HARD",CastorsSeating
"CASTER,60MM,CONF,VERY,SOFT",CastorsSeating
"CASTER,60MM,CONF,VERY,HARD, 2 COLOR",CastorsSeating
"Caster,60mm,hard",CastorsSeating
"Caster,60mm,soft",CastorsSeating
"Caster,60mm,hard,two color",CastorsSeating
"Caster,50mm,hard,Very",CastorsSeating
"Caster,50mm,PROJ 275,soft",CastorsSeating
"Caster,50mm,2color,hard,Very",CastorsSeating
"Caster,50mm,2color,hard, Plaster",CastorsSeating
"Clip,retain,internal",MiscHardware
"Clip,RTNG,front,MECH,seat",SeatShell
"Clip,ganging,wire,stacker",MiscConnector
"Damper clip,LH,AL flip top,SC",MiscHardware
"Damper clip,RH,AL flip top,SC",MiscHardware
"CLIP,BARREL ASSY,8MM,FERN, EXPORT",MiscFasteners
"S-CLIP,TINNERMAN",Clamps
"Headrest,Very task, .#ACPLS",HeadRest
"Headrest,Very task, .#ACPLS",HeadRest
"MD,Draw STR-fing",Yarn
"Collar,split,footrest,LH",ShaftCollar
"Collar,split,footrest,RH",ShaftCollar
"CLMN,4H,27STD,PLCASSY,FAB",Column
"Connect, planes training table ,FAB",LegConnector
"Control body bottom plate, NA/AP,A=110.6D",MiscMechComp
"Control,CONFchair,FAB",MechCover
"Control,CONFchair,polished",MechCover
"CNTRL,BS2/FT,VRY,RET ,.*ACPLS",MechAssy
"CNTRL,BS2/FT,VRY,RET ,.*ACPLS",MechAssy
"CONTROL,MECH,ASSY,STD, TRTF,TRF, PROJ 451",MechAssy
"CONTROL,MECH,ASSY,STD, TRTF,TR7, PROJ 451",MechAssy
"CONTROL,MECH,ASSY,STD, TRLE,TRF, PROJ 451",MechAssy
"CONTROL,MECH,ASSY,STD, TRLE,TR7, PROJ 451",MechAssy
"CONTROL,MECH,ASSY,STD, PMP,TRF, PROJ 451",MechAssy
"CONTROL,MECH,ASSY,STD, PMP,TR7, PROJ 451",MechAssy
"CONTROL,MECH,ASSY,BACK STOP, TRTF,TRF, PROJ 451",MechAssy
"CONTROL,MECH,ASSY,BACK STOP, TRTF,TR7, PROJ 451",MechAssy
"CONTROL,MECH,ASSY,BACK STOP, TRLE,TRF, PROJ 451",MechAssy
"CONTROL,MECH,ASSY,BACK STOP, TRLE,TR7, PROJ 451",MechAssy
"CONTROL,MECH,ASSY,BACK STOP, PMP,TRF, PROJ 451",MechAssy
"CONTROL,MECH,ASSY,BACK STOP, PMP,TR7, PROJ 451",MechAssy
"ez65 2.0 control body, change tile angle.",MechAssy
"ez65 2.0 control body, change tile angle.",MechAssy
"Lever, Back lock",MiscMechComp
"Lever, Back lock",MiscMechComp
"Lever, Pneumatic activation",MiscMechComp
"Lever, Pneumatic activation",MiscMechComp
Control Body,MechAssy
Control Body,MechAssy
Control body,MechAssy
"ASSY,MECH,(Mechanism), FIXED SEAT",MechAssy
"ASSY,MECH,(Mechanism), Full function",MechAssy
"Cord,UM,PWR,desk, .#ACPLS",CableChain
"Cord,UM,PWR,desk, .#ACPLS",CableChain
"CAP, ARM, ASM, LH, PROJ 660",ArmCap
"CAP, ARM, ASM, LH, PROJ 660",ArmCap
"CAP, ARM, ASM, RH, PROJ 660",ArmCap
"CAP, ARM, ASM, RH, PROJ 660",ArmCap
"Cylinder,pneumatic,2,tube",GasSpring
"Cylinder,PNEU,ASSY,kit",GasSpring
"Cylinder,ASSY,pneumatic, stool",BaseTube
"Cylinder,pneumatic,ASSY, without housing",GasSpring
"Housing, stool high cylinder",BaseTube
"Cylinder,PNEU ASSY,w/CAN",GasSpringUnit
"CYLINDER, 4 STAR, POPPY CHAIR",GasSpring
"CYLINDER, 5 STAR, POPPY CHAIR",GasSpring
"CYLINDER, 5 STAR, POPPY CHAIR",GasSpring
"CYLINDER, WOOD DOWEL BASE, POPPY CHAIR",GasSpring
"CYLINDER,SIDE ACTIVATION, WITH CAN",GasSpring
"Cylinder, gas, table,training table",CylinderLock
"Ball stud,TBL,flip top",MetricScrew
"CYLINDER, 4 STAR, PROJ 530",GasSpring
"CYLINDER,5STAR,PROJ530,TR00F",GasSpring
"CYLINDER,5STAR,PROJ530,TRPLS",GasSpring
"Cylinder ASSY kit Frosted , .#ACTRM",GasSpring
"Cylinder ASSY kit Frosted , .#ACTRM",GasSpring
"Cylinder, assembled, for Soji plastic base",GasSpring
"Cylinder, assembled, for Soji aluminum base option",GasSpring
"CYLINDER, PNEUMATIC, ASSY HIGHER LENGTH, DUAL POSTURE",GasSpring
"CYLINDER, POPPY TABLET, BLACK .*ACTRM",GasSpring
"CYLINDER, POPPY TABLET, WHITE .*ACTRM",GasSpring
"STOOL CYLINDER, , .#ACTRM",GasSpring
"STOOL CYLINDER, , .#ACTRM",GasSpring
"Cover,tension cable,Zody",SeatingControl
"CTRL,cover,upper .#ACPLS",MechCover
"CTRL,cover,upper .#ACPLS",MechCover
"CTRL,cover,upper .#ACPLS",MechCover
"CTRL,cover,upper .#ACPLS",MechCover
"CTRL,cover,lower .#ACPLS",MechCover
"CTRL,cover,lower .#ACPLS",MechCover
"CTRL,cover,lower .#ACPLS",MechCover
"CTRL,cover,lower .#ACPLS",MechCover
"Cover,NON sliding,seat lever .#ACPLS",SeatingControl
"Cover,NON sliding,seat lever .#ACPLS",SeatingControl
"Cover,RH,tilt mechanism, .#ACPLS",ArmCover
"Cover,RH,tilt mechanism, .#ACPLS",ArmCover
"Cover,LH,tilt mechanism, .#ACPLS",ArmCover
"Cover,LH,tilt mechanism, .#ACPLS",ArmCover
"Cover,underside frame, Polypro,.#ACPLS",SeatPlate
"Cover,underside frame, Polypro,.#ACPLS",SeatPlate
"Cover,control  housing, Very CONF",MechCover
"COVER,RH, POLYPRO SHELL TR007 FOG",MiscConnector
"COVER,RH, POLYPRO SHELL TR00F BLACK",MiscConnector
"COVER,RH, POLYPRO SHELL TR0FA TOMATO",MiscConnector
"COVER,RH, POLYPRO SHELL TR0FC EMBER",MiscConnector
"COVER,RH, POLYPRO SHELL TR0FE GRASS",MiscConnector
"COVER,RH, POLYPRO SHELL TR0FJ SLATE",MiscConnector
"COVER,RH, POLYPRO SHELL TR0FK COCOA",MiscConnector
"COVER,RH, POLYPRO SHELL TR0FM SNOW",MiscConnector
"COVER,RH, POLYPRO SHELL .#ACPLS",MiscConnector
"COVER,RH, POLYPRO SHELL .#ACPLS",MiscConnector
"COVER,LH, POLYPRO SHELL TR007 FOG",MiscConnector
"COVER,LH, POLYPRO SHELL TR00F BLACK",MiscConnector
"COVER,LH, POLYPRO SHELL TR0FA TOMATO",MiscConnector
"COVER,LH, POLYPRO SHELL TR0FC EMBER",MiscConnector
"COVER,LH, POLYPRO SHELL TR0FE GRASS",MiscConnector
"COVER,LH, POLYPRO SHELL TR0FJ SLATE",MiscConnector
"COVER,LH, POLYPRO SHELL TR0FK COCOA",MiscConnector
"COVER,LH, POLYPRO SHELL TR0FM SNOW",MiscConnector
"COVER,LH, POLYPRO SHELL .#ACPLS",MiscConnector
"COVER,LH, POLYPRO SHELL .#ACPLS",MiscConnector
"Cover, plastic,gray",MiscHardware
"COVER,OUTER ST,PNEU ONLY PROJ451,TRF,EXP",SeatPlate
"COVER,OUTER ST,PNEU ONLY PROJ451,TR7,EXP",SeatPlate
"CVR,OUTR ST,PNEU ONLY PROJ451,TRUFM,EXP",SeatPlate
"COVER,OUTER ST,PNEU,DPT PROJ451,TRF,EXP",SeatPlate
"COVER,OUTER ST,PNEU,DPT PROJ451,TR7,EXP",SeatPlate
"CVR,OUTR ST,PNEU,DPT PROJ451,TRUFM,EXP",SeatPlate
"CVR,OUTER ST,PNEU,DPT,FT PROJ451,TRF,EXP",SeatPlate
"COVER,OUTER ST,PNEU,DPT,,FT PROJ451,TR7,EXP",SeatPlate
"CVR,OUTER ST,PNEU,DPT,FT PROJ451,TRUFM,EXP",SeatPlate
"CVR,OUTER ST,PNEU,FT PROJ451,TRF,EXP",SeatPlate
"CVR,OUTER ST,PNEU,FT PROJ451,TR7,EXP",SeatPlate
"CVR,OUTER ST,PNEU,FT PROJ451,TRUFM,EXP",SeatPlate
"COVER,MECHANICAL,OVERMOLD, FERN,BLACK,EXPORT",SeatPlate
"COVER,MECHANICAL,OVERMOLD, FERN,FOG,EXPORT",SeatPlate
"COVER,MECHANICAL,OVERMOLD, FERN,SNOW,EXPORT",SeatPlate
"COVER,MECHANICAL,REAR,CAP, FERN,BLACK,EXPORT",SeatPlate
"COVER,MECHANICAL,REAR,CAP, FERN,FOG,EXPORT",SeatPlate
"COVER,MECHANICAL,REAR,CAP, FERN,SNOW,EXPORT",SeatPlate
"COVER,MECHANICAL,REAR,FERN, BLACK,EXPORT",SeatPlate
"COVER,MECHANICAL,REAR,FERN, FOG,EXPORT",SeatPlate
"COVER,MECHANICAL,REAR,FERN, SNOW,EXPORT",SeatPlate
"COVER, 'CLOSEOUT', WITHOUT CUTOUT, POPPY CHAIR",SeatPlate
"COVER, 'CLOSEOUT', WITHOUT CUTOUT, POPPY CHAIR",SeatPlate
"COVER, 'CLOSEOUT', WITH CUTOUT, POPPY CHAIR",SeatPlate
"COVER, 'CLOSEOUT', WITH CUTOUT, POPPY CHAIR",SeatPlate
"COVER, CYLINDER, 219MM, RAW MATERIAL",MiscConnector
"COVER,WS/STOOL,PROJ 530, .*ACPLS",SeatPlate
"COVER,WS/STOOL,PROJ 530, .*ACPLS",SeatPlate
"COVER,WS/STOOL,PROJ 530, .*ACPLS",SeatPlate
"COVER,WS/STOOL,PROJ 530, .*ACPLS",SeatPlate
"COVER,WS/STOOL,PROJ 530, .*ACPLS",SeatPlate
"COVER,CROSSBAR,.*ACPLS,PROJ545",MiscLumbPelvCom
"COVER,CROSSBAR,.*ACPLS,PROJ545",MiscLumbPelvCom
"COVER,CROSSBAR,.*ACPLS,PROJ545",MiscLumbPelvCom
"COVER,HEADREST,SUPPORT",MiscHeadrestCom
"COVER,HEADREST,SUPPORT",MiscHeadrestCom
"COVER,HEADREST,SUPPORT",MiscHeadrestCom
"COVER,4LEG,PROJ530,.*ACPLS",SeatPlate
"COVER,4LEG,PROJ530,.*ACPLS",SeatPlate
"COVER,4LEG,PROJ530,.*ACPLS",SeatPlate
"COVER,4LEG,PROJ530,.*ACPLS",SeatPlate
"COVER,4LEG,PROJ530,.*ACPLS",SeatPlate
"Back cover,Logo,IC .#ACPLS",BackrestFrame
"Front cover, IC .#ACPLS",BackrestFrame
"Cover mechanism Flip move ,.*ACPLS",MechCover
"Cover mechanism Flip move ,.*ACPLS",MechCover
"Cover mechanism ,.*ACPLS",MechCover
"Cover mechanism ,.*ACPLS",MechCover
"Fab cover,for desk scrn,rail 420x .#MMW W",Fabric
"Fab cover,for desk scrn,rail 420x .#MMW W",Fabric
"Fab cover,for desk scrn,rail 420x .#MMW W",Fabric
"Fab cover,for desk scrn,rail 420x .#MMW W",Fabric
"Fab cover,for desk scrn,rail 420x .#MMW W",Fabric
"Fab cover,for desk scrn,rail 420x .#MMW W",Fabric
"Fab cover,for desk scrn,rail 420x .#MMW W",Fabric
"Fab cover,for desk scrn,rail 420x .#MMW W",Fabric
"Fab cover,for desk scrn,rail 420x .#MMW W",Fabric
"Fab cover,for desk scrn,WT 420x .#MMW W",Fabric
"Fab cover,for desk scrn,WT 420x .#MMW W",Fabric
"Fab cover,for desk scrn,WT 420x .#MMW W",Fabric
"Fab cover,for desk scrn,WT 420x .#MMW W",Fabric
"Fab cover,for hung scrn,WT 850x .#MMW W",Fabric
"Fab cover,for hung scrn,WT 850x .#MMW W",Fabric
"Fab cover,for hung scrn,WT 850x .#MMW W",Fabric
"Fab cover,for hung scrn,WT 850x .#MMW W",Fabric
"Fab cover,for hung scrn,WT 850x .#MMW W",Fabric
"Fab cover,for hung scrn,WT 850x .#MMW W",Fabric
"Fab cover,for hung scrn,WT 850x .#MMW W",Fabric
"Fab cover,for hung scrn,End bkt, 850x ,#MMW W",Fabric
"Fab cover,for hung scrn,End bkt, 850x ,#MMW W",Fabric
"Fab cover,for hung scrn,End bkt, 850x ,#MMW W",Fabric
"Fab cover,for hung scrn,End bkt, 850x ,#MMW W",Fabric
"Fab cover,for hung scrn,End bkt, 850x ,#MMW W",Fabric
"Fab cover,for hung scrn,End bkt, 850x ,#MMW W",Fabric
"Fab cover,for hung scrn,End bkt, 850x ,#MMW W",Fabric
"Secure cover , .#ACPLS",BackSupport
"Secure cover , .#ACPLS",BackSupport
"Secure cover , .#ACPLS",BackSupport
"U slot clip for mesh tighten , .#ACPLS",MiscMechComp
"U slot clip for mesh tighten , .#ACPLS",MiscMechComp
"U slot clip for mesh tighten , .#ACPLS",MiscMechComp
"Adaptor side LH/RH cover of me , .#ACPLS",BackSupport
"Adaptor side LH/RH cover of mech , .#ACPLS",BackSupport
"Adaptor side LH/RH cover of mech , .#ACPLS",BackSupport
"Bottom cover of back frame , .#ACPLS",BackSupport
"Bottom cover of back frame , .#ACPLS",BackSupport
"Bottom cover of back frame , .#ACPLS",BackSupport
"COVER,SEAT .#ACPLS, DAYTONA",SeatShell
"COVER,SEAT .#ACPLS, DAYTONA",SeatShell
"COVER,SEAT .#ACPLS, DAYTONA",SeatShell
"BACK,SUSPENSION MESH,FERN, BLACK,EXPORT",BackrestFrame
"BACK,SUSPENSION MESH,FERN, FOG,EXPORT",BackrestFrame
"BACK,SUSPENSION MESH,FERN, Snow,EXPORT",BackrestFrame
Aloha Easy ref back kit,BackrestFrame
ez65 ref back kit,BackrestFrame
"BACK,FRAME,FERN,BLACK,EXPORT",BackrestFrame
"BACK,FRAME,FERN,FOG,EXPORT",BackrestFrame
"BACK,FRAME,FERN,Snow,EXPORT",BackrestFrame
"ez65 guest back,ref TR007, without logo",BackrestFrame
"ez65 guest back,ref TR00F, without logo",BackrestFrame
"New BACK,FRAME , .#ACPLS",BackrestFrame
"New BACK,FRAME , .#ACPLS",BackrestFrame
"New BACK,FRAME , .#ACPLS",BackrestFrame
"BACK,BEZEL, FOR WITH LUMBAR.#ACPLS",MiscConnector
"BACK,BEZEL, FOR WITH LUMBAR.#ACPLS",MiscConnector
"BACK,BEZEL, FOR WITHOUT LUMBAR.#ACPLS",MiscConnector
"BACK,BEZEL, FOR WITHOUT LUMBAR.#ACPLS",MiscConnector
"BACK, SUPPORT, Y-BRACE, .#ACPLS",BackSupport
"BACK, SUPPORT, Y-BRACE, .#ACPLS",BackSupport
"BACK, SUPPORT, Y-BRACE, .#ACPLS",BackSupport
"BACK, CARRIER, UPH",BackrestFrame
"BACK, SHELL, UPH .#ACPLS",BackrestFrame
"Epure Al leg,fixed,FAB",Tableleg
"Epure wing screw, plastic",MetricScrew
Epure foot glide,GlideFurniture
Epure ajustable leg extruded,Tableleg
"Epure support guide, up .#ACCVR",LegConnector
"Epure support guide, up .#ACCVR",LegConnector
"Epure support guide, up .#ACCVR",LegConnector
Epure up lock support,LegConnector
Epure lock finger,LegConnector
"Epure thumb wheel, .#ACCVR",LegConnector
"Epure thumb wheel, .#ACCVR",LegConnector
"Epure thumb wheel, .#ACCVR",LegConnector
Epure down guide,LegConnector
Epure glide support .#ACCVR,LegConnector
Epure glide support .#ACCVR,LegConnector
Epure glide support .#ACCVR,LegConnector
"EXTRN,connector,side, Plastic,sled/SEM",MiscConnector
"EXTRN,connector,bottom, Plastic,cut",MiscConnector
"Extrn,connector,bottom, Plastic,seminar seat",Hooks
"Extrusion,UPH back,leather",MiscChairFrame
"Extrusion,UPH back,fabric",MiscChairFrame
"Beam,planes table,polygon .#MML  ,FAB",Beam
"Beam,planes table,polygon .#MML  ,FAB",Beam
"Beam,planes table,rectangle .#MML  ,FAB",Beam
"Beam,planes table,rectangle .#MML  ,FAB",Beam
"Beam,planes table,rectangle .#MML  ,FAB",Beam
"Beam,planes table,half-round .#MML  ,FAB",Beam
"Beam,planes table,crescent .#MML  ,FAB",Beam
"Extrusion vertical rail, right ,aluminum, 346mm,FAB",Column
"Extrusion vertical rail, left ,aluminum, 346mm,FAB",Column
"Extrusion VER rail,RH,alum, 338mm,FAB",Column
"Extrusion VER rail,LH,alum, 338mm,FAB",Column
"EXTRUSION,FBRC,RETAINER,FERN, EXPORT",RetainHardware
"Cover for cylinder, FAB",MiscMechComp
"FABRIC,CHAIR,TELLURE 3A BACKED",Fabric
"FABRIC,CHAIR,TELLURE 3A BACKED",Fabric
"FABRIC,CHAIR,TELLURE 3A BACKED",Fabric
"FABRIC, GRADE A .#ACFAB",Fabric
"FABRIC,CHAIR,TELLURE 3A BACKED",Fabric
"FABRIC, GRADE A .#ACFAB",Fabric
"FABRIC,CHAIR,TELLURE 3A BACKED",Fabric
"FABRIC,CHAIR,TELLURE 3A BACKED",Fabric
"FABRIC,CHAIR,TELLURE 3A BACKED",Fabric
"FABRIC,CHAIR,TELLURE 3A BACKED",Fabric
"FABRIC, GRADE A .#ACFAB",Fabric
"FABRIC, GRADE A .#ACFAB",Fabric
"FABRIC, GRADE A .#ACFAB",Fabric
"FABRIC, GRADE A .#ACFAB",Fabric
"FABRIC, GRADE A .#ACFAB",Fabric
"FABRIC, GRADE A .#ACFAB",Fabric
"FABRIC,CHAIR,TELLURE 3A BACKED",Fabric
"FABRIC,CHAIR,TELLURE 3A BACKED",Fabric
"FABRIC,CHAIR,TELLURE 3A BACKED",Fabric
"FABRIC,CHAIR,TELLURE 3A BACKED",Fabric
"FABRIC, GRADE A .#ACFAB",Fabric
"FABRIC,CHAIR,TELLURE 3A BACKED",Fabric
"FABRIC, GRADE A .#ACFAB",Fabric
"FABRIC, GRADE A .#ACFAB",Fabric
"FABRIC, GRADE A .#ACFAB",Fabric
"FABRIC, GRADE A .#ACFAB",Fabric
"FABRIC, GRADE A .#ACFAB",Fabric
"FABRIC, GRADE A .#ACFAB",Fabric
"FABRIC, GRADE A .#ACFAB",Fabric
"FABRIC, GRADE A .#ACFAB",Fabric
"FABRIC, GRADE A .#ACFAB",Fabric
"FABRIC, GRADE A .#ACFAB",Fabric
"FABRIC, GRADE A .#ACFAB",Fabric
"FABRIC, GRADE A .#ACFAB",Fabric
"FABRIC, GRADE A .#ACFAB",Fabric
"FABRIC, GRADE A .#ACFAB",Fabric
"FABRIC, GRADE A .#ACFAB",Fabric
"FABRIC, GRADE A .#ACFAB",Fabric
"FABRIC, GRADE A .#ACFAB",Fabric
"FABRIC, GRADE A .#ACFAB",Fabric
"Fabric,slipease,roll",Fabric
LUCIA FABRIC W/BACKING 66 INCH - CHINA ONLY,Fabric
LUCIA FABRIC W/BACKING 66 INCH - CHINA ONLY,Fabric
"FABRIC, GRADE A;AP ONLY .#ACFAB",Fabric
LUCIA FABRIC W/BACKING 66 INCH - CHINA ONLY,Fabric
LUCIA FABRIC W/BACKING 66 INCH - CHINA ONLY,Fabric
LUCIA FABRIC W/BACKING 66 INCH - CHINA ONLY,Fabric
LUCIA FABRIC W/BACKING 66 INCH - CHINA ONLY,Fabric
LUCIA FABRIC W/BACKING 66 INCH - CHINA ONLY,Fabric
LUCIA FABRIC W/BACKING 66 INCH - CHINA ONLY,Fabric
"FABRIC, GRADE A;AP ONLY .#ACFAB",Fabric
"FABRIC, GRADE A;AP ONLY .#ACFAB",Fabric
"FABRIC, GRADE A;AP ONLY .#ACFAB",Fabric
"FABRIC, GRADE A;AP ONLY .#ACFAB",Fabric
"FABRIC, GRADE A;AP ONLY .#ACFAB",Fabric
"FABRIC, GRADE A;AP ONLY .#ACFAB",Fabric
"FABRIC, GRADE A;AP ONLY .#ACFAB",Fabric
"FABRIC, GRADE A;AP ONLY .#ACFAB",Fabric
"FABRIC, GRADE A;AP ONLY .#ACFAB",Fabric
"FABRIC, GRADE A;AP ONLY .#ACFAB",Fabric
"FABRIC, GRADE A;AP ONLY .#ACFAB",Fabric
"FABRIC, GRADE A;AP ONLY .#ACFAB",Fabric
"FABRIC, GRADE A;AP ONLY .#ACFAB",Fabric
"FABRIC, GRADE A;AP ONLY .#ACFAB",Fabric
"FABRIC, GRADE A;AP ONLY .#ACFAB",Fabric
"FABRIC, GRADE A;AP ONLY .#ACFAB",Fabric
"FBRC,DIR,mesh,roll,58.0 W",Fabric
"FBRC,DIR,mesh,roll,58.0 W",Fabric
"FBRC,DIR,mesh,roll,58.0 W",Fabric
"FBRC,DIR,mesh,roll,58.0 W",Fabric
"FBRC,DIR,mesh,roll,58.0 W",Fabric
"FBRC,DIR,mesh,roll,58.0 W",Fabric
"FABRIC, GRADE A .#ACFAB",Fabric
"FABRIC, GRADE A .#ACFAB",Fabric
"FABRIC, GRADE A .#ACFAB",Fabric
"FABRIC, GRADE A .#ACFAB",Fabric
"FABRIC, GRADE A .#ACFAB",Fabric
"FABRIC, GRADE A .#ACFAB",Fabric
"FABRIC, GRADE A .#ACFAB",Fabric
"FABRIC, GRADE A .#ACFAB",Fabric
"FABRIC, GRADE A .#ACFAB",Fabric
"FABRIC, GRADE A .#ACFAB",Fabric
"FABRIC, GRADE A .#ACFAB",Fabric
"FABRIC, GRADE A .#ACFAB",Fabric
"FABRIC, GRADE A .#ACFAB",Fabric
"FABRIC, GRADE A .#ACFAB",Fabric
"FABRIC, GRADE A .#ACFAB",Fabric
"FABRIC, GRADE A .#ACFAB",Fabric
"FABRIC, GRADE A .#ACFAB",Fabric
"FABRIC, GRADE A .#ACFAB",Fabric
"FABRIC, GRADE A .#ACFAB",Fabric
"FABRIC, GRADE A .#ACFAB",Fabric
"FABRIC, GRADE A .#ACFAB",Fabric
"FABRIC, GRADE D;AP ONLY .#ACFAB",Fabric
"FABRIC, GRADE D;AP ONLY .#ACFAB",Fabric
"FABRIC, GRADE D;AP ONLY .#ACFAB",Fabric
"FABRIC, GRADE D;AP ONLY .#ACFAB",Fabric
"FABRIC, GRADE D;AP ONLY .#ACFAB",Fabric
"FABRIC, GRADE D;AP ONLY .#ACFAB",Fabric
"FABRIC, GRADE D;AP ONLY .#ACFAB",Fabric
"FABRIC, GRADE D;AP ONLY .#ACFAB",Fabric
"FABRIC, GRADE D;AP ONLY .#ACFAB",Fabric
"FABRIC, GRADE D;AP ONLY .#ACFAB",Fabric
"FABRIC, GRADE D;AP ONLY .#ACFAB",Fabric
"FABRIC, GRADE D;AP ONLY .#ACFAB",Fabric
"FABRIC, GRADE D;AP ONLY .#ACFAB",Fabric
"FABRIC, GRADE D;AP ONLY .#ACFAB",Fabric
"FABRIC, GRADE D;AP ONLY .#ACFAB",Fabric
"FABRIC, GRADE D;AP ONLY .#ACFAB",Fabric
"FABRIC, GRADE D;AP ONLY .#ACFAB",Fabric
"FABRIC, GRADE D;AP ONLY .#ACFAB",Fabric
"FABRIC, GRADE D;AP ONLY .#ACFAB",Fabric
"FABRIC, GRADE D;AP ONLY .#ACFAB",Fabric
"FABRIC, GRADE D;AP ONLY .#ACFAB",Fabric
"FABRIC, GRADE D;AP ONLY .#ACFAB",Fabric
"FABRIC, GRADE D;AP ONLY .#ACFAB",Fabric
"FABRIC, GRADE A;AP ONLY .#ACFAB",Fabric
"FABRIC, GRADE A;AP ONLY .#ACFAB",Fabric
"FABRIC, GRADE A;AP ONLY .#ACFAB",Fabric
"FABRIC, GRADE A;AP ONLY .#ACFAB",Fabric
"FABRIC, GRADE A;AP ONLY .#ACFAB",Fabric
"FABRIC, GRADE A;AP ONLY .#ACFAB",Fabric
"FABRIC, GRADE A;AP ONLY .#ACFAB",Fabric
"FABRIC, GRADE A;AP ONLY .#ACFAB",Fabric
"FABRIC, GRADE A;AP ONLY .#ACFAB",Fabric
"FABRIC, GRADE A;AP ONLY .#ACFAB",Fabric
"FABRIC, GRADE A;AP ONLY .#ACFAB",Fabric
"FABRIC, GRADE A;AP ONLY .#ACFAB",Fabric
"FABRIC, GRADE A;AP ONLY .#ACFAB",Fabric
"FABRIC, GRADE A;AP ONLY .#ACFAB",Fabric
"FABRIC, GRADE A;NANO .#ACFAB",Fabric
"FABRIC, GRADE A;NANO .#ACFAB",Fabric
"FABRIC, GRADE A;NANO .#ACFAB",Fabric
"FABRIC, GRADE A;NANO .#ACFAB",Fabric
"FABRIC, GRADE A;NANO .#ACFAB",Fabric
"FABRIC, GRADE A;NANO .#ACFAB",Fabric
"FABRIC, GRADE A;NANO .#ACFAB",Fabric
"FABRIC, GRADE A;NANO .#ACFAB",Fabric
"FABRIC, GRADE A;NANO .#ACFAB",Fabric
"FABRIC, GRADE A;NANO .#ACFAB",Fabric
"FABRIC, GRADE A;NANO .#ACFAB",Fabric
"FABRIC, GRADE A;NANO .#ACFAB",Fabric
"FABRIC, GRADE A;NANO .#ACFAB",Fabric
"FABRIC, GRADE A;NANO .#ACFAB",Fabric
"FABRIC, GRADE A;NANO .#ACFAB",Fabric
"FABRIC, GRADE A;NANO .#ACFAB",Fabric
"FABRIC, GRADE A;NANO .#ACFAB",Fabric
"FABRIC, GRADE A;NANO .#ACFAB",Fabric
"FABRIC, GRADE A;NANO .#ACFAB",Fabric
"FABRIC, GRADE A;NANO .#ACFAB",Fabric
"FABRIC, GRADE A;NANO .#ACFAB",Fabric
"FABRIC, GRADE A;NANO .#ACFAB",Fabric
"FABRIC, GRADE A;NANO .#ACFAB",Fabric
"FABRIC, GRADE A;NANO .#ACFAB",Fabric
"FABRIC, GRADE A;NANO .#ACFAB",Fabric
"FABRIC, GRADE A;NANO .#ACFAB",Fabric
"FABRIC, GRADE A;NANO .#ACFAB",Fabric
"FABRIC, GRADE A;NANO .#ACFAB",Fabric
"FABRIC, GRADE A;NANO .#ACFAB",Fabric
"FABRIC, GRADE A;NANO .#ACFAB",Fabric
"FABRIC, GRADE A;NANO .#ACFAB",Fabric
"FABRIC, GRADE A;NANO .#ACFAB",Fabric
"FABRIC, GRADE A;NANO .#ACFAB",Fabric
"FABRIC, GRADE A;NANO .#ACFAB",Fabric
"FABRIC, GRADE A;NANO .#ACFAB",Fabric
"FABRIC, GRADE A;NANO .#ACFAB",Fabric
"FABRIC, GRADE A;NANO .#ACFAB",Fabric
"FABRIC, GRADE A;NANO .#ACFAB",Fabric
"FABRIC, GRADE A;NANO .#ACFAB",Fabric
"FABRIC, GRADE A;NANO .#ACFAB",Fabric
"FABRIC, GRADE A;NANO .#ACFAB",Fabric
"FABRIC, GRADE A;NANO .#ACFAB",Fabric
"FABRIC, GRADE A;AP ONLY .#ACFAB",Fabric
"FABRIC, GRADE A;AP ONLY .#ACFAB",Fabric
"FABRIC, GRADE A;AP ONLY .#ACFAB",Fabric
"FABRIC, GRADE A;AP ONLY .#ACFAB",Fabric
"FABRIC, GRADE A;AP ONLY .#ACFAB",Fabric
"FABRIC, GRADE A;AP ONLY .#ACFAB",Fabric
"FABRIC, GRADE A;AP ONLY .#ACFAB",Fabric
"FABRIC, GRADE A;AP ONLY .#ACFAB",Fabric
"FABRIC, GRADE A;AP ONLY .#ACFAB",Fabric
"FABRIC, GRADE A;AP ONLY .#ACFAB",Fabric
"FABRIC, GRADE A;AP ONLY .#ACFAB",Fabric
"FABRIC, GRADE A;AP ONLY .#ACFAB",Fabric
"FABRIC, GRADE A;AP ONLY .#ACFAB",Fabric
"FABRIC, GRADE A;AP ONLY .#ACFAB",Fabric
"FABRIC, GRADE A;AP ONLY .#ACFAB",Fabric
"FABRIC, GRADE A;AP ONLY .#ACFAB",Fabric
"FABRIC, GRADE A;AP ONLY .#ACFAB",Fabric
"FABRIC, GRADE A;AP ONLY .#ACFAB",Fabric
"FABRIC, GRADE A;AP ONLY .#ACFAB",Fabric
"FABRIC, GRADE A;AP ONLY .#ACFAB",Fabric
"FABRIC, GRADE A;AP ONLY .#ACFAB",Fabric
"FABRIC, GRADE A;AP ONLY .#ACFAB",Fabric
"FABRIC, GRADE A;AP ONLY .#ACFAB",Fabric
"VINYL, GRADE A .#ACFAB",FauxLeather
"VINYL, GRADE A .#ACFAB",FauxLeather
"VINYL, GRADE A .#ACFAB",FauxLeather
"VINYL, GRADE A .#ACFAB",FauxLeather
"VINYL, GRADE A .#ACFAB",FauxLeather
"VINYL, GRADE A .#ACFAB",FauxLeather
"VINYL, GRADE A .#ACFAB",FauxLeather
"VINYL, GRADE A .#ACFAB",FauxLeather
"VINYL, GRADE A .#ACFAB",FauxLeather
"VINYL, GRADE A .#ACFAB",FauxLeather
"FABRIC, GRADE A;AP ONLY .#ACFAB",Fabric
"FABRIC, GRADE A;AP ONLY .#ACFAB",Fabric
"FABRIC, GRADE A;AP ONLY .#ACFAB",Fabric
"FABRIC, GRADE A;AP ONLY .#ACFAB",Fabric
"FABRIC, GRADE A;AP ONLY .#ACFAB",Fabric
"FABRIC, GRADE A;AP ONLY .#ACFAB",Fabric
"FABRIC, GRADE A;AP ONLY .#ACFAB",Fabric
"FABRIC, GRADE A;AP ONLY .#ACFAB",Fabric
"FABRIC, GRADE A;AP ONLY .#ACFAB",Fabric
"FABRIC, GRADE A;AP ONLY .#ACFAB",Fabric
"FABRIC, GRADE A;AP ONLY .#ACFAB",Fabric
"FABRIC, GRADE A;AP ONLY .#ACFAB",Fabric
"PM,Non-woven fabric bag,1100, *1200mm",PackingPouchBag
"PM,Bag,non-woven fabric 600x1000mm",PackingPouchBag
"PM,Bag,non-woven fabric 1100x800mm",PackingPouchBag
"FABRIC, GRADE A;AP ONLY .#ACFAB",Fabric
"FABRIC, GRADE A;AP ONLY .#ACFAB",Fabric
"FABRIC, GRADE A;AP ONLY .#ACFAB",Fabric
"FABRIC, GRADE A;AP ONLY .#ACFAB",Fabric
"FABRIC, GRADE A;AP ONLY .#ACFAB",Fabric
"FABRIC, GRADE A;AP ONLY .#ACFAB",Fabric
"FABRIC, GRADE A;AP ONLY .#ACFAB",Fabric
"FABRIC, GRADE A;AP ONLY .#ACFAB",Fabric
"FABRIC, GRADE A AP ONLY .#ACFAB",Fabric
"FABRIC, GRADE A AP ONLY .#ACFAB",Fabric
"FABRIC, GRADE A;AP ONLY .#ACFAB",Fabric
"FABRIC, GRADE A;AP ONLY .#ACFAB",Fabric
"FABRIC, GRADE A;AP ONLY .#ACFAB",Fabric
"FABRIC, GRADE A;AP ONLY .#ACFAB",Fabric
"FABRIC, GRADE A AP ONLY .#ACFAB",Fabric
"FABRIC, GRADE A AP ONLY .#ACFAB",Fabric
"FABRIC, GRADE A;AP ONLY .#ACFAB",Fabric
"FABRIC, GRADE A AP ONLY .#ACFAB",Fabric
"FABRIC, GRADE A;AP ONLY .#ACFAB",Fabric
"FABRIC, GRADE A;AP ONLY .#ACFAB",Fabric
"FABRIC, GRADE A;AP ONLY .#ACFAB",Fabric
"FABRIC, GRADE A;AP ONLY .#ACFAB",Fabric
"FABRIC, GRADE A;AP ONLY .#ACFAB",Fabric
"FABRIC, GRADE A;AP ONLY .#ACFAB",Fabric
"FABRIC, GRADE A;AP ONLY .#ACFAB",Fabric
"FABRIC, GRADE A;AP ONLY .#ACFAB",Fabric
"FABRIC, GRADE A;AP ONLY .#ACFAB",Fabric
"FABRIC, GRADE A;AP ONLY .#ACFAB",Fabric
"FABRIC, GRADE A;AP ONLY .#ACFAB",Fabric
"FABRIC, GRADE A;AP ONLY .#ACFAB",Fabric
"FABRIC, GRADE A;AP ONLY .#ACFAB",Fabric
"FABRIC, GRADE A;AP ONLY .#ACFAB",Fabric
"FABRIC, GRADE A;AP ONLY .#ACFAB",Fabric
"FABRIC, GRADE A;AP ONLY .#ACFAB",Fabric
"FABRIC, GRADE A;AP ONLY .#ACFAB",Fabric
"FABRIC, GRADE A;AP ONLY .#ACFAB",Fabric
"FABRIC, GRADE A;AP ONLY .#ACFAB",Fabric
"FABRIC, GRADE A;AP ONLY .#ACFAB",Fabric
"FABRIC, GRADE A;AP ONLY .#ACFAB",Fabric
"FABRIC, GRADE A;AP ONLY .#ACFAB",Fabric
"FABRIC, GRADE A;AP ONLY .#ACFAB",Fabric
"FABRIC, GRADE A;AP ONLY .#ACFAB",Fabric
"FABRIC, GRADE A;AP ONLY .#ACFAB",Fabric
"FABRIC, GRADE A;AP ONLY .#ACFAB",Fabric
"FABRIC, GRADE A;AP ONLY .#ACFAB",Fabric
"FABRIC, GRADE A;AP ONLY .#ACFAB",Fabric
"FABRIC, GRADE A;AP ONLY .#ACFAB",Fabric
"FABRIC, GRADE A;AP ONLY .#ACFAB",Fabric
"FABRIC, GRADE A;AP ONLY .#ACFAB",Fabric
"FABRIC, GRADE A;AP ONLY .#ACFAB",Fabric
"FABRIC, GRADE A;AP ONLY .#ACFAB",Fabric
"FABRIC, GRADE A;AP ONLY .#ACFAB",Fabric
"FABRIC, GRADE A;AP ONLY .#ACFAB",Fabric
"FABRIC, GRADE A;AP ONLY .#ACFAB",Fabric
"FABRIC, GRADE A;AP ONLY .#ACFAB",Fabric
"FABRIC, GRADE A;AP ONLY .#ACFAB",Fabric
"FABRIC, GRADE A;AP ONLY .#ACFAB",Fabric
"FABRIC, GRADE A;AP ONLY .#ACFAB",Fabric
"FABRIC, GRADE A;AP ONLY .#ACFAB",Fabric
"FABRIC, GRADE A;AP ONLY .#ACFAB",Fabric
"FABRIC, GRADE A;AP ONLY .#ACFAB",Fabric
"FABRIC, GRADE A;AP ONLY .#ACFAB",Fabric
"FABRIC, GRADE D;AP ONLY .#ACFAB",Fabric
"FABRIC, GRADE D;AP ONLY .#ACFAB",Fabric
"FABRIC, GRADE D;AP ONLY .#ACFAB",Fabric
"FABRIC, GRADE D;AP ONLY .#ACFAB",Fabric
"FABRIC, GRADE D;AP ONLY .#ACFAB",Fabric
"FABRIC, GRADE D;AP ONLY .#ACFAB",Fabric
"FABRIC, GRADE D;AP ONLY .#ACFAB",Fabric
"FABRIC, GRADE D;AP ONLY .#ACFAB",Fabric
"FABRIC, GRADE D;AP ONLY .#ACFAB",Fabric
"FABRIC, GRADE D;AP ONLY .#ACFAB",Fabric
"FABRIC, GRADE D;AP ONLY .#ACFAB",Fabric
"FABRIC, GRADE D;AP ONLY .#ACFAB",Fabric
"FABRIC, GRADE D;AP ONLY .#ACFAB",Fabric
"FABRIC, GRADE D;AP ONLY .#ACFAB",Fabric
"FABRIC, GRADE D;AP ONLY .#ACFAB",Fabric
"FABRIC, GRADE D;AP ONLY .#ACFAB",Fabric
"FABRIC, GRADE D;AP ONLY .#ACFAB",Fabric
"FABRIC, GRADE D;AP ONLY .#ACFAB",Fabric
"FABRIC, GRADE D;AP ONLY .#ACFAB",Fabric
"FABRIC, GRADE D;AP ONLY .#ACFAB",Fabric
"FABRIC, GRADE D;AP ONLY .#ACFAB",Fabric
"FABRIC, GRADE D;AP ONLY .#ACFAB",Fabric
"FABRIC, GRADE D;AP ONLY .#ACFAB",Fabric
"FABRIC, GRADE D;AP ONLY .#ACFAB",Fabric
"FABRIC, GRADE D;AP ONLY .#ACFAB",Fabric
"FABRIC, GRADE D;AP ONLY .#ACFAB",Fabric
"FABRIC, GRADE D;AP ONLY .#ACFAB",Fabric
"FABRIC, GRADE D;AP ONLY .#ACFAB",Fabric
"FABRIC, GRADE D;AP ONLY .#ACFAB",Fabric
"FABRIC, GRADE D;AP ONLY .#ACFAB",Fabric
"FABRIC, GRADE D;AP ONLY .#ACFAB",Fabric
"FABRIC, GRADE D;AP ONLY .#ACFAB",Fabric
"FABRIC, GRADE D;AP ONLY .#ACFAB",Fabric
"FABRIC, GRADE D;AP ONLY .#ACFAB",Fabric
"FABRIC, GRADE D;AP ONLY .#ACFAB",Fabric
"FABRIC, GRADE D;AP ONLY .#ACFAB",Fabric
"FABRIC, GRADE D;AP ONLY .#ACFAB",Fabric
"FABRIC, GRADE D;AP ONLY .#ACFAB",Fabric
"FABRIC, GRADE D;AP ONLY .#ACFAB",Fabric
"FABRIC, GRADE D;AP ONLY .#ACFAB",Fabric
"FABRIC, GRADE D;AP ONLY,CUZ02 BLAZER 1 & 2: Aston",Fabric
"FABRIC, GRADE D;AP ONLY,CUZ08 BLAZER 1 & 2: Napier",Fabric
"FABRIC, GRADE D;AP ONLY,CUZ09 BLAZER 1 & 2: Oxford",Fabric
"FABRIC, GRADE D;AP ONLY,CUZ12 BLAZER 1 & 2: Winchester",Fabric
"FABRIC, GRADE D;AP ONLY,CUZ13 BLAZER 1 & 2: Wellington",Fabric
"FABRIC, GRADE D;AP ONLY,CUZ14 BLAZER 1 & 2: Durham",Fabric
"FABRIC, GRADE D;AP ONLY,CUZ18 BLAZER 1 & 2: Oriel",Fabric
"FABRIC, GRADE D;AP ONLY,CUZ1A BLAZER 1 & 2: City",Fabric
"FABRIC, GRADE D;AP ONLY,CUZ1B BLAZER 1 & 2: Imperial",Fabric
"FABRIC, GRADE D;AP ONLY,CUZ1C BLAZER 1 & 2: Lancaster",Fabric
"FABRIC, GRADE D;AP ONLY,CUZ1D BLAZER 1 & 2: Bath",Fabric
"FABRIC, GRADE D;AP ONLY,CUZ1E BLAZER 1 & 2: Surrey",Fabric
"FABRIC, GRADE D;AP ONLY,CUZ1F BLAZER 1 & 2: Ulster",Fabric
"FABRIC, GRADE D;AP ONLY,CUZ1G BLAZER 1 & 2: Salford",Fabric
"FABRIC, GRADE D;AP ONLY,CUZ1H BLAZER 1 & 2: Belhaven",Fabric
"FABRIC, GRADE D;AP ONLY,CUZ1J BLAZER 1 & 2: Aberlour",Fabric
"FABRIC, GRADE D;AP ONLY,CUZ1K BLAZER 1 & 2: Camphill",Fabric
"FABRIC, GRADE D;AP ONLY,CUZ1L BLAZER 1 & 2: Newport",Fabric
"FABRIC, GRADE D;AP ONLY,CUZ1M BLAZER 1 & 2: Glasgow",Fabric
"FABRIC, GRADE D;AP ONLY,CUZ1N BLAZER 1 & 2: Cardiff",Fabric
"FABRIC, GRADE D;AP ONLY,CUZ1P BLAZER 1 & 2: Hull",Fabric
"FABRIC, GRADE D;AP ONLY,CUZ1Q BLAZER 1 & 2: Brighton",Fabric
"FABRIC, GRADE D;AP ONLY .#ACFAB",Fabric
"FABRIC, GRADE D;AP ONLY,CUZ1S BLAZER 1 & 2: Nottingham",Fabric
"FABRIC, GRADE D;AP ONLY,CUZ1T BLAZER 1 & 2: Sheffield",Fabric
"FABRIC, GRADE D;AP ONLY,CUZ1U BLAZER 1 & 2: Sussex",Fabric
"FABRIC, GRADE D;AP ONLY,CUZ1V BLAZER 1 & 2: Manchester",Fabric
"FABRIC, GRADE D;AP ONLY,CUZ1W BLAZER 1 & 2: Newcastle",Fabric
"FABRIC, GRADE D;AP ONLY,CUZ1X BLAZER 1 & 2: St Martins",Fabric
"FABRIC, GRADE D;AP ONLY,CUZ1Y BLAZER 1 & 2: Edinburgh",Fabric
"FABRIC, GRADE D;AP ONLY,CUZ1Z BLAZER 1 & 2: Exeter",Fabric
"FABRIC, GRADE D;AP ONLY,CUZ21 BLAZER 1 & 2: Magdalene",Fabric
"FABRIC, GRADE D;AP ONLY,CUZ24 BLAZER 1 & 2: Balliol",Fabric
"FABRIC, GRADE D;AP ONLY,CUZ26 BLAZER 1 & 2: Knightsbridge",Fabric
"FABRIC, GRADE D;AP ONLY,CUZ27 BLAZER 1 & 2: Collingwood",Fabric
"FABRIC, GRADE D;AP ONLY,CUZ28 BLAZER 1 & 2: Silverdale",Fabric
"FABRIC, GRADE D;AP ONLY,CUZ2A BLAZER 1 & 2: Loughborough",Fabric
"FABRIC, GRADE D, AP ONLY, .#ACFAB",Fabric
"FABRIC, GRADE D, AP ONLY, .#ACFAB",Fabric
"FABRIC, GRADE D, AP ONLY, .#ACFAB",Fabric
"FABRIC, GRADE D, AP ONLY, .#ACFAB",Fabric
"FABRIC, GRADE D, AP ONLY, .#ACFAB",Fabric
"FABRIC, GRADE D, AP ONLY, .#ACFAB",Fabric
"FABRIC, GRADE D, AP ONLY, .#ACFAB",Fabric
"FABRIC, GRADE D, AP ONLY, .#ACFAB",Fabric
"FABRIC, GRADE D, AP ONLY, .#ACFAB",Fabric
"FABRIC, GRADE D;AP ONLY,CUZ30 BLAZER 1 & 2: Silcoates",Fabric
"FABRIC, GRADE D;AP ONLY,CUZ31 BLAZER 1 & 2: Trevelyan",Fabric
"FABRIC, GRADE D;AP ONLY,CUZ32 BLAZER 1 & 2: Bambridge",Fabric
"FABRIC, GRADE D;AP ONLY,CUZ33 BLAZER 1 & 2: Latymer",Fabric
"FABRIC, GRADE D;AP ONLY,CUZ35 BLAZER 1 & 2: Bromsgrove",Fabric
"FABRIC, GRADE D;AP ONLY,CUZ39 BLAZER 1 & 2: Goldsmith",Fabric
"FABRIC, GRADE D, AP ONLY, .#ACFAB",Fabric
"FABRIC, GRADE D, AP ONLY, .#ACFAB",Fabric
"FABRIC, GRADE D, AP ONLY, .#ACFAB",Fabric
"FABRIC, GRADE D, AP ONLY, .#ACFAB",Fabric
"FABRIC, GRADE D, AP ONLY, .#ACFAB",Fabric
"FABRIC, GRADE D;AP ONLY,CUZ46 BLAZER 1 & 2: Eastbourne",Fabric
"FABRIC, GRADE D;AP ONLY,CUZ47 BLAZER 1 & 2: Fairfield",Fabric
"FABRIC, GRADE D;AP ONLY,CUZ53 BLAZER 1 & 2: Bryanston",Fabric
"FABRIC, GRADE D;AP ONLY,CUZ58 BLAZER 1 & 2: Dunhurst",Fabric
"FABRIC, GRADE D;AP ONLY,CUZ62 BLAZER 1 & 2: Glenalmond",Fabric
"FABRIC, GRADE D;AP ONLY,CUZ63 BLAZER 1 & 2: Handcross",Fabric
"FABRIC, GRADE D;AP ONLY,CUZ66 BLAZER 1 & 2: Kimbolton",Fabric
"FABRIC, GRADE D;AP ONLY,CUZ67 BLAZER 1 & 2: Kingsmead",Fabric
"FABRIC, GRADE D;AP ONLY,CUZ82 BLAZER 1 & 2: Wesley",Fabric
"FABRIC, GRADE D;AP ONLY,CUZ83 BLAZER 1 & 2: Butterstone",Fabric
"FABRIC, GRADE D;AP ONLY,CUZ84 BLAZER 1 & 2: Dollar",Fabric
"FABRIC, GRADE D;AP ONLY,CUZ85 BLAZER 1 & 2: Keil",Fabric
"FABRIC, GRADE D;AP ONLY,CUZ86 BLAZER 1 & 2: St Andrews",Fabric
"FABRIC, GRADE D;AP ONLY,CUZ87 BLAZER 1 & 2: Aberdeen",Fabric
"FABRIC, GRADE D;AP ONLY,CUZ88 BLAZER 1 & 2: Starley",Fabric
"FABRIC, GRADE D;AP ONLY,CUZ89 BLAZER 1 & 2: Rockport",Fabric
"FABRIC, GRADE D;AP ONLY,CUZ90 BLAZER 1 & 2: Edge Hill",Fabric
"FABRIC, GRADE D;AP ONLY .#ACFAB",Fabric
"FABRIC, GRADE D;AP ONLY .#ACFAB",Fabric
"FABRIC, GRADE D;AP ONLY .#ACFAB",Fabric
"FABRIC, GRADE D;AP ONLY .#ACFAB",Fabric
"FABRIC, GRADE D;AP ONLY .#ACFAB",Fabric
"FABRIC, GRADE D;AP ONLY .#ACFAB",Fabric
"FABRIC, GRADE D;AP ONLY .#ACFAB",Fabric
"FABRIC, GRADE D;AP ONLY .#ACFAB",Fabric
"FABRIC, GRADE D;AP ONLY .#ACFAB",Fabric
"FABRIC, GRADE D;AP ONLY .#ACFAB",Fabric
"FABRIC, GRADE D;AP ONLY .#ACFAB",Fabric
"FABRIC, GRADE A; EVV, .#ACFAB",Fabric
"FABRIC, GRADE A; EVV, .#ACFAB",Fabric
"FABRIC, GRADE A; EVV, .#ACFAB",Fabric
"FABRIC, GRADE A; EVV, .#ACFAB",Fabric
"FABRIC, GRADE A; EVV, .#ACFAB",Fabric
"FABRIC, GRADE A; EVV, .#ACFAB",Fabric
"FABRIC, GRADE A; EVV, .#ACFAB",Fabric
"FABRIC, GRADE A; EVV, .#ACFAB",Fabric
"FABRIC, GRADE A; EVV, .#ACFAB",Fabric
"FABRIC, GRADE A; EVV, .#ACFAB",Fabric
"FABRIC, GRADE A; EVV, .#ACFAB",Fabric
"FABRIC, GRADE A; EVV, .#ACFAB",Fabric
"FABRIC, GRADE A; EVV, .#ACFAB",Fabric
"FABRIC, GRADE A; EVV, .#ACFAB",Fabric
"FABRIC, GRADE A; EVV, .#ACFAB",Fabric
"FABRIC, GRADE A; EVV, .#ACFAB",Fabric
"FABRIC, GRADE A; EVV, .#ACFAB",Fabric
"FABRIC, GRADE A; EVV, .#ACFAB",Fabric
"FABRIC, GRADE A; EVV, .#ACFAB",Fabric
"FABRIC, GRADE A; EVV, .#ACFAB",Fabric
"FABRIC, GRADE A; EVV, .#ACFAB",Fabric
"FABRIC, GRADE A; EVV, .#ACFAB",Fabric
"FABRIC, GRADE B;X2,AK001; X2,Ratio",Fabric
"FABRIC, GRADE B;X2,AK002; X2,Polygon",Fabric
"FABRIC, GRADE B;X2,AK003; X2,Fraction",Fabric
"FABRIC, GRADE B;X2,AK004; X2,Equation",Fabric
"FABRIC, GRADE B;X2,AK005; X2,Algebra",Fabric
"FABRIC, GRADE B;X2,AK006; X2,Value",Fabric
"FABRIC, GRADE B;X2,AK007; X2,Maths",Fabric
"FABRIC, GRADE B;X2,AK008; X2AK008,Calculus",Fabric
"FABRIC, GRADE B;X2,AK009; X2,Acute",Fabric
"FABRIC, GRADE B;X2,AK010; X2,Metric",Fabric
"FABRIC, GRADE B;X2,AK011; X2,Median",Fabric
"FABRIC, GRADE B;X2,AK012; X2,Add",Fabric
"FABRIC, GRADE B;X2,AK013; X2,Subtract",Fabric
"FABRIC, GRADE B;X2,AK014; X2,Multiply",Fabric
"FABRIC, GRADE B;X2,AK015; X2,Divide",Fabric
"FABRIC, GRADE B;X2,AK016; X2,Percentage",Fabric
"FABRIC, GRADE B;X2,AK017; X2,Formula",Fabric
"FABRIC, GRADE B;X2,AK018; X2,Arithmetic",Fabric
"FABRIC, GRADE B;X2,AK019; X2,Positive",Fabric
"FABRIC, GRADE B;X2,AK020; X2,Number",Fabric
"Fabric,Grade A, AP only,CSE01 CS/Era,Futurist,54,unback",Fabric
"Fabric,Grade A, AP only,CSE02 CS/Era,Generation,54,unback",Fabric
"Fabric,Grade A, AP only,CSE03 CS/Era,Lifetime,54,unback",Fabric
"Fabric,Grade A, AP only,CSE05 CS/Era,Span,54,unback",Fabric
"Fabric,Grade A, AP only,CSE06 CS/Era,Cycle,54,unback",Fabric
"Fabric,Grade A, AP only,CSE07 CS/Era,Period,54,unback",Fabric
"Fabric,Grade A, AP only,CSE08 CS/Era,Chapter,54,unback",Fabric
"Fabric,Grade A, AP only,CSE09 CS/Era,Prime,54,unback",Fabric
"Fabric,Grade A, AP only,CSE10 CS/Era,Everlasting,54,unback",Fabric
"Fabric,Grade A, AP only,CSE11 CS/Era,Forecast,54,unback",Fabric
"Fabric,Grade A, AP only,CSE12 CS/Era,Perennial,54,unback",Fabric
"Fabric,Grade A, AP only,CSE13 CS/Era,Present,54,unback",Fabric
"Fabric,Grade A, AP only,CSE14 CS/Era,Forward,54,unback",Fabric
"Fabric,Grade A, AP only,CSE15 CS/Era,Stage,54,unback",Fabric
"Fabric,Grade D, AP only,MF001 MF/Mainlineflax,Goldhawk",Fabric
"Fabric,Grade D, AP only,MF002 MF/Mainlineflax,Archway",Fabric
"Fabric,Grade D, AP only,MF003 MF/Mainlineflax,Barbican",Fabric
"Fabric,Grade D, AP only,MF004 MF/Mainlineflax,Euston",Fabric
"Fabric,Grade D, AP only,MF005 MF/Mainlineflax,Brompton",Fabric
"Fabric,Grade D, AP only,MF006 MF/Mainlineflax,Tower",Fabric
"Fabric,Grade D, AP only,MF007 MF/Mainlineflax,Upminster",Fabric
"Fabric,Grade D, AP only,MF008 MF/Mainlineflax,Lambeth",Fabric
"Fabric,Grade D, AP only,MF009 MF/Mainlineflax,Camden",Fabric
"Fabric,Grade D, AP only,MF010 MF/Mainlineflax,Newbury",Fabric
"Fabric,Grade D, AP only,MF011 MF/Mainlineflax,Northfields",Fabric
"Fabric,Grade D, AP only,MF012 MF/Mainlineflax,Bank",Fabric
"Fabric,Grade D, AP only,MF013 MF/Mainlineflax,Bayswater",Fabric
"Fabric,Grade D, AP only,MF014 MF/Mainlineflax,Parsons",Fabric
"Fabric,Grade D, AP only,MF015 MF/Mainlineflax,Edgware",Fabric
"Fabric,Grade D, AP only,MF016 MF/Mainlineflax,Temple",Fabric
"Fabric,Grade D, AP only,MF017 MF/Mainlineflax,Victoria",Fabric
"FABRIC, GRADE D, 140cm, .#ACFAB",Fabric
"FABRIC, GRADE D, 140cm, .#ACFAB",Fabric
"FABRIC, GRADE D, 140cm, .#ACFAB",Fabric
"FABRIC, GRADE D, 140cm, .#ACFAB",Fabric
"FABRIC, GRADE D, 140cm, .#ACFAB",Fabric
"FABRIC, GRADE D, 140cm, .#ACFAB",Fabric
"FABRIC, GRADE D, 140cm, .#ACFAB",Fabric
"FABRIC, GRADE D, 140cm, .#ACFAB",Fabric
"FABRIC, GRADE D, 140cm, .#ACFAB",Fabric
"FABRIC, GRADE D, 140cm, .#ACFAB",Fabric
"FABRIC, GRADE D, 140cm, .#ACFAB",Fabric
"FABRIC, GRADE D, 140cm, .#ACFAB",Fabric
"FABRIC, GRADE D, 140cm, .#ACFAB",Fabric
"FABRIC, GRADE D, 140cm, .#ACFAB",Fabric
"FABRIC, GRADE D, 140cm, .#ACFAB",Fabric
"FABRIC, GRADE D, 140cm, .#ACFAB",Fabric
"FABRIC, GRADE D, 140cm, .#ACFAB",Fabric
"FABRIC, GRADE D, 140cm, .#ACFAB",Fabric
"FABRIC, GRADE D, 140cm, .#ACFAB",Fabric
"FABRIC, GRADE D, 140cm, .#ACFAB",Fabric
"FABRIC, GRADE D, 140cm, .#ACFAB",Fabric
"FABRIC, GRADE D, 140cm, .#ACFAB",Fabric
"FABRIC, GRADE D, 140cm, .#ACFAB",Fabric
"FABRIC, GRADE D, 140cm, .#ACFAB",Fabric
"FABRIC, GRADE D, 140cm, .#ACFAB",Fabric
"FABRIC, GRADE D, 140cm, .#ACFAB",Fabric
"FABRIC, GRADE D, 140cm, .#ACFAB",Fabric
"FABRIC, GRADE D, 140cm, .#ACFAB",Fabric
"FABRIC, GRADE D, 140cm, .#ACFAB",Fabric
"FABRIC, GRADE D, 140cm, .#ACFAB",Fabric
"FABRIC, GRADE D, 140cm, .#ACFAB",Fabric
"FABRIC, GRADE D, 140cm, .#ACFAB",Fabric
"FABRIC, GRADE D, 140cm, .#ACFAB",Fabric
"FABRIC, GRADE D, 140cm, .#ACFAB",Fabric
"FABRIC, GRADE D, 140cm, .#ACFAB",Fabric
"FABRIC, GRADE C, 140cm, Oceanic .#ACFAB",Fabric
"FABRIC, GRADE C, 140cm, Oceanic .#ACFAB",Fabric
"FABRIC, GRADE C, 140cm, Oceanic .#ACFAB",Fabric
"FABRIC, GRADE C, 140cm, Oceanic .#ACFAB",Fabric
"FABRIC, GRADE C, 140cm, Oceanic .#ACFAB",Fabric
"FABRIC, GRADE C, 140cm, Oceanic .#ACFAB",Fabric
"FABRIC, GRADE C, 140cm, Oceanic .#ACFAB",Fabric
"FABRIC, GRADE C, 140cm, Oceanic .#ACFAB",Fabric
"FABRIC, GRADE C, 140cm, Oceanic .#ACFAB",Fabric
"FABRIC, GRADE C, 140cm, Oceanic .#ACFAB",Fabric
"FABRIC, GRADE C, 140cm, Oceanic .#ACFAB",Fabric
"FABRIC, GRADE C, 140cm, Oceanic .#ACFAB",Fabric
"FABRIC, GRADE C, 140cm, Oceanic .#ACFAB",Fabric
"FABRIC, GRADE C, 140cm, Oceanic .#ACFAB",Fabric
"FABRIC, GRADE C, 140cm, Oceanic .#ACFAB",Fabric
"FABRIC, GRADE C, 140cm, Oceanic .#ACFAB",Fabric
"FABRIC, GRADE 0 .#ACFAB",Fabric
"FABRIC, GRADE 0 .#ACFAB",Fabric
"FABRIC, GRADE 0 .#ACFAB",Fabric
"FABRIC, GRADE 0 .#ACFAB",Fabric
"FABRIC, GRADE 0 .#ACFAB",Fabric
"FABRIC, GRADE 0 .#ACFAB",Fabric
"FABRIC, GRADE 0 .#ACFAB",Fabric
"FABRIC,GRADE 0, .#ACFAB",Fabric
"FABRIC,GRADE 0, .#ACFAB",Fabric
"FABRIC,GRADE 0, .#ACFAB",Fabric
"FABRIC,GRADE 0, .#ACFAB",Fabric
"FABRIC,GRADE 0, .#ACFAB",Fabric
"FABRIC,GRADE 0, .#ACFAB",Fabric
"FABRIC,GRADE 0, .#ACFAB",Fabric
"FABRIC,GRADE 0, .#ACFAB",Fabric
"FABRIC,GRADE 0, .#ACFAB",Fabric
"Mesh,MT,Lively,.#ACMSH",Fabric
"Mesh,MT,Lively,.#ACMSH",Fabric
"Mesh,MT,Lively,.#ACMSH",Fabric
"Mesh,MT,Lively,.#ACMSH",Fabric
"Mesh,MT,Lively,.#ACMSH",Fabric
"Mesh,MT,Lively,.#ACMSH",Fabric
"MT007 Agave , .#ACMSH",Fabric
"MT008 Lagoon, .#ACMSH",Fabric
"Mesh fabric NON suspension, cutting, MH001 Black",Fabric
"Mesh fabric NON suspension, cutting, MH002 Grey",Fabric
"Mesh fabric NON suspension, cutting, MH003 Beige",Fabric
"Mesh fabric NON suspension, cutting, MH004 Blue",Fabric
"Mesh fabric NON suspension, cutting, MH005 Green",Fabric
"Mesh fabric NON suspension, cutting, MH006 Red",Fabric
"122-5586 FABRIC,ROLL,MB_BE Gabriel code870561191",Fabric
"MESH,RUNNER,FERN Gabriel code870560999",Fabric
"122-5587 FABRIC,ROLL,MB_CF Gabriel code870566150",Fabric
"122-5588 FABRIC,ROLL,MB_LM Gabriel code870561192",Fabric
"Mesh,MB, .#ACMSH",Fabric
"122-5589 FABRIC,ROLL,MB_MF Gabriel code870560173",Fabric
"122-5591 FABRIC,ROLL,MB_MR Gabriel code870561193",Fabric
"122-5590 FABRIC,ROLL,MB_MU Gabriel code870560170",Fabric
"122-7714FABRIC,ROLL,MB_PM Gabriel code870568118",Fabric
"122-5592 FABRIC,ROLL,MB_RR Gabriel code870560171",Fabric
"122-5593 FABRIC,ROLL,MB_SE Gabriel code870564127",Fabric
"122-5594 FABRIC,ROLL,BM_SL Gabriel code870560169",Fabric
"122-5595 FABRIC,ROLL,MB_SU Gabriel code870562055",Fabric
Phonix accoustic Nano fibre 1400W,Fiber
"FABRIC, GRADE E, REMIX 3 NON-BACKED, .#ACFAB",Fabric
"FABRIC, GRADE E, REMIX 3 NON-BACKED, .#ACFAB",Fabric
"FABRIC, GRADE E, REMIX 3 NON-BACKED, .#ACFAB",Fabric
"FABRIC, GRADE E, REMIX 3 NON-BACKED, .#ACFAB",Fabric
"FABRIC, GRADE E, REMIX 3 NON-BACKED, .#ACFAB",Fabric
"FABRIC, GRADE E, REMIX 3 NON-BACKED, .#ACFAB",Fabric
"FABRIC, GRADE E, REMIX 3 NON-BACKED, .#ACFAB",Fabric
"FABRIC, GRADE E, REMIX 3 NON-BACKED, .#ACFAB",Fabric
"FABRIC, GRADE E, REMIX 3 NON-BACKED, .#ACFAB",Fabric
"FABRIC, GRADE E, REMIX 3 NON-BACKED, .#ACFAB",Fabric
"FABRIC, GRADE E, REMIX 3 NON-BACKED, .#ACFAB",Fabric
"FABRIC, GRADE E, REMIX 3 NON-BACKED, .#ACFAB",Fabric
"FABRIC, GRADE E, REMIX 3 NON-BACKED, .#ACFAB",Fabric
"FABRIC, GRADE E, REMIX 3 NON-BACKED, .#ACFAB",Fabric
"FABRIC, GRADE E, REMIX 3 NON-BACKED, .#ACFAB",Fabric
"FABRIC, GRADE E, REMIX 3 NON-BACKED, .#ACFAB",Fabric
"FABRIC, GRADE E, REMIX 3 NON-BACKED, .#ACFAB",Fabric
"FABRIC, GRADE E, REMIX 3 NON-BACKED, .#ACFAB",Fabric
"FABRIC, GRADE E, REMIX 3 NON-BACKED, .#ACFAB",Fabric
"FABRIC, GRADE E, REMIX 3 NON-BACKED, .#ACFAB",Fabric
"FABRIC, GRADE E, REMIX 3 NON-BACKED, .#ACFAB",Fabric
"FABRIC, GRADE E, REMIX 3 NON-BACKED, .#ACFAB",Fabric
"FABRIC, GRADE E, REMIX 3 NON-BACKED, .#ACFAB",Fabric
"FABRIC, GRADE E, REMIX 3 NON-BACKED, .#ACFAB",Fabric
"FABRIC, GRADE E, REMIX 3 NON-BACKED, .#ACFAB",Fabric
"FABRIC, GRADE E, REMIX 3 NON-BACKED, .#ACFAB",Fabric
"FABRIC, GRADE E, REMIX 3 NON-BACKED, .#ACFAB",Fabric
"FABRIC, GRADE E, REMIX 3 NON-BACKED, .#ACFAB",Fabric
"FABRIC, GRADE E, REMIX 3 NON-BACKED, .#ACFAB",Fabric
"FABRIC, GRADE E, REMIX 3 NON-BACKED, .#ACFAB",Fabric
"FABRIC, GRADE E, REMIX 3 NON-BACKED, .#ACFAB",Fabric
"FABRIC, GRADE E, REMIX 3 NON-BACKED, .#ACFAB",Fabric
"FABRIC, GRADE E, REMIX 3 NON-BACKED, .#ACFAB",Fabric
"FABRIC, GRADE E, REMIX 3 NON-BACKED, .#ACFAB",Fabric
"FABRIC, GRADE E, REMIX 3 NON-BACKED, .#ACFAB",Fabric
"FABRIC, GRADE E, REMIX 3 NON-BACKED, .#ACFAB",Fabric
"FABRIC, GRADE E, REMIX 3 NON-BACKED, .#ACFAB",Fabric
"FABRIC, GRADE E, REMIX 3 NON-BACKED, .#ACFAB",Fabric
"FABRIC, GRADE E, REMIX 3 NON-BACKED, .#ACFAB",Fabric
"FABRIC, GRADE E, REMIX 3 NON-BACKED, .#ACFAB",Fabric
"FABRIC, GRADE E, REMIX 3 NON-BACKED, .#ACFAB",Fabric
"FABRIC, GRADE E, REMIX 3 NON-BACKED, .#ACFAB",Fabric
"FABRIC, GRADE E, REMIX 3 NON-BACKED, .#ACFAB",Fabric
"FABRIC, GRADE E, REMIX 3 NON-BACKED, .#ACFAB",Fabric
"FABRIC, GRADE E, REMIX 3 NON-BACKED, .#ACFAB",Fabric
"FABRIC, GRADE E, REMIX 3 NON-BACKED, .#ACFAB",Fabric
"FABRIC, GRADE E, REMIX 3 NON-BACKED, .#ACFAB",Fabric
"FABRIC, GRADE E, REMIX 3 NON-BACKED, .#ACFAB",Fabric
"FABRIC, GRADE E, REMIX 3 NON-BACKED, .#ACFAB",Fabric
"FABRIC, GRADE B, Focus, .#ACFAB",Fabric
"FABRIC, GRADE B, Focus, .#ACFAB",Fabric
"FABRIC, GRADE B, Focus, .#ACFAB",Fabric
"FABRIC, GRADE B, Focus, .#ACFAB",Fabric
"FABRIC, GRADE B, Focus, .#ACFAB",Fabric
"FABRIC, GRADE B, Focus, .#ACFAB",Fabric
"FABRIC, GRADE B, Focus, .#ACFAB",Fabric
"FABRIC, GRADE B, Focus, .#ACFAB",Fabric
"FABRIC, GRADE B, Focus, .#ACFAB",Fabric
"FABRIC, GRADE B, Focus, .#ACFAB",Fabric
"FABRIC, GRADE B, Focus, .#ACFAB",Fabric
"FABRIC, GRADE B, Focus, .#ACFAB",Fabric
"FABRIC, GRADE B, Focus, .#ACFAB",Fabric
"FABRIC, GRADE B, Focus, .#ACFAB",Fabric
"FABRIC, GRADE B, Focus, .#ACFAB",Fabric
"FABRIC, GRADE B, Focus, .#ACFAB",Fabric
"FABRIC, GRADE B, Focus, .#ACFAB",Fabric
"FABRIC, GRADE B, Focus, .#ACFAB",Fabric
"FABRIC, GRADE B, Focus, .#ACFAB",Fabric
"FABRIC, GRADE B, Focus, .#ACFAB",Fabric
"FABRIC, GRADE B, Focus, .#ACFAB",Fabric
"FABRIC, GRADE B, Focus, .#ACFAB",Fabric
"FABRIC, GRADE B, Focus, .#ACFAB",Fabric
"FABRIC, GRADE B, Focus, .#ACFAB",Fabric
"FABRIC, GRADE B, Focus, .#ACFAB",Fabric
"FABRIC, GRADE B, Focus, .#ACFAB",Fabric
"FABRIC, GRADE B, Focus, .#ACFAB",Fabric
"FABRIC, GRADE B, Focus, .#ACFAB",Fabric
"FABRIC,GRADE A,COMBO 142cm E15016023 .#ACFAB",Fabric
"FABRIC,GRADE A,COMBO 142cm E15016017 .#ACFAB",Fabric
"FABRIC,GRADE A,COMBO 142cm E15016019 .#ACFAB",Fabric
"FABRIC,GRADE A,COMBO 142cm E15016012 .#ACFAB",Fabric
"FABRIC,GRADE A,COMBO 142cm E15016014 .#ACFAB",Fabric
"FABRIC,GRADE A,COMBO 142cm E15016001 .#ACFAB",Fabric
"FABRIC,GRADE A,COMBO 142cm E15016003 .#ACFAB",Fabric
"FABRIC,GRADE A,COMBO 142cm E15016004 .#ACFAB",Fabric
"FABRIC,GRADE A,COMBO 142cm E15016022 .#ACFAB",Fabric
"FABRIC,GRADE A,COMBO, ALTA, 142cm,E15016023 .#ACFAB",Fabric
"FABRIC,GRADE A,COMBO, ALTA, 142cm E15016017 .#ACFAB",Fabric
"FABRIC,GRADE A,COMBO, ALTA, 142cm,E15016019 .#ACFAB",Fabric
"FABRIC,GRADE A,COMBO, ALTA, 142cm,E15016012 .#ACFAB",Fabric
"FABRIC,GRADE A,COMBO, ALTA, 142cm,E15016014 .#ACFAB",Fabric
"FABRIC,GRADE A,COMBO, ALTA, 142cm,E15016001 .#ACFAB",Fabric
"FABRIC,GRADE A,COMBO, ALTA, 142cm,E15016003 .#ACFAB",Fabric
"FABRIC,GRADE A,COMBO, ALTA, 142cm,E15016004 .#ACFAB",Fabric
"FABRIC,GRADE A,COMBO, ALTA, 142cm,E15016022 .#ACFAB",Fabric
"Fabric,grade E,138 cm, .#ACFAB",Fabric
"Fabric,grade E,138 cm, .#ACFAB",Fabric
"Fabric,grade E,138 cm, .#ACFAB",Fabric
"Fabric,grade E,138 cm, .#ACFAB",Fabric
"Fabric,grade E,138 cm, .#ACFAB",Fabric
"Fabric,grade E,138 cm, .#ACFAB",Fabric
"Fabric,grade E,138 cm, .#ACFAB",Fabric
"Fabric,grade C,155 cm, .#ACFAB",Fabric
"Fabric,grade C,155 cm, .#ACFAB",Fabric
"Fabric,grade C,155 cm, .#ACFAB",Fabric
"Fabric,grade C,155 cm, .#ACFAB",Fabric
"Fabric,grade C,155 cm, .#ACFAB",Fabric
"Fabric,grade C,155 cm, .#ACFAB",Fabric
"Fabric,grade C,155 cm, .#ACFAB",Fabric
"Fabric,grade C,155 cm, .#ACFAB",Fabric
"Fabric,grade A,140 cm, .#ACFAB",Fabric
"Fabric,grade A,140 cm, .#ACFAB",Fabric
"Fabric,grade A,140 cm, .#ACFAB",Fabric
"Fabric,grade A,140 cm, .#ACFAB",Fabric
"Fabric,grade A,140 cm, .#ACFAB",Fabric
"Fabric,grade A,140 cm, .#ACFAB",Fabric
"Fabric,grade A,140 cm, .#ACFAB",Fabric
"Fabric,grade A,140 cm, .#ACFAB",Fabric
"Fabric,grade A,140 cm, .#ACFAB",Fabric
"Fabric,grade A,140 cm, .#ACFAB",Fabric
"Fabric,grade A,140 cm, .#ACFAB",Fabric
"Fabric,grade A,140 cm, .#ACFAB",Fabric
"Fabric,grade A,140 cm, .#ACFAB",Fabric
"Fabric,grade A,140 cm, .#ACFAB",Fabric
"Fabric,grade A,140 cm, .#ACFAB",Fabric
"Fabric,grade A,140 cm, .#ACFAB",Fabric
"Fabric,grade A,140 cm, .#ACFAB",Fabric
"Fabric,grade A,140 cm, .#ACFAB",Fabric
"Fabric,grade A,140 cm, .#ACFAB",Fabric
"Fabric,grade A,140 cm, .#ACFAB",Fabric
"Fabric,grade A,140 cm, .#ACFAB",Fabric
"Fabric,grade A,140 cm, .#ACFAB",Fabric
"Fabric,grade A,140 cm, .#ACFAB",Fabric
"Fabric,grade A,140 cm, .#ACFAB",Fabric
"Fabric,grade A,140 cm, .#ACFAB",Fabric
"Fabric,grade A,140 cm, .#ACFAB",Fabric
"Fabric,grade A,140 cm, .#ACFAB",Fabric
"Fabric,grade A,140 cm, .#ACFAB",Fabric
"Fabric,grade A,140 cm, .#ACFAB",Fabric
"Fabric,grade A,140 cm, .#ACFAB",Fabric
"Fabric,grade A,140 cm, .#ACFAB",Fabric
"Fabric,grade A,140 cm, .#ACFAB",Fabric
"Fabric,grade A,140 cm, .#ACFAB",Fabric
"Fabric,grade A,140 cm, .#ACFAB",Fabric
"Fabric,grade A,140 cm, .#ACFAB",Fabric
"Fabric,grade A,140 cm, .#ACFAB",Fabric
"Fabric,grade A,140 cm, .#ACFAB",Fabric
"Fabric,grade A,140 cm, .#ACFAB",Fabric
"Fabric,grade A,140 cm, .#ACFAB",Fabric
"Fabric,grade A,140 cm, .#ACFAB",Fabric
"FABRIC, GRADE D, 140cm, Relate, .#ACFAB",Fabric
"FABRIC, GRADE D, 140cm, Relate, .#ACFAB",Fabric
"FABRIC, GRADE D, 140cm, Relate, .#ACFAB",Fabric
"FABRIC, GRADE D, 140cm, Relate, .#ACFAB",Fabric
"FABRIC, GRADE D, 140cm, Relate, .#ACFAB",Fabric
"FABRIC, GRADE D, 140cm, Relate, .#ACFAB",Fabric
"FABRIC, GRADE D, 140cm, Relate, .#ACFAB",Fabric
"FABRIC, GRADE D, 140cm, Relate, .#ACFAB",Fabric
"FABRIC, GRADE D, 140cm, Relate, .#ACFAB",Fabric
"FABRIC, GRADE D, 140cm, Relate, .#ACFAB",Fabric
"FABRIC, GRADE D, 140cm, Relate, .#ACFAB",Fabric
"FABRIC, GRADE D, 140cm, Relate, .#ACFAB",Fabric
"FABRIC, GRADE D, 140cm, Relate, .#ACFAB",Fabric
"FABRIC, GRADE D, 140cm, Relate, .#ACFAB",Fabric
"FABRIC, GRADE D, 140cm, Relate, .#ACFAB",Fabric
"FABRIC, GRADE D, 140cm, Relate, .#ACFAB",Fabric
"FABRIC, GRADE D, 140cm, Relate, .#ACFAB",Fabric
"FABRIC, GRADE D, 140cm, Relate, .#ACFAB",Fabric
"FABRIC, GRADE D, 140cm, Relate, .#ACFAB",Fabric
"FABRIC, GRADE D, 140cm, Relate, .#ACFAB",Fabric
"FABRIC, GRADE E, 140cm, .#ACFAB",Fabric
"FABRIC, GRADE E, 140cm, .#ACFAB",Fabric
"FABRIC, GRADE E, 140cm, .#ACFAB",Fabric
"FABRIC, GRADE E, 140cm, .#ACFAB",Fabric
"FABRIC, GRADE E, 140cm, .#ACFAB",Fabric
"FABRIC, GRADE E, 140cm, .#ACFAB",Fabric
"FABRIC, GRADE E, 140cm, .#ACFAB",Fabric
"FABRIC, GRADE E, 140cm, .#ACFAB",Fabric
"FABRIC, GRADE E, 140cm, .#ACFAB",Fabric
"FABRIC, GRADE E, 140cm, .#ACFAB",Fabric
"FABRIC, GRADE E, 140cm, .#ACFAB",Fabric
"FABRIC, GRADE E, 140cm, .#ACFAB",Fabric
"FABRIC, GRADE E, 140cm, .#ACFAB",Fabric
"FABRIC, GRADE E, 140cm, .#ACFAB",Fabric
"FABRIC, GRADE E, 140cm, .#ACFAB",Fabric
"FABRIC, GRADE E, 140cm, .#ACFAB",Fabric
"FABRIC, GRADE E, 140cm, .#ACFAB",Fabric
"FABRIC, GRADE E, 140cm, .#ACFAB",Fabric
"FABRIC, GRADE E, 140cm, .#ACFAB",Fabric
"FABRIC, GRADE H, 150cm, .#ACFAB",Fabric
"FABRIC, GRADE H, 150cm, .#ACFAB",Fabric
"FABRIC, GRADE H, 150cm, .#ACFAB",Fabric
"FABRIC, GRADE H, 150cm, .#ACFAB",Fabric
"FABRIC, GRADE H, 150cm, .#ACFAB",Fabric
"FABRIC, GRADE H, 150cm, .#ACFAB",Fabric
"FABRIC, GRADE H, 150cm, .#ACFAB",Fabric
"FABRIC, GRADE H, 150cm, .#ACFAB",Fabric
"FABRIC, GRADE H, 140cm, .#ACFAB",Fabric
"FABRIC, GRADE H, 140cm, .#ACFAB",Fabric
"FABRIC, GRADE H, 140cm, .#ACFAB",Fabric
"FABRIC, GRADE H, 140cm, .#ACFAB",Fabric
"FABRIC, GRADE H, 140cm, .#ACFAB",Fabric
"FABRIC, GRADE H, 140cm, .#ACFAB",Fabric
"FABRIC, GRADE H, 140cm, .#ACFAB",Fabric
"FABRIC, GRADE H, 140cm, .#ACFAB",Fabric
"FABRIC, GRADE H, 140cm, .#ACFAB",Fabric
"FABRIC, GRADE H, 140cm, .#ACFAB",Fabric
"FABRIC, GRADE H, 140cm, .#ACFAB",Fabric
"FABRIC, GRADE H, 130cm, .#ACFAB",Fabric
"FABRIC, GRADE H, 130cm, .#ACFAB",Fabric
"FABRIC, GRADE H, 130cm, .#ACFAB",Fabric
"FABRIC, GRADE H, 130cm, .#ACFAB",Fabric
"FABRIC, GRADE H, 130cm, .#ACFAB",Fabric
"FABRIC, GRADE H, 130cm, .#ACFAB",Fabric
"FABRIC, GRADE H, 130cm, .#ACFAB",Fabric
"FABRIC, GRADE H, 130cm, .#ACFAB",Fabric
"FABRIC, GRADE H, 130cm, .#ACFAB",Fabric
"FABRIC, GRADE H, 130cm, .#ACFAB",Fabric
"FABRIC, GRADE H, 130cm, .#ACFAB",Fabric
"FABRIC, GRADE H, 130cm, .#ACFAB",Fabric
Felt Offwhite 63,Felt
Felt Lime 64,Felt
Felt StoneGrey 67,Felt
Felt Anthracite 68,Felt
Felt Jeans 75,Felt
"knit back cover Code THCH12 , .*ACMSH",BackCover
"knit back cover Code THCH13 , .*ACMSH",BackCover
"knit back cover Code THCH07 , .*ACMSH",BackCover
"knit back cover Code THCH10 , .*ACMSH",BackCover
"knit back cover Code THCH01 , .*ACMSH",BackCover
"knit back cover Code THCH09 , .*ACMSH",BackCover
"FABRIC, CHAPTER, GRADE A,138CM .#ACFAB",FauxLeather
"FABRIC, CHAPTER, GRADE A,138CM .#ACFAB",FauxLeather
"FABRIC, CHAPTER, GRADE A,138CM .#ACFAB",FauxLeather
"FABRIC, CHAPTER, GRADE A,138CM .#ACFAB",FauxLeather
"FABRIC, CHAPTER, GRADE A,138CM .#ACFAB",FauxLeather
"FABRIC, CHAPTER, GRADE A,138CM .#ACFAB",FauxLeather
"FABRIC, CHAPTER, GRADE A,138CM .#ACFAB",FauxLeather
"FABRIC, CHAPTER, GRADE A,138CM .#ACFAB",FauxLeather
"FABRIC, CHAPTER, GRADE A,138CM .#ACFAB",FauxLeather
"FABRIC, CHAPTER, GRADE A,138CM .#ACFAB",FauxLeather
"FABRIC, CHAPTER, GRADE A,138CM .#ACFAB",FauxLeather
"FABRIC, CHAPTER, GRADE A,138CM .#ACFAB",FauxLeather
"Fastener,X-MAS",MiscFasteners
"Fastener,T-nut,8-32x.25",Nut
"VELCRO,NYLON,HOOK & LOOP BACKED WITH ADHENSIVE",Tape
"SCR,M8-1.25X40MM,T30,FLAT, BLACK",MetricScrew
"SCR,M8-1.25X40MM,T30,FLAT, ZINC",MetricScrew
"Plug,arm,LH,FAB,CONF",Endcap
"Plug,arm,RH,FAB,CPNF",Endcap
"Plug,arm,LH,polished,CONF, Very.#ACTRM",Endcap
"Plug,arm,RH,polished,CONF, Very.#ACTRM",Endcap
"Foam,back,conference,X-99",Foams
"Foam,seat",Foams
"Foam,back,SEM/side/CONF",SeatCushion
"PM,Foam,seat,molded,",Foams
"Foam,back,wire stacker",SeatCushion
"Foam,seat,wire,stacker",SeatCushion
"Foam,seat,Aloha Easy",SeatCushion
"Foam,seat,ASSY,Very tsak",SeatCushion
"PM,Block light epe form,top, 8*8",PanelConnector
"PM,Block light epe form, bottom,8*8",PanelConnector
"Foam,topper stretcher,X99",Foams
Seat foam,SeatCushion
"Foam,back,outer,full UPH ,CONF/SEM,X-99",Foams
"Foam,back,plywood",Foams
"Assembly,Seat,Foam,Fern,Export",SeatCushion
ez65 guest back foam,MiscSeatFramAcc
"FOAM, BACK, INNER, POPPY CHAIR",Foams
"FOAM, BACK, OUTER, POPPY CHAIR",Foams
"FOAM, ARM, LH, INSIDE, POPPY CHAIR",Foams
"FOAM, ARM, RH, INSIDE, POPPY CHAIR",Foams
"FOAM, WATERFALL, POPPY CHAIR",Foams
"FOAM, ARM, LH, OUTSIDE,",Foams
"FOAM, ARM, RH, OUTSIDE, POPPY CHAIR",Foams
"ZODY LEATHER BACK, CUTTING FOAM",Foams
"FOAM, FOR SLEEVE GAS CYLINDER",Foams
"FOAM, SEAT, Aloha Active",SeatCushion
FOAM BACK INNER SHELL SUPPORT Plastic,BackrestFrame
FOAM BACK INNER SHELL SUPPORT Plastic,BackrestFrame
"Back Inner shell cover,IC",BackrestFrame
"Foam/shell ASSY,mid back, inner Easy",BackrestFrame
"Foam/shell ASSY,mid back, inner Easy",BackrestFrame
"FOAM, SEAT, Aloha Easy uph",SeatCushion
"FOAM,MOLDED,UPHOLSTERY,BACK, PROJ 530",SeatCushion
"FOAM,SEAT,AP, standard",SeatCushion
Acrylic cotton silk fiber W1500mm T5mm L1000,Fabric
BACK_LOW DENSITY BUBBLE CUTTING FOAM,Foams
SEAT LOW DENSITY BUBBLE CUTTING FOAM,Foams
ARM LH/RH_LOW DENSITY BUBBLE CUTTING FOAM,Foams
SEAT FRONT LOW DENSITY BUBBLE CUTTING FOAM,Foams
"FOAM, SEAT, CONFERENCE X-99",SeatCushion
"Foot,table,13IN,FAB",DeskFoot
"Foot,table,19IN,FAB",DeskFoot
"Frame,ASSY,WELD,w/o arm, wire,stacker,Very",SledBase
"Frame,ASSY,chrome,w/o arm, wire,stacker,Very",SledBase
"Frame,WELD,armless,FAB, side",FourLegBase
"Frame,WELD,LH,TBLT,FAB, side",FourLegBase
"Frame,WELD,RH,TBLT,FAB, side",FourLegBase
"Frame,WELD,arms,FAB, seminar",FourLegBase
"Frame,WELD,armless,FAB, seminar",FourLegBase
"Frame,WELD,LH,TBLT,FAB, seminar",FourLegBase
"Frame,WELD,RH,TBLT,FAB, seminar",FourLegBase
"Frame,WELD,arms,FAB, side",FourLegBase
"Frame ASSY,WELD,arm, wire,stacker",SledBase
"Frame ASSY,chrome,arm, wire,stacker",SledBase
"Foot rest casting,high, polished",FootRing
"Foot rest  Wood stool, raw material",MiscSeatFramAcc
"Foot rest  Wood stool, chrome",MiscSeatFramAcc
"Frame WELD,stool,fixed, arms,Very,FAB",FourLegBase
"Frame,WELD,side stool, fixed,armless,Very,FAB",FourLegBase
"Frame,WELD,wirestool, armless,Very,chrome",SledBase
"Frame,WELD,wirestool, w/arm,Very,chrome",SledBase
Sled frame,SledBase
4-leg  frame,SledBase
"FRM,4LEG,ARM,CASTER,MAARI, PTD, TR_PLS",FourLegBase
"FRM,4LEG,ARMLESS,CASTER,MAARI, PTD, TR_PLS",FourLegBase
"FRM,4LEG,ARM,GLIDE,MAARI, PTD, TR_PLS",FourLegBase
"FRM,4LEG,ARMLESS,GLIDE,MAARI, PTD, TR_PLS",FourLegBase
"FRM,WS,PTD, NO ARM,MAARI,TRPLS",SledBase
"FRAME,STOOL,ARM,HIGH,PROJ 530",FourLegBase
"FRAME,STOOL,NO ARM,HIGH, PROJ 530",FourLegBase
"ARM FRM for 4&5 star, MAARI,raw",ArmrestAssy
"FRAME,WELD,WIRE,HIGH,STOOL ,PROJ 581",SledBase
"Frame,  Connection rod,,black",MiscMechComp
"Frame, cross beam,black",MiscSeatFramAcc
"Frame, cross beam w/o mechanis ,black",MiscSeatFramAcc
"SLED FRAME,WELDED, CONFERENCE, X-99",FourLegBase
"FOAM, BACK FOR Daytona",SeatCushion
"Gasket,upright,1.5x1.75, 020UHMWFE",MiscHardware
"Gasket, M8X16X0.5, Zinc",Washer
"GEARBOX, TILT TENSION, ZODY",MiscMechComp
"Glide,molded,caster socket, Back",MiscConnector
"Glide,molded,back",GlideVisitChair
"Glide,molded,caster socket, Front",MiscConnector
"Glide,molded,front",GlideVisitChair
"Glide,felt,push in,zody, side,D975119300",GlideVisitChair
"Glide,Y-LEG,polyethylene",GlideFurniture
"Glide,side,chair, D975118000,.#ACPLS",GlideVisitChair
"Glide,side,chair, D975118000,.#ACPLS",GlideVisitChair
"GLIDE,FLAT,FELT, 9MM x 37MM x 3.175 THK",GlideVisitChair
Four legs glide TR00F,GlideVisitChair
Sled rear glide TR00F,GlideVisitChair
Four leg socket TR00F,MiscChairFrame
"PLANES, GLIDE, 3/8 X 2.00",GlideFurniture
"Glide,Bottom,Very Wire Stacker",GlideVisitChair
"Glide, plastic 4-star",GlideVisitChair
Glide felt for 4-star,GlideVisitChair
"Glide felt, adhesive, poppy",GlideVisitChair
"Glide,Riverbend leg",GlideFurniture
"GLIDE, 4 LEG, FRAME, SOFT, FELT, PROJ 530, .*ACPLS",GlideVisitChair
"GLIDE, 4 LEG, FRAME, SOFT, FELT, PROJ 530, .*ACPLS",GlideVisitChair
"GLIDE, 4 LEG, FRAME, HARD, PLASTIC, PROJ 530, .*ACPLS",GlideVisitChair
"GLIDE, 4 LEG, FRAME, HARD, PLASTIC, PROJ 530, .*ACPLS",GlideVisitChair
"GLIDE,WS,SOFT,PROJ 530,TRANS",GlideVisitChair
"GLIDE,WS,HARD,PROJ 530,TRANS",GlideVisitChair
"GLIDE, HARD, PROJ 530",GlideVisitChair
"GLIDE,SOFT,NAILIN,PROJ530",GlideVisitChair
"Grommet,diameter 80mm,plastic, .#ACGRO",CableOutlet
"Grommet,diameter 80mm,plastic, .#ACGRO",CableOutlet
"Guard,pinch,control,side,LH",MiscMechComp
"Guard,pinch,control,side,RH",MiscMechComp
"Guard,LH,inner,MECH,pinch, ,CONF",MiscMechComp
"Guard,RH,inner,MECH,pinch, ,CONF",MiscMechComp
"Guard,isolator,spring,LH",Endcap
"Guard,isolator,spring,RH",Endcap
"Handle,ABS,activation,fliptop planes,flip table",Handle
"Handle,pneumatic,activation, .#ACPLS",SeatingControl
"Handle,pneumatic,activation, .#ACPLS",SeatingControl
"HANDLE,CARRIAGE,LUMBAR,POLISH, PROJ 451",LumbarLever
"Handle,assembly, .*ACPLS",SeatingControl
"Handle,assembly, .*ACPLS",SeatingControl
"FERN PLASTIC LUMBAR HANDLE , .*ACPLS",LumbarLever
"FERN PLASTIC LUMBAR HANDLE , .*ACPLS",LumbarLever
"Holder,coat hanger,RAW,Zody",CoatHanger
"HARDWARE,LEVELER",GlideFurniture
"CLIP,12MM,DRAWSTRING,EXPORT",Staples
"screw, M6X16, pan, zinc, Torx",MetricScrew
"screw, M5X16, pan, zinc, Torx",MetricScrew
"Hinge,16mm",Hinge
"Screen hook, .#MMW W, Desk fabric screen",ExtrudedProfile
"Screen hook, .#MMW W, Desk fabric screen",ExtrudedProfile
"Screen hook, .#MMW W, Desk fabric screen",ExtrudedProfile
"Screen hook, .#MMW W, Desk fabric screen",ExtrudedProfile
"Screen hook, .#MMW W, Desk fabric screen",ExtrudedProfile
"Screen hook, .#MMW W, Desk fabric screen",ExtrudedProfile
"Screen hook, .#MMW W, Desk fabric screen",ExtrudedProfile
"Screen hook, .#MMW W, Desk fabric screen",ExtrudedProfile
"Screen hook, .#MMW W, Desk fabric screen",ExtrudedProfile
"Screen hook, .#MMW W, Hung fabric screen",ExtrudedProfile
"Screen hook, .#MMW W, Hung fabric screen",ExtrudedProfile
"Screen hook, .#MMW W, Hung fabric screen",ExtrudedProfile
"Screen hook, .#MMW W, Hung fabric screen",ExtrudedProfile
"Screen hook, .#MMW W, Hung fabric screen",ExtrudedProfile
"Screen hook, .#MMW W, Hung fabric screen",ExtrudedProfile
"Screen hook, .#MMW W, Hung fabric screen",ExtrudedProfile
"Screen hook, .#MMW W, Hung fabric screen",ExtrudedProfile
"Screen hook, .#MMW W, Hung fabric screen",ExtrudedProfile
"Screen hook, .#MMW W, Hung fabric screen",ExtrudedProfile
"Chair,pneu cylinder housing, STD HGT,SVC",BaseTube
"Housing,PNEU CYL,SHS",BaseTube
"Seat cover,ARM,5 STAR, .*ACPLS",MechCover
"Seat cover,ARM,5 STAR, .*ACPLS",MechCover
"Seat cover,ARM ,4 STAR, .*ACPLS",SeatPlate
"Seat cover,ARM ,4 STAR, .*ACPLS",SeatPlate
"Seat cover,ARMLESS ,5 STAR, .*ACPLS",MechCover
"Seat cover,ARMLESS ,5 STAR, .*ACPLS",MechCover
"Seat cover,ARMLESS ,4 STAR, .*ACPLS",SeatPlate
"Seat cover,ARMLESS ,4 STAR, .*ACPLS",SeatPlate
"Housing for cylinder, for Zody Aluminum base",BaseTube
"HUB,ALUMINUM,POPPY CHAIR",MiscConnector
"Holder, end casting, planes training table,FAB",BeamSupport
"Damper holder,AL flip top, SC",MiscHardware
"Insert,main chanl,PH,50",InsertNut
"Insert,THD,M6,flange,HEX,drive",InsertNut
"INSERT FOR SCREW, M10*20",Nut
"KIT, COLUMNS, SERVICE ROUND TABLE",MountingKits
"Kit,Latch,HGT ADJ back, Look",BackrestFrame
Knob clip Ø6x10 (FKC004),MiscHardware
"Kit,cylinder,hardware, Very task",RetainHardware
"Damper, AL flip top, 0.5S-1.0S",MiscHardware
"screw assembly, worktop",MiscFasteners
"SCR, M4*16, DIN7500, ROUND PAN HEAD",MetricScrew
"MD,Label,HAWORTH,painted",ProductLabel
"MD,Label,product,chair, Painted,X99",ProductLabel
"MD,Label,HAWORTH,polished",ProductLabel
"MD,Label,info,chair,UL/CAS",ProductLabel
"Rope,jacket retainer,Zody",Yarn
"MD,Round label,green,PET",ProductLabel
cushion Haworth logo,ProductLabel
SAFETY STICK BOWI,SafetyLabel
STICKER SEAT SHELL BOWI,SafetyLabel
Indicator label,ProductLabel
"LEATHER, GRADE 1; AP ONLY .#ACLTH",Leather
"LEATHER, GRADE 1; AP ONLY .#ACLTH",Leather
"LEATHER, GRADE 1; AP ONLY .#ACLTH",Leather
"LEATHER, GRADE 1; AP ONLY .#ACLTH",Leather
"LEATHER, GRADE 1; AP ONLY .#ACLTH",Leather
"LEATHER, GRADE 1; AP ONLY .#ACLTH",Leather
"LEATHER, GRADE 1; AP ONLY .#ACLTH",Leather
"Y-Leg,short,planes, Collaborative Tables",Tableleg
"Y-Leg,long,planes, Collaborative Tables",Tableleg
"LEG,REAR,WD,PROJ530, .#ACTRL",ChairLeg
"LEG,REAR,WD,PROJ530, .#ACTRL",ChairLeg
"LEG,REAR,WD,PROJ530, .#ACTRL",ChairLeg
"LEG,FRONT,WD,PROJ530, .#ACTRL",ChairLeg
"LEG,FRONT,WD,PROJ530, .#ACTRL",ChairLeg
"LEG,FRONT,WD,PROJ530, .#ACTRL",ChairLeg
"Lever,seat sliding,ACT .#ACPLS",SeatingControl
"Lever,seat sliding,ACT .#ACPLS",SeatingControl
"Lever,F/T,ASSY .#ACPLS",SeatingControl
"Lever,F/T & B/S,ASSY TR00E",SeatingControl
"Lever,F/T & B/S,ASSY TR00F",SeatingControl
"Lever,B/S,ASSY TR00E",SeatingControl
"Lever,B/S,ASSY TR00F",SeatingControl
"Lever,tension ADJ, ASSY .#ACPL",SeatingControl
"Lever,tension ADJ, ASSY .#ACPLS",SeatingControl
"Lever,tension ADJ, ASSY .#ACPLS",SeatingControl
"Lever,side ACT,ASSY,PUEN,Zody .#ACPLS",SeatingControl
"Lever,side ACT,ASSY,PUEN,Zody .#ACPLS",SeatingControl
"LEVER,FORWARD TILT,FERN,BLACK, EXPORT",SeatingControl
"LEVER,FORWARD TILT,FERN,FOG, EXPORT",SeatingControl
"LEVER,SEAT DEPTH,FERN,BLACK, EXPORT",SeatingControl
"LEVER,SEAT DEPTH,FERN,FOG, EXPORT",SeatingControl
"LEVER,PNUEMATIC,FERN,BLACK, EXPORT",SeatingControl
"LEVER,PNUEMATIC,FERN,FOG, EXPORT",SeatingControl
"Activation, Activation lever",SeatingControl
"Activation, Guide lever below",SeatingControl
"Activation, Guide lever top",SeatingControl
"Activation, Taste Lever ,.*ACPLS",SeatingControl
"Activation, Taste Lever ,.*ACPLS",SeatingControl
"Activation, Lever",SeatingControl
"LEVER, TILT TENSION.#ACPLS DAYTONA",SeatingControl
"LEVER, TILT TENSION.#ACPLS DAYTONA",SeatingControl
"LEVER ASM, HEIGHT ADJ .#ACPLS, DAYTONA",SeatingControl
"LEVER ASM, HEIGHT ADJ .#ACPLS, DAYTONA",SeatingControl
"LEVER ASM, SEAT DPTH .#ACPLS, DAYTONA",SeatingControl
"LEVER ASM, SEAT DPTH .#ACPLS, DAYTONA",SeatingControl
"LEVER ASSY,F/T,B/S.#ACPLS DAYTONA",SeatingControl
"LEVER ASSY,F/T,B/S.#ACPLS DAYTONA",SeatingControl
"LEVER ASSY,B/S.#ACPLS DAYTONA",SeatingControl
"LEVER ASSY,B/S.#ACPLS DAYTONA",SeatingControl
"Liner,locking,arm",ArmUpright
"Liner,non locking,arm",ArmUpright
"LINER, OUTER, ARM LH DAYTONA",ArmrestSupport
"LINER, OUTER, ARM RH DAYTONA",ArmrestSupport
"LINER, INNER, ARM LH DAYTONA",ArmrestSupport
"LINER, INNER, ARM RH DAYTONA",ArmrestSupport
"LINKAGE, FRONT,.*ACPLS, Very",MiscMechComp
"LINKAGE, FRONT,.*ACPLS, Very",MiscMechComp
"LINK,FORWARD TILT,FERN,EXPORT",MiscSeatFramAcc
"LOCK,ASSEMBLY,FWD-TILT",MiscMechComp
"Back stop, kit",MiscMechComp
"LOCK,FORWARD TILT,FERN,EXPORT",MiscSeatFramAcc
"LOCK,SEAT DEPTH,FERN,EXPORT",MiscSeatFramAcc
"LOCK,NON-FORWARD TILT,FERN, EXPORT",MiscSeatFramAcc
"LOCK,FIXED SEAT,ASSY,EXPORT",MiscSeatFramAcc
"Lubricant,stick",Grease
Aloha Easy ref lumber kit,LumbarAssy
ez65 ref lumber kit,LumbarAssy
"ASSY,LUMBAR,.*ACPLS,PROJ545",LumbarAssy
"ASSY,LUMBAR,.*ACPLS,PROJ545",LumbarAssy
"LEG,WOOD,FRONT, STOOL,.#ACTRL",ChairLeg
"LEG,WOOD,FRONT, STOOL,.#ACTRL",ChairLeg
"LEG,WOOD,FRONT, STOOL,.#ACTRL",ChairLeg
"LEG,WOOD,REAR, STOOL,.#ACTRL",ChairLeg
"LEG,WOOD,REAR, STOOL,.#ACTRL",ChairLeg
"LEG,WOOD,REAR, STOOL,.#ACTRL",ChairLeg
"LEG, GANGING, FAB, PROJ 561",SofaLeg
"Work height small leg ,FAB , 350 * 180.",SofaLeg
"Lounge height small leg,FAB , 350 * 120.",SofaLeg
"Leg with insert, L,.*ACPLS",FourLegBase
"Leg with insert, L,.*ACPLS",FourLegBase
"Leg with insert, R,.*ACPLS",FourLegBase
"Leg with insert, R,.*ACPLS",FourLegBase
"Frame, Plug leg  left,.*ACPLS",MiscSeatFramAcc
"Frame, Plug leg  left,.*ACPLS",MiscSeatFramAcc
"Frame, Plug leg  right ,.*ACPLS",MiscSeatFramAcc
"Frame, Plug leg  right ,.*ACPLS",MiscSeatFramAcc
"Riverbend 52 seat high leg,FAB",SofaLeg
"Riverbend 52 seat low leg,FAB",SofaLeg
"Epure wood leg, .*ACWBD",Tableleg
"Epure wood leg, .*ACWBD",Tableleg
"solid wood, Oak clear .*ACTRL",ChairLeg
"solid wood, Walnut clear .*ACTRL",ChairLeg
"solid wood, Black Ash .*ACTRL",ChairLeg
Screw lever inside wooden leg,MiscConnector
POPPY FOOT MATS COVER,GlideVisitChair
POPPY FOOT PADS,GlideVisitChair
WOOL FELT,GlideVisitChair
"HANG TAG, PROJEC 545",ProductLabel
"HANG TAG, FERN CHAIR CHINESE REGIONAL USE",ProductLabel
Installation guide label HANG TAG,ProductLabel
"MTG,cord,PWR,desk, .#ACPLS",CableChain
"MTG,cord,PWR,desk, .#ACPLS",CableChain
"Mechanism, Bushing",Bushings
axial needle roller bearing AX,MiscHardware
"Nut,square,5/16-18 UNC, Bevel united",Nut
"SCR,Nut,hex,M6x4,GB13681-92",Nut
"NUT,TEE,end panel,bamboo",Nut
"Nut,square,5/16DIAx18THRD",Nut
"Nut,lock,VM6,,din 980,X99",Nut
"NUT,HEX,M5 GB6170-85, zinc coated",Nut
"NUT,M8,DUALTAB",Nut
"NUT,M8-1.25,HEX,NYLON,LOCKNU, NE,TRIV,ZNC",Nut
"Carpin nut, Tablet, Maari, Poppy",Nut
"PLATE,WASHER,LEG,FRONT, PROJ530,TRPLS",MiscConnector
"PLATE,WASHER,LEG,REAR, PROJ530,TRPLS",MiscConnector
Metal bar,BackSupport
Spacer,BackSupport
"Metal board, 410*326x2mm",MetalSheets
"AP metal plate, for Zody , .#ACTRM",SeatPlate
"AP metal plate, for Zody , .#ACTRM",SeatPlate
"Plate, Tablet, Maari, Poppy",SeatPlate
"PM,Box,CORR,INST KIT-P+D_WS",PackagingCarton
"MD,Sheeting,foam",FoamFilm
"MD,Bag,polyethylene",PackingPouchBag
"MD,Poly pad",Foams
"PM,Block,foam,side rail/top cap",Foams
"MD,POLYPROPYLENE TAPE",Tape
"PM,Bag,poly,seating,PKG",PackingPouchBag
"MD,PKG spec,polyethy",StretchWrapFilm
"PM,Box",PackagingCarton
"PM,Box",PackagingCarton
"PM,Box",PackagingCarton
"PM,PKG SPEC,PRM",PackagingCarton
"MD,PKG spec,hdpe bag",PackingPouchBag
"PM,Sheet,CORR",PackagingCarton
"PM,Kraft single wall CORR, FF5PF",PackagingCarton
"PM,PKG spec,prm trans post",PackagingCarton
"PM,PKG spec,box,corr",PackagingCarton
"PM,Box,CORR",PackagingCarton
"PM,Prm trim carton",PackagingCarton
"PM,Prm trim carton",PackagingCarton
"PM,BOX, single wall corr, FF5PF",PackagingCarton
"PM,PKG spec,rs5pf",PackagingCarton
"PM,PKG,SPEC,RS5PF",PackagingCarton
"PM,PKG spec,rs5pf",PackagingCarton
"PM,PKG spec,rs5pf",PackagingCarton
"PM,PKG spec,rs5pf",PackagingCarton
"PM,PKG spec,rs5pf",PackagingCarton
"PM,PKG spec,rs5pf",PackagingCarton
"PM,PKG spec,rs5pf",PackagingCarton
"PM,PKG spec,rs5pf",PackagingCarton
"PM,PKG,SPEC,RS5PF",PackagingCarton
"PM,Trans height carton",PackagingCarton
"PM,Box,corrugated, 3Lx1.6875Wx19.3125D",PackagingCarton
"PM,Boxes,cartons,etc",PackagingCarton
"PM,Boxes,cartons,etc",PackagingCarton
"PM,Boxes,cartons,etc",PackagingCarton
"PM,Box,corr-uppr PST",PackagingCarton
"PM,PKG SPEC",PackagingCarton
"PM,Saddle,interior, #1 carton diecut",PackagingCarton
"MD,China-186x250",PackagingLabel
"MD,ID label for china",ProductLabel
"MD,China label-on xone tile",PackagingLabel
"PM,Non-wovenfabricsheet",PackingPouchBag
"PM,EPS molded endcap",Foams
"MD,Tape,polyeSTer,19",Tape
Neminder able,ProductLabel
QA approved label,PackagingLabel
"PM,Carton,#2,CORR,HSC,recyle, 28.125x28.125x42.000",PackagingCarton
"PM,Carton,#1,CORR,HSC, Recyle 28.125X26.125X35.500",PackagingCarton
"PM,Kraft honeycomb diecut pad",PackagingCarton
"MD,Bag,bubble,PKG",PackingPouchBag
"PM,Polyethylene beaded foam",Foams
"PM,Spec",Foams
"Block, foam",Foams
"PM,Polyethylene foam bag",Foams
"PM,EPE FOAM,END CAP",Foams
"PM,EPE FOAM",Foams
"PM,EPE FOAM",Foams
"MD,Bubble bag",PackingPouchBag
"PM,Polyethelyfoam,tube,10mm",Foams
"PM,Polyethelyfoam,tube,21mm",Foams
"PM,Expanded PE/PS inter- polymer foam pad",Foams
"PM,EPE,end cap,140x105x 120mm",PackagingCarton
"PM,Back cover,air-PAQ bag, T=75um,_size=20mm",PackingPouchBag
"PM,EPE pad",Foams
"PM,EPS foam, 310x194x70mm",Foams
"MD,SELF-LOCKING BAG 7# 200*140MM 5S THICK",PackingPouchBag
"PM, Plastic bag",PackingPouchBag
"MD,High density PE film w=1600 T=0.02mm",PackingPouchBag
"MD, EPE film w=1200 T=3mm",Foams
"PM, PE bag",PackingPouchBag
"PM,Polyethelyfoam,tube,21x550m",Foams
"PM,PKG-FF5PF,recycled CORR,12x3.5x27.5",PackagingCarton
"PM,Kraft singl wall",PackagingCarton
"PM,FF5pf-24 premise",PackagingCarton
"PM,Kraft single wall CORR scored sheet",PackagingCarton
"PM,PKG spec,kraft multi-SCRd",PackagingCarton
"PM,PKG spec,kraft multi-SCRd",PackagingCarton
"PM,Kraft singlewall",PackagingCarton
"PM,Kraft single wall CORR,FF5PF",PackagingCarton
"PM,Kraft single wall CORR,FF5PF",PackagingCarton
"PM,Kraft single wall CORR,FF5PF",PackagingCarton
"PM,Kraft single wall CORR,FF5PF",PackagingCarton
"PM,Kraft single wall CORR,FF5PF",PackagingCarton
"PM,Pad,small,new",PackagingCarton
"PM,Kraft single wall",PackagingCarton
"PM,Kraft single wall",PackagingCarton
"PM,Kraft singl wall",PackagingCarton
"PM,Tray,for chair,PKG",PackagingCarton
"PM,FF5PF,Bamboo power hatch",PackagingCarton
"PM,FF5PF,Bamboo power hatch",PackagingCarton
"PM,FF5PF,Bamboo power hatch",PackagingCarton
"PM,FF5PF,Bamboo power hatch",PackagingCarton
"PM,FF5PF,Bamboo power hatch",PackagingCarton
"PM,Kraft single wall CORR FF5PF,for winder cross beam",PackagingCarton
"PM,Single wall FF5PF, for winder cross beam",PackagingCarton
"PM,Multi-score fpf",PackagingCarton
"PM,Multi-score fpf",PackagingCarton
"PM,Multi-score fpf",PackagingCarton
"PM,FPF - xone china",PackagingCarton
"PM,FPF - xone china",PackagingCarton
"PM,Kraft single wall CORR, FF5PF",PackagingCarton
"PM,Special FF5PF, 1905x686x32mm",PackagingCarton
"PM,Spec ff5pf 1540*785*32mm",PackagingCarton
"PM,Spec ff5pf 1943.1702,1499*889*32mm",PackagingCarton
"PM,Spec ff5pf 1943,1346,1295*991*32mm",PackagingCarton
"PM,Spec ff5pf 1638,1334,1181*1295*32mm",PackagingCarton
"PM,Spec ff5pf 2324,2197*1346*32mm",PackagingCarton
"PM,Molded eps corner",Foams
"PM,Molded eps corner",Foams
"MD,Honeycomb filler 48 inch, 32 inch cookie cut",CardboardInsert
"PM,Kraft",PackagingCarton
"PM,EPE FOAM,CORNER ,T=38MM",Foams
"PM,EPE FOAM,TOP CRNR ,T=38MM",Foams
"MD,Corner,honeycomb",PackagingCarton
"PM,Die_cut,pad,single wall CORR",PackagingCarton
"PM,Kraft,D/C18.5x1732C pad",PackagingCarton
"PM,Single wall CORR board",PackagingCarton
"PM,Single wall CORR paper board",PackagingCarton
"PM,EPE foot cushion",Foams
Saddle-air paq,PackingPouchBag
"MD,PM,PAPER CORNER 54*54* 120mm*T3mm",PackagingCarton
"PM,SCREEN EPE CORNER PROTECTOR",Foams
"PM,SCREEN EPE EDGE PROTECTOR",Foams
"PM,LCL SHARED  EPE",Foams
"MD,TPE corner protector",EdgeProtectProf
"MD,corrugated filler 24 inch",CardboardInsert
"PM,single wall corr",PackagingCarton
"PM,double wall",PackagingCarton
"PM,single all corr",PackagingCarton
"MD, PM, corner protector for T=25",PackagingCarton
"PM, single wall corr, for leg",PackagingCarton
"PM, Corrugated board sheet",PackagingCarton
"PM, EPE foam tube",Foams
"PM, PE bag",PackingPouchBag
"MD,WT big corner protector",EdgeProtectProf
"PM, EPE foam, U shape",Foams
"PM, Scored sheet",PackagingCarton
"PM,PKG SPEC,INNER PACK MATL",PackagingCarton
"PM,PKG SPEC,INNER PACK MATL",PackagingCarton
"PM, box, single wall, ff5pf",PackagingCarton
"PM, Inter pack material,big",PackagingCarton
"PM, Inter pack material,small",PackagingCarton
"MD, E flute + kraft paper,Roll w=1200",PackagingCarton
"PM, Double Wall corr Tray",PackagingCarton
"PM, Double Wall corr Tray",PackagingCarton
"PM, Cardboard",PackagingCarton
"PM, corru board",PackagingCarton
"PM, corru board",PackagingCarton
"PM,Scored sheet,790",PackagingCarton
"PM,Scored & corner c",PackagingCarton
"PM,Small box,200x200x200 ,china",PackagingCarton
"PM,KRAFT FF5PF CARTON .#MML x .#MMW x .#MMT",PackagingCarton
"PM,KRAFT FF5PF CARTON .#MML x .#MMW x .#MMT",PackagingCarton
"PM,KRAFT FF5PF CARTON .#MML x .#MMW x .#MMT",PackagingCarton
"PM,KRAFT FF5PF CARTON .#MML x .#MMW x .#MMT",PackagingCarton
"PM,KRAFT FF5PF CARTON .#MML x .#MMW x .#MMT",PackagingCarton
"PM,KRAFT FF5PF CARTON .#MML x .#MMW x .#MMT",PackagingCarton
"PM,Box",PackagingCarton
"PM,Box",PackagingCarton
"PM,Kraft ff5pf 32c 9",PackagingCarton
"PM,Kraft ff5pf 32c 9",PackagingCarton
"PM,Kraft ff5pf 32c 9",PackagingCarton
"PM,Kraft ff5pf 32c 9",PackagingCarton
"PM,Kraft ff5pf 32c 9",PackagingCarton
"PM,Kraft ff5pf 32c 9",PackagingCarton
"PM,Kraft,double wall,RSC 778x735x571.5",PackagingCarton
"PM,Tray,double wall,CORR",PackagingCarton
"PM,Single wall corr,FF5PF",PackagingCarton
"PM,Double wall CORR, HSC",PackagingCarton
"PM,HSC,double wall,CORR 27.64x25.67x28.74,inch",PackagingCarton
"PM,SINGLE WALL CORR FF5PF 2225*290*110MM",PackagingCarton
"PM,Single wall CORR FF5PF, 1825x290x110mm",PackagingCarton
"PM,Single wall CORR FF5PF, 1525x290x110mm",PackagingCarton
"PM,Single wall CORR FF5PF, 1225x290x110mm",PackagingCarton
"PM,Single wall CORR, angle leg",PackagingCarton
"PM,Single wall CORR, straight leg",PackagingCarton
"PM,Single wall CORR,FF5PF ,mirror",PackagingCarton
"PM,Single wall CORR FF5PF",PackagingCarton
"PM,Single wall CORR FF5PF",PackagingCarton
"PM,Single wall CORR FF5PF",PackagingCarton
"PM,Single wall CORR FF5PF",PackagingCarton
"PM,Single wall CORR scored- corner cut",PackagingCarton
"PM,Single wall CORR scored sheet",PackagingCarton
"PM,Double wall CORR,RSC",PackagingCarton
"PM,Double wall CORR,RSC",PackagingCarton
"PM,Single wall corr,FF5PF",PackagingCarton
"PM,Single wall corr,FF5PF",PackagingCarton
"PM,Double wall CORR-HSC, 2950mm*1392",PackagingCarton
"PM,Double wall CORR-HSC, 2810*1625",PackagingCarton
"PM,Single wall CORR paper, board",PackagingCarton
"PM,Single wall CORR FF5PF",PackagingCarton
"PM,Single wall CORR FF5PF",PackagingCarton
"PM,Single wall CORR FF5PF",PackagingCarton
"PM,Single wall CORR FF5PF",PackagingCarton
"PM,Single wall CORR FF5PF",PackagingCarton
"PM,Single wall CORR FF5PF",PackagingCarton
"PM,Single wall CORR FF5PF",PackagingCarton
"PM,Single wall corr,FF5PF",PackagingCarton
"PM,Single wall corr,FF5PF",PackagingCarton
"PM,HSC,double wall, corrugugated carton",PackagingCarton
"PM,END COVER  FOR SCREEN 438MM",PackagingCarton
"PM,END COVER  FOR SCREEN 530MM",PackagingCarton
"PM,END COVER  FOR SCREEN 860MM",PackagingCarton
"PM,Carton _Screen H530mm *W998mm",PackagingCarton
"PM,Carton _Screen H530mm *W1298mm",PackagingCarton
"PM,Carton _Screen H530mm *W1398mm",PackagingCarton
"PM,Carton _Screen H530mm *W1598mm",PackagingCarton
"PM,Single Wall TUBE 90*75*595MM",PackagingCarton
"PM,Single Wall TUBE 90*75*795MM",PackagingCarton
"PM,Single Wall TUBE 90*75*945MM",PackagingCarton
"PM,Single Wall TUBE 60*30*500MM",PackagingCarton
"PM,Single Wall TUBE 60*30*650MM",PackagingCarton
"PM,Single Wall TUBE 60*30*1100MM",PackagingCarton
"PM,Single Wall TUBE 60*30*1330MM",PackagingCarton
"PM,Single Wall TUBE 60*30*1650MM",PackagingCarton
"PM,Single Wall CORR FF5PF",PackagingCarton
"PM,box, 750*1600",PackagingCarton
"PM,box, 750*1800",PackagingCarton
"PM,box, 900*2400",PackagingCarton
"PM,RSC,double wall corr",PackagingCarton
"PM,RSC,double wall corr",PackagingCarton
"PM,double wall, DBL inter leg",PackagingCarton
"PM, double wall, SGL inter leg",PackagingCarton
"PM, single wall corr, for 1000*1800 panel",PackagingCarton
"PM, single wall corr, for 1050*1800 panel",PackagingCarton
"PM, single wall corr, for 1100*1800 panel",PackagingCarton
"PM, single wall corr, for 1150*1800 panel",PackagingCarton
"PM, single wall corr, for 1200*1800 panel",PackagingCarton
"PM, single wall corr, for 1400*1800 panel",PackagingCarton
"PM, single wall corr, for 1500*1800 panel",PackagingCarton
"PM, single wall corr, for 1600*1800 panel",PackagingCarton
"MD,PM, single wall corr, for 900W",PackagingCarton
"MD,PM, single wall corr, for 1200W",PackagingCarton
"MD,PM, single wall corr, for 1600W",PackagingCarton
"MD,PM, single wall corr, for 1800W",PackagingCarton
"PM, single wall corr,",PackagingCarton
"PM, single wall corr,",PackagingCarton
"PM, single wall corr,",PackagingCarton
"PM, single wall corr,",PackagingCarton
"PM, single wall corr, for intermedia leg",PackagingCarton
"PM, single wall corr, for leg",PackagingCarton
"PM, single wall corr, for beam",PackagingCarton
"PM, single wall FF5PF, for cable tray",PackagingCarton
"PM, single wall FF5PF, for cable tray",PackagingCarton
"PM, single wall FF5PF, for cable tray",PackagingCarton
"PM, single wall FF5PF, for cable tray",PackagingCarton
"PM, single wall corr, for screen",PackagingCarton
"PM, single wall corr, for screen",PackagingCarton
"PM, single wall corr, for screen",PackagingCarton
"PM, single wall corr, for screen",PackagingCarton
"PM, single wall corr, for sitbench top",PackagingCarton
"PM, single wall corr, for sitbench top",PackagingCarton
"PM, single wall corr,",PackagingCarton
"PM,HSC, 710*780*733",PackagingCarton
"PM, HSC box Double Wall corr",PackagingCarton
"PM, HSC box Double Wall corr",PackagingCarton
"PM, Aloha CKD out box",PackagingCarton
"PM,WT cardboard,1340*2250",PackagingCarton
"PM,WT cardboard,1540*2050",PackagingCarton
"PM,WT cardboard,1640*1850",PackagingCarton
"PM,WT cardboard,1740*1850",PackagingCarton
"PM, out box for AI leg",PackagingCarton
"PM, out box for wood leg",PackagingCarton
"PM, Out box",PackagingCarton
"PM, Out box",PackagingCarton
"PM, out box 1200 for sig",PackagingCarton
"PM, out box 1400 for sig",PackagingCarton
"PM, out box 1600 for sig",PackagingCarton
"PM, out box 1200 for DBL",PackagingCarton
"PM, out box 1400 for DBL",PackagingCarton
"PM, out box 1600 for DBL",PackagingCarton
"PM, out box",PackagingCarton
"PM, out box",PackagingCarton
"PM, out box",PackagingCarton
"PM, Buzzi 477*1400",PackagingCarton
"PM, Buzzi 477*1600",PackagingCarton
"PM, Buzzi 477*1800",PackagingCarton
"PM, Buzzi 950*1400",PackagingCarton
"PM, Buzzi 950*1600",PackagingCarton
"PM, Buzzi 950*1800",PackagingCarton
"PM, Buzzi 737*1400",PackagingCarton
"PM, Buzzi 737*1600",PackagingCarton
"PM, Buzzi 737*1800",PackagingCarton
"PM, out box",PackagingCarton
"PM, out box",PackagingCarton
"PM, out box",PackagingCarton
Tablet packong box,PackagingCarton
POPPY CARTON TOP BOX,PackagingCarton
"Pad,TPU,push-on,colored, .#ACPLS",MiscChairFrame
"Pad,TPU,push-on,colored, .#ACPLS",MiscChairFrame
"Pad,tpu,push-on,colored, .*ACPLS",MiscChairFrame
"Pad,tpu,push-on,colored, .*ACPLS",MiscChairFrame
"PAD,LUMBAR,EXP,BLACK,TR00F",LumbarPad
"PAD,PUSHER,PELVIC,EXP,BLACK, TR00F",PelvisPad
"PAD,PUSHER,PELVIC,EXP,FOG, TR0",PelvisPad
"PIN, BACK STOP, CONTROL",Pins
"Pin,roll,axle,hinge, for y-leg",Pins
"Coat hanger,RAW,Zody",CoatHanger
"MECH,PUCK,POUF,FAB",Bracket
"PLATE,RETAINER,LUMBAR,ZODY",CompressSpring
"Plate,SGR,ceiling,CHN86,PH .#MML",CableHolder
"Plate,SGR,ceiling,CHN86,PH .#MML",CableHolder
"Plate,SGR,ceiling,CHN86,PH .#MML",CableHolder
"Plate,SGR,ceiling,CHN86,PH .#MML",CableHolder
"Plate,SGR,ceiling,CHN86,PH .#MML",CableHolder
Tie plate,MiscHardware
"STOPPER PLUG, SOFT CLOSING FLIP TOP",MiscHardware
"Plug,upright,FAB, LH",Endcap
"Plug,upright,FAB ,RH",Endcap
"Plug,upright,polished, LH",Endcap
"Plug,upright,polished, LH",Endcap
"Plug,upright,polished, RH",Endcap
"Plug,upright,polished, RH",Endcap
"Plug,mechanical,arm, bumper planes,Y-Leg ,Polypropylene",Endcap
"Plug,arm,LH,FAB,Very task",Endcap
"Plug,arm,RH,FAB,Very task",Endcap
"Plug,arm,LH,polished,Very task",Endcap
"Plug,arm,LH,polished,Very task",Endcap
"Plug,arm,RH,polished,Very task",Endcap
"Plug,arm,RH,polished,Very task",Endcap
"PLUG,UPRIGHT,NON-LUMBAR .#ACPLS",MiscLumbPelvCom
"PLUG,UPRIGHT,NON-LUMBAR .#ACPLS",MiscLumbPelvCom
"Plug,KD,Very task",RetainHardware
"Arm tablet,VERY side chair,LH ,.*ACTAB",Plywood
"Arm tablet,VERY side chair,LH ,.*ACTAB",Plywood
"Arm tablet,VERY side chair,LH ,.*ACTAB",Plywood
"Tang,UPH,guest,X99",MiscConnector
"Insert,FRM,ABS",Endcap
"PIN, ALIGN, MECH",Pins
"ROD, PIVOT, CONTROL",Pins
"SPCC,T=1.0mm,1250mmx2500mm",MetalSheets
"Pad,back,jacket,Very task",BackPad
"Pad,gripper,footrest",MiscSeatFramAcc
ez65 lumber pad,LumbarPad
Aloha Active lumber pad,LumbarPad
"ASSEMBLY,PAD,HEADREST",HeadRestPad
"PAD,LUMBAR,FERN,EXPORT",LumbarPad
"Rack,storage,fixedand, seminar,Very",SeatingBookRack
"RTNR,back,upper,W/nuts",RetainHardware
"Retainer,back,fabric,upper, W/nuts,wire stacker",MiscHardware
"RTNR,backfabric,lower",MiscHardware
"Retainer, mesh,fabric",BackrestFrame
"Retainer,UPH back,top plastic",RetainHardware
ez65 ref back retainer,BackrestFrame
"ez65 back retainer,top",RetainHardware
"ez65 back retainer,left",RetainHardware
"ez65 back retainer,dawn",RetainHardware
"RETAINER,MECHANICAL,RAIL, LH,FERN,EXPORT",MiscSeatFramAcc
"RETAINER,MECHANICAL,RAIL, RH,FERN,EXPORT",MiscSeatFramAcc
"RETAINER,SEAT ASSY,FERN,EXPORT",MiscSeatFramAcc
"Retainer Front,IC",BackrestFrame
"Retainer Back, IC",BackrestFrame
"Top/side  gasket , .#ACPLS",BackCover
"Top/side  gasket , .#ACPLS",BackCover
"Ring,retaining",DiscSpring
"RING, STEEL, PROJ 451",Staples
"Rivet,pop GB12681, 4.8*11",Rivet
"RIVET,SD 45 BS,1/8 X .251/.312",Rivet
"Rocker,pneumatic,",MiscMechComp
"ROD,HEX,CTRL,ZODY",MiscMechComp
Aloha Active  REF SLIDE SEAT,SeatPlate
Aloha Active  REF SLIDE SEAT,SeatPlate
"SHELL,SEAT, LOW,PROJ530,.*ACPLS",SeatShell
"SHELL,SEAT, LOW,PROJ530, .*ACPLS",SeatShell
"SHELL,SEAT, LOW,PROJ530,.*ACPLS",SeatShell
"SHELL,SEAT, LOW,PROJ530,.*ACPLS",SeatShell
"SHELL,SEAT, LOW,PROJ530, .*ACPLS",SeatShell
"Frame weldment, casters,X99, seminar,FAB",FourLegBase
"Frame weldment, glides,X99, seminar,FAB",FourLegBase
"Arm ASSY,4D,.*ACPLS, LH,SS CAP",ArmrestAssy
"Arm ASSY,4D,.*ACPLS, LH,SS CAP",ArmrestAssy
"Arm ASSY,4D,.*ACPLS, LH,SS CAP",ArmrestAssy
"Arm ASSY,4D,.*ACPLS, LH,SS CAP",ArmrestAssy
"Arm ASSY,4D,.*ACPLS, RH,SS CAP",ArmrestAssy
"Arm ASSY,4D,.*ACPLS, RH,SS CAP",ArmrestAssy
"Arm ASSY,4D,.*ACPLS, RH,SS CAP",ArmrestAssy
"Arm ASSY,4D,.*ACPLS, RH,SS CAP",ArmrestAssy
"Arm ASSY,HGT ADJ,.*ACPLS, LH,SS CAP",ArmrestAssy
"Arm ASSY,HGT ADJ,.*ACPLS, LH,SS CAP",ArmrestAssy
"Arm ASSY,HGT ADJ,.*ACPLS, LH,SS CAP",ArmrestAssy
"Arm ASSY,HGT ADJ,.*ACPLS, LH,SS CAP",ArmrestAssy
"Arm ASSY,HGT ADJ,.*ACPLS, RH,SS CAP",ArmrestAssy
"Arm ASSY,HGT ADJ,.*ACPLS, RH,SS CAP",ArmrestAssy
"Arm ASSY,HGT ADJ,.*ACPLS, RH,SS CAP",ArmrestAssy
"Arm ASSY,HGT ADJ,.*ACPLS, RH,SS CAP",ArmrestAssy
Maari seat pad foam with plate,SeatCushion
Label for in house Zody contro,ProductLabel
"RAIL,SEAT,ATTACHMENT,RH,FERN,E",MiscSeatFramAcc
"RAIL,SEAT,ATTACHMENT,LH,FERN,E",MiscSeatFramAcc
"End rail for desk screen, .#MMW W, Intuity rail",RailProfile
"End rail for desk screen, .#MMW W, Intuity rail",RailProfile
"End rail for desk screen, .#MMW W, Intuity rail",RailProfile
"End rail for desk screen, .#MMW W, Intuity rail",RailProfile
"End rail for desk screen, .#MMW W, Intuity rail",RailProfile
"End rail for desk screen, .#MMW W, Intuity rail",RailProfile
"End rail for desk screen, .#MMW W, Intuity rail",RailProfile
"End rail for desk screen, .#MMW W, Intuity rail",RailProfile
"End rail for desk screen, .#MMW W, Intuity rail",RailProfile
"End rail for desk screen, .#MMW W, Intuity worktop",RailProfile
"End rail for desk screen, .#MMW W, Intuity worktop",RailProfile
"End rail for desk screen, .#MMW W, Intuity worktop",RailProfile
"End rail for desk screen, .#MMW W, Intuity worktop",RailProfile
"End rail for desk screen, .#MMW W, Intuity worktop",RailProfile
"End rail for hung screen, .#MMW W, worktop bkt",RailProfile
"End rail for hung screen, .#MMW W, worktop bkt",RailProfile
"End rail for hung screen, .#MMW W, worktop bkt",RailProfile
"End rail for hung screen, .#MMW W, worktop bkt",RailProfile
"End rail for hung screen, .#MMW W, worktop bkt",RailProfile
"End rail for hung screen, .#MMW W, worktop bkt",RailProfile
"End rail for hung screen, .#MMW W, worktop bkt",RailProfile
"End rail for hung screen, .#MMW W, Intuity end bkt",RailProfile
"End rail for hung screen, .#MMW W, Intuity end bkt",RailProfile
"End rail for hung screen, .#MMW W, Intuity end bkt",RailProfile
"End rail for hung screen, .#MMW W, Intuity end bkt",RailProfile
"End rail for hung screen, .#MMW W, Intuity end bkt",RailProfile
"End rail for Epure scrn, .#MMW  W",RailProfile
"End rail for Epure scrn, .#MMW  W",RailProfile
"End rail for Epure scrn, .#MMW  W",RailProfile
"End rail for Epure scrn, .#MMW  W",RailProfile
"End rail for Epure scrn, .#MMW  W",RailProfile
"End rail for Epure scrn, .#MMW  W",RailProfile
"End rail for Epure scrn, .#MMW  W",RailProfile
"rail, desk ACR for Intuity WT, #MMW W, FAB",RailProfile
"rail, desk ACR for Intuity WT, #MMW W, FAB",RailProfile
"rail, desk ACR for Intuity WT, #MMW W, FAB",RailProfile
"rail, desk ACR for Intuity WT, #MMW W, FAB",RailProfile
"rail, desk ACR for Intuity WT, #MMW W, FAB",RailProfile
"Epure acrylic SCRN rail, .#MMW W ,FAB",RailProfile
"Epure acrylic SCRN rail, .#MMW W ,FAB",RailProfile
"Epure acrylic SCRN rail, .#MMW W ,FAB",RailProfile
"Epure acrylic SCRN rail, .#MMW W ,FAB",RailProfile
"Epure acrylic SCRN rail, .#MMW W ,FAB",RailProfile
SPACER FOR METAL MODESTY SCREEN,Bracket
"Desk screen frame, .#MMW W, for Intuity rail",DeskScreenFrame
"Desk screen frame, .#MMW W, for Intuity rail",DeskScreenFrame
"Desk screen frame, .#MMW W, for Intuity rail",DeskScreenFrame
"Desk screen frame, .#MMW W, for Intuity rail",DeskScreenFrame
"Desk screen frame, .#MMW W, for Intuity rail",DeskScreenFrame
"Desk screen frame, .#MMW W, for Intuity rail",DeskScreenFrame
"Desk screen frame, .#MMW W, for Intuity rail",DeskScreenFrame
"Desk screen frame, .#MMW W, for Intuity rail",DeskScreenFrame
"Desk screen frame, .#MMW W ,Intuity and Tibas worktop",DeskScreenFrame
"Desk screen frame, .#MMW W ,Intuity and Tibas worktop",DeskScreenFrame
"Desk screen frame, .#MMW W ,Intuity and Tibas worktop",DeskScreenFrame
"Desk screen frame, .#MMW W ,Intuity and Tibas worktop",DeskScreenFrame
"Desk screen frame, .#MMW W ,Intuity and Tibas worktop",DeskScreenFrame
"Desk screen tackable frame, .#MMW W, for Intuity rail",DeskScreenFrame
"Desk screen tackable frame, .#MMW W, for Intuity rail",DeskScreenFrame
"Desk screen tackable frame, .#MMW W, for Intuity rail",DeskScreenFrame
"Desk screen tackable frame, .#MMW W, for Intuity rail",DeskScreenFrame
"Desk screen tackable frame, .#MMW W, for Intuity rail",DeskScreenFrame
"Desk screen tackable frame, .#MMW W, for Intuity rail",DeskScreenFrame
"Desk screen tackable frame, .#MMW W, for Intuity rail",DeskScreenFrame
"Desk screen tackable frame, .#MMW W, for Intuity rail",DeskScreenFrame
"Desk screen tackable frame, .#MMW W, for Intuity rail",DeskScreenFrame
"Desk tackable screen frame, .#MMW W, Intuity and Tibas WT",DeskScreenFrame
"Desk tackable screen frame, .#MMW W, Intuity and Tibas WT",DeskScreenFrame
"Desk tackable screen frame, .#MMW W, Intuity and Tibas WT",DeskScreenFrame
"Desk tackable screen frame, .#MMW W, Intuity and Tibas WT",DeskScreenFrame
"Desk tackable screen frame, .#MMW W, Intuity and Tibas WT",DeskScreenFrame
"frame, hung fabric scrn .#MMW W, Intuty, worktop bkt",HungScreenFrame
"frame, hung fabric scrn .#MMW W, Intuty, worktop bkt",HungScreenFrame
"frame, hung fabric scrn .#MMW W, Intuty, worktop bkt",HungScreenFrame
"frame, hung fabric scrn .#MMW W, Intuty, worktop bkt",HungScreenFrame
"frame, hung fabric scrn .#MMW W, Intuty, worktop bkt",HungScreenFrame
"frame, hung fabric scrn .#MMW W, Intuty, worktop bkt",HungScreenFrame
"frame, hung fabric scrn .#MMW W, Intuty, worktop bkt",HungScreenFrame
"frame, hung fabric scrn .#MMW W, Intuty, end bkt",HungScreenFrame
"frame, hung fabric scrn .#MMW W, Intuty, end bkt",HungScreenFrame
"frame, hung fabric scrn .#MMW W, Intuty, end bkt",HungScreenFrame
"frame, hung fabric scrn .#MMW W, Intuty, end bkt",HungScreenFrame
"frame, hung fabric scrn .#MMW W, Intuty, end bkt",HungScreenFrame
"frame, hung tack fab scrn .#MMW W, Intuty, worktop bkt",HungScreenFrame
"frame, hung tack fab scrn .#MMW W, Intuty, worktop bkt",HungScreenFrame
"frame, hung tack fab scrn .#MMW W, Intuty, worktop bkt",HungScreenFrame
"frame, hung tack fab scrn .#MMW W, Intuty, worktop bkt",HungScreenFrame
"frame, hung tack fab scrn .#MMW W, Intuty, worktop bkt",HungScreenFrame
"frame, hung tack fab scrn .#MMW W, Intuty, worktop bkt",HungScreenFrame
"frame, hung tack fab scrn .#MMW W, Intuty, worktop bkt",HungScreenFrame
"frame, hung fabric scrn .#MMW W, Epure, worktop bkt",HungScreenFrame
"frame, hung fabric scrn .#MMW W, Epure, worktop bkt",HungScreenFrame
"frame, hung fabric scrn .#MMW W, Epure, worktop bkt",HungScreenFrame
"frame, hung fabric scrn .#MMW W, Epure, worktop bkt",HungScreenFrame
"frame, hung fabric scrn .#MMW W, Epure, worktop bkt",HungScreenFrame
"frame, hung fabric scrn .#MMW W, Epure, worktop bkt",HungScreenFrame
"frame, hung fabric scrn .#MMW W, Epure, worktop bkt",HungScreenFrame
"frame, hung tack fab scrn .#MMW W, Epure, worktop bkt",HungScreenFrame
"frame, hung tack fab scrn .#MMW W, Epure, worktop bkt",HungScreenFrame
"frame, hung tack fab scrn .#MMW W, Epure, worktop bkt",HungScreenFrame
"frame, hung tack fab scrn .#MMW W, Epure, worktop bkt",HungScreenFrame
"frame, hung tack fab scrn .#MMW W, Epure, worktop bkt",HungScreenFrame
"frame, hung tack fab scrn .#MMW W, Epure, worktop bkt",HungScreenFrame
"frame, hung tack fab scrn .#MMW W, Epure, worktop bkt",HungScreenFrame
"SCR,pan head,PH,zinc DIA0.12x0.75L,plastifast,black",WoodFurnitScrew
"SCR,M8-50mm,PAN,TX,self, tapping,PHOS&WAX",MetricScrew
"SCR,M8x90mm,pan,TX,zinc, MS,nylon,patch",MetricScrew
"SCR,,FLT,HX,,Z,M8X30MM",WoodFurnitScrew
"SCR,TX,SW,phos,and oil, 5/16-18X1.250,black",SelfTapScrew
"SCR,5/16-18x.75,PAN,TX,SW,B",SelfTapScrew
"SCR,.312-18x2.00,cap,HX,B,Z",MetricScrew
"SCR,M6x20,cap,hex GB70-85,8.8, zinc coated",MetricScrew
"SCR,3/8-16x1.25,cap,HX, BK,W/patch",MetricScrew
1/4-20 x 1 3/4 SHCS w/patch,MetricScrew
"SCREW #10-32 X .375 TRUSS, M5",MetricScrew
"SCR,pan head,TX,zinc DIA8-32x0.34,0.074 shoulder",SelfTapScrew
"SCR,pan head,TX,zinc,carburize D8-32x0.34,0.074 shoulder,12.",MetricScrew
"SCR,M5X12.5mm,pan,TX,B,Z, plastikwik,black",SelfTapScrew
"SCR,pan head,TX,zinc M6x14mmL,plastikwik,black",SelfTapScrew
"SCR,pan head,TX,zinc M6x14mmL,plastikwik,black",SelfTapScrew
"SCR,M5X10.0MM,TRS,TX,B,Z BLK, PLASTIKWIK",MetricScrew
"SCR,M5.5*19 GB845, zinc coated",WoodFurnitScrew
"SCREW,4.8X19,PH,BLACK GB845",WoodFurnitScrew
"SCR,ST4.2x30",WoodFurnitScrew
"SCR,M5x16mm,OVL,TX,,Z,X99",SelfTapScrew
"SCR,M5x40mm,FLT,PH,,Z",SelfTapScrew
"SCR,M6x16mm,FIT,TX,,Z,X99",SelfTapScrew
"SCR,M6x16mm,FIT,TX,,Z,X99",SelfTapScrew
"SCR,pan head,TX,zinc M6x16mmL",SelfTapScrew
"SCR,M6x16mm,cap,HX,,Z,X99",SelfTapScrew
"SCR,M6x20mm,FLT,TX,,Z,X99",SelfTapScrew
"SCR,M6X25MM,pan,TX,Z,X99, D976125100",SelfTapScrew
"SCR,M6x40mm,FLT,HX,,Z,X99",SelfTapScrew
"SCR,M6x30mm,FLT,TX,,Z, 3-5 THD lead",SelfTapScrew
"SCR,pan head,PH,zinc M6x18mmL",MetricScrew
"Scr,M6x16,pan,TX,Aloha Easy gu",SelfTapScrew
"SCR,GB/T70.1,M5x10",MetricScrew
"SCR,GB/1845,M3.5x9.5",WoodFurnitScrew
"SCR,GB/T 818,M4x5",WoodFurnitScrew
"SCR,GB/T 70.3 M6x35, TRUSS-head",MetricScrew
"SCR,hex cap,M5x12",MetricScrew
"SCR,GB6560-86,M4x12",SelfTapScrew
"SCR,GB/T70.3,M5x8",MetricScrew
"SCR,8-32x.375,pan,ph,z",MetricScrew
"SCR,cantilever GB77 M5*6, zinc coated",MetricScrew
"SCR,M6x30 FLT,SL GB70.3,10.9, zinc coated",MetricScrew
"SCR,M6,FLT,SL,SW,Z GB77, M6*8, zinc coated",MetricScrew
"SCR,M6x10,hex,hx,ab,z GB70.3, 10.9, zinc coated",MetricScrew
"SCR,M6x12,hex,hx,ab,z GB70.3,10.9, zinc coated",MetricScrew
"SCR,M6x14,hex,hx,ab,z GB70.3, 10.9, zinc coated",MetricScrew
"SCR,M6x16,hex,hx,ab,z GB70.3, 10.9, zinc coated",MetricScrew
"SCR,M6x20,hex,hx,ab,z GB70.3, 10.9, zinc coated",MetricScrew
"SCR,M6x25,hex,hx,ab,z GB70.3,M6*25,10.9,zinc coated",MetricScrew
"SCR,M6x14,hex,hx,ab,z GB70.3, 10.9, specal head",MetricScrew
"SCR,pan,PH,zinc,M6x25mm",MetricScrew
"SCR,ST6.3x38, GB846,zinc coated",WoodFurnitScrew
"SCR,M6x30,flat GB819-76, zinc coated",MetricScrew
"SCR,M6x10,pan,hex,PH,a,b GB70.2,10.9, zinc coated",MetricScrew
"SCR,M6x6,pan,hex,PH,a,b GB70.2, 10.9, zinc coated",MetricScrew
"SCR,insert,ws,des",Nut
"SCR,M6x12,desk, GB77, zinc coated",MetricScrew
"SCR,M6.2-2.54X38",SelfTapScrew
"SCR,M4.0-1.8x10.00,truss, head,TX,Z",SelfTapScrew
"SCR,M4.0x11mm,PAN,WSHR, head,TX,Z",SelfTapScrew
"SCR,M3.5-1.6-18.2,RNDWHS, head,TX,Z",SelfTapScrew
"SCR,M5x12.5mm,PAN,TX,Z, plastic-KWIK",SelfTapScrew
"SCR,M7.2x1.59x19.50mm, WAFER,TX,6lobe",SelfTapScrew
"SCR,M5-2.2x17mm,PAN,TX, PK+",SelfTapScrew
"SCR,6-20x3/8,FLT,TX,AB, Z",SelfTapScrew
"SCR,10-12x5/8,FLT,TX,A, Z",SelfTapScrew
"SCR,M4x1.8x9.04,PAN,WSHER, HD,TX",SelfTapScrew
"SCR,M6-2.65x22MM,FTL, TX,",SelfTapScrew
"SCR,M6-2.65x36.8MM,OVL, TX,",SelfTapScrew
"SCR,M4.0x18.00mm,RND,WSHR, head,TX,Z",MetricScrew
"SCR,M8.0x22.20mm,PAN,TX,Z",MetricScrew
"SCR,1/4-20x12.7mm,PAN,TX, F,black",MetricScrew
"SCR,M5.0x14.4mm,RND,WSHER, headshldrd,TX,Z",MetricScrew
"SCR,8-32x.25,RND,WSHR,HD, TX,Z",MetricScrew
"SCR,8-32x.50,RND,WHSR,HD, TX,Z",MetricScrew
"SCR,st4.2x16,flt,ph,a,b GB845-85",MetricScrew
"SCR,2.9x19 GB846-85",MetricScrew
"SCR,for Tutti bench beam GB/T 70.1 M6x45,20mm,9.8",MetricScrew
"SCR,GB/T 70.1 M6x15,9.8",MetricScrew
GB/T 77 M5X10 FIX SCW,MetricScrew
"SCR,pan M6X20 GB818-85, zinc coated",MetricScrew
"SCR,pan,M10X80,GB/T70 zinc",MetricScrew
"SCR, 5.5*25,FLT GB846, zinc coated",WoodFurnitScrew
"SCR,#12-11,PAN,HEX,PH,A,B",SelfTapScrew
"SCR,GB/T6561 M4x10",SelfTapScrew
"SCR,GB/T6560 M4x10",SelfTapScrew
"SCR,GB/T6561,M5x12",SelfTapScrew
"SCR,GB/T6561 M5x12",SelfTapScrew
"SCR, M6X70,HEX socket GB70",MetricScrew
"SCR,GB/T70.1,M5x8",MetricScrew
"SCR,M6x12mm,FLT,TX,,Z,X99",SelfTapScrew
"SCREW,M6X24MM,DELTA, BLK",SelfTapScrew
"SCR, 1/2-13,BTN,HEX, B-PATCH",MetricScrew
SCREW M5 X 2.25 X 10.0 MM T-25,SelfTapScrew
"SCR,M8X40,GB/T70.3",MetricScrew
"SCR, M8X45 GB70",MetricScrew
"SCR,back beam,M4.2X19 GB846",WoodFurnitScrew
"SCR,SHLDR,RD,M5X2.25X14.0MM, TX,T25",SelfTapScrew
GB/T 2672   Hexagon lobular Flower shape head screws M8*27,MetricScrew
GB/T 2672  Hexagon lobular Flower shape head screws M8*30,MetricScrew
GB/T 2672   Hexagon lobular Flower shape M8 L=35mm DK=15,MetricScrew
"3x SCREW,WITH 3x SPRING WASHER",MiscFasteners
"3x SCREW,WITH 2x SPRING WASHER and 1x flush washer",MiscFasteners
"8x SCREW M8*30, black",MiscFasteners
"SCREW,M6-1X13.5MM,RNDWA,6LOBE, T30,M/S,BLK,ZNC,W/PATCH",MetricScrew
"SCR,M5-0.8x10,TRS,6LB,T20, THRFRM,BLK,ZNC",MetricScrew
"SCR,M4-0.7x8,PHD,6LB,T20, THR FRM,BLK,ZNC",MetricScrew
"SCR,M8-1.25MM,RNDWA,T30, M/S,W/PATCH,BLK",MetricScrew
"M8-1.25X30MM,FLAT,T40,M/S, TRIV,BLK ZNC",MetricScrew
"SCREW,M4-.7X15MM,TRUSS, 6LOBE,T20,TF,ZNC",SelfTapScrew
M6*20mm,MetricScrew
M10*60mm Socket screws,MetricScrew
ST4.8*20 blackening screw,WoodFurnitScrew
ST4.8*20 galvanized screw,WoodFurnitScrew
"SCR,M6-1X20MM,FLAT,T30,ZNC, W/PATCH,BLK",MetricScrew
Screws DIN/ISO 912-8.8 M8x16,MetricScrew
Screws DIN/ISO 912-8.8 M6x25,MetricScrew
"Scew, half round head, M6x60, 10.9, TX, zinc plated",MetricScrew
"SCREW, half round head M6x35, 10.9, Black",MetricScrew
"SCREW, GB/T 846 ST3.5*25",WoodFurnitScrew
"SCREW,M6x8,black",MetricScrew
"Seat,shell,outer .#ACPLS",SeatShell
"Seat,shell,outer .#ACPLS",SeatShell
"Seat,shell,outer .#ACPLS",SeatShell
"Seat shell,seminar,Very, .#ACPLS",SeatShell
"Seat shell,seminar,Very, .#ACPLS",SeatShell
"Seat shell,seminar,Very, .#ACPLS",SeatShell
"Seat shell,seminar,Very, .#ACPLS",SeatShell
"Seat shell,seminar,Very, .#ACPLS",SeatShell
"Seat shell,seminar,Very, .#ACPLS",SeatShell
"Seat shell,seminar,Very, .#ACPLS",SeatShell
"Seat shell,seminar,Very, .#ACPLS",SeatShell
"Seat shell,seminar,Very, .#ACPLS",SeatShell
"Seat shell,seminar,Very, .#ACPLS",SeatShell
"Seat shell,seminar,Very, .#ACPLS",SeatShell
"Seat shell,seminar,Very, .#ACPLS",SeatShell
"Seat,fixed,4leg,Very,.#ACPLS",SeatPlate
"Seat,fixed,4leg,Very,.#ACPLS",SeatPlate
"Seat,fixed,4leg,Very,.#ACPLS",SeatPlate
"Seat,fixed,4leg,Very,.#ACPLS",SeatPlate
"Seat,fixed,4leg,Very,.#ACPLS",SeatPlate
"Seat,fixed,4leg,Very,.#ACPLS",SeatPlate
"Seat,fixed,4leg,Very,.#ACPLS",SeatPlate
"Seat,fixed,4leg,Very,.#ACPLS",SeatPlate
"Seat,fixed,4leg,Very,.#ACPLS",SeatPlate
"Seat,fixed,4leg,Very,.#ACPLS",SeatPlate
"Seat,fixed,4leg,very,.#ACPLS",SeatPlate
"Seat,fixed,4leg,very,.#ACPLS",SeatPlate
"Seat,shell,outer,SUB ASSY, Very task ,.#ACPLS",SeatPlate
"Seat,shell,outer,SUB ASSY, Very task ,.#ACPLS",SeatPlate
"Seat inner,ez65 guest chair TR00F",SeatPlate
Tension adjust trigger,SeatingControl
"SPCC,T=1.2mm,1250mm*2500mm",MetalSheets
"SGCC,T=0.7,1250*2500",MetalSheets
"SGCC, T=0.7, 1720*2131",MetalSheets
"SGCC, T=0.7, 931*2071.5",MetalSheets
"Shell,seat,inner,W/foam",SeatCushion
"Shell,Seat,SEM,X99,Export",SeatPlate
"Shell,seat,inner,W/foam Gel,Zody",SeatCushion
"Shell,seat/back,wire,STKR, Very,.#ACPLS",SeatShell
"Shell,seat/back,wire,STKR, Very,.#ACPLS",SeatShell
"Shell,seat/back,wire,STKR, Very,.#ACPLS",SeatShell
"Shell,seat/back,wire,STKR, Very,.#ACPLS",SeatShell
"Shell,seat/back,wire,STKR, Very,.#ACPLS",SeatShell
"Shell,seat/back,wire,STKR, Very,.#ACPLS",SeatShell
"Shell,seat/back,wire,STKR, Very,.#ACPLS",SeatShell
"Shell,seat/back,wire,STKR, Very,.#ACPLS",SeatShell
"Shell,seat/back,wire,STKR, Very,.#ACPLS",SeatShell
"Shell,seat/back,wire,STKR, Very,.#ACPLS",SeatShell
"Shell,seat/back,wire,STKR, very,.#ACPLS",SeatShell
"Shell,seat/back,wire,STKR, very,.#ACPLS",SeatShell
"Seat shell,inner,seat,Aloha Ea",SeatPlate
"Seat shell,ASSY,outer,Aloha Ea",SeatPlate
Out shell TR00F,SeatPlate
Aloha Easy LITE SEAT SHELL,SeatPlate
Aloha Easy Lite plywood,SeatPlate
"SHELL,OUTER,HEADREST",MiscHeadrestCom
"SHELL,OUTER,HEADREST",MiscHeadrestCom
"SHELL,OUTER,HEADREST",MiscHeadrestCom
"SHELL, UPHOLSTERY, BACK, PROJ 530",BackPad
Maari lower back seat pad foam with plate,SeatCushion
"Seat/Back, Seat shell,ASSY ,.*ACPLS",SeatShell
"Seat/Back, Seat shell,ASSY ,.*ACPLS",SeatShell
"Seat/Back, Seat shell,ASSY ,.*ACPLS",SeatShell
"Seat/Back, Seat shell,ASSY ,.*ACPLS",SeatShell
SOJI SEAT PLYWOOD,SeatPlate
DAYTONA SEAT FOAM W SHELL,SeatCushion
"SEAT,SHELL,plastic pad DAYTONA",SeatPlate
ID6XOD12XT1.5mm shimGB97-85,Washer
"Sleeve,locking,footrest",Sleeve
"Slide,plastic,",SlideDoorGuide
"Socket,caster,ACPLS",MiscConnector
"Socket,caster,ACPLS",MiscConnector
"Socket,caster,ACPLS",MiscConnector
"ATT spacer,interlock,LH",CabinetConnect
"ATT spacer,interlock,RH",CabinetConnect
"Spacer,no forward tilt no back stop.#ACPLS",SeatingControl
"Spacer,no forward tilt no back stop.#ACPLS",SeatingControl
"spacer PE for acrylic scrn, Intuity rail mount",Spacer
Intuity beam BTM spacer,Spacer
CONTROL FOUNDATION CUSHION BLOCK LH,MiscMechComp
CONTROL FOUNDATION CUSHION BLOCK RH,MiscMechComp
SOJI PLYWOOD ARM SPAER LH,MiscHardware
SOJI PLYWOOD ARM SPAER RH,MiscHardware
Intuity beam top spacer,Spacer
"Spline, MDF screen",MiscConnector
"Spring,TRSN,.295D,,top",MiscMechComp
"Spring,TRSN,.295D,,bottom",MiscMechComp
"Spring,TRSN,PNT,X99,GST, TRGBK",MiscMechComp
"Spring,TRSN,PNT,X99,GST, TRGBK",MiscMechComp
"Tension adjust assembly,B=70D, NA",MiscMechComp
"Spring,compression,0.4DIAx 1.75L,sliding seat lever",TensionSpring
"Spring,torsion,control,RH",TensionSpring
"Spring,torsioncontrol,LH",TensionSpring
"Spring,compression,steel planes fliptop",CompressSpring
"SPRING,FORWARD TILT,FERN,EXPOR",CompressSpring
"SPRING,TORSION,ACTIVATION, LEVER,FERN,EXPORT",TensionSpring
"SPRING,LUMBAR,FERN,EXPORT",MiscLumbPelvCom
"SPRING, HANDLE",CompressSpring
"Mechanism,Return spring,black",TensionSpring
"SPRING,WASHER,T93-1987,8,BLACK",Washer
"MD,Staple,chisel,resin coat",Staples
"MD,STAPLE,CHISEL PT,RESIN",Staples
"MD,STAPLE,CHISEL PT,RES used in SFT core",Staples
"MD,STAPLE,black, 1008J",Staples
"MD,STAPLE, Zinc, 9mmWx6mmH",Staples
1250x2500 steel 0.7T,MetalSheets
1250*1570 0.7T SPCC,MetalSheets
"SPCC,T=1.5,1250*2500",MetalSheets
1250x2500 steel 2.5T,MetalSheets
1250x2500 steel 3.0T,MetalSheets
"Metal sheet, 800x900, 4mmTHK",MetalSheets
"Stop,door,bottom",CabDoorStopper
"Stop,recline,soft",MiscConnector
"Stopper, AL flip top, SC",MiscHardware
Blocker of Back frame,BackrestFrame
"Strap,zipper,screen, PWR,Bamboo,.#MMW",Tape
"Strap,zipper,screen, PWR,Bamboo,.#MMW",Tape
"Strap,zipper,screen, PWR,Bamboo,.#MMW",Tape
"STAPLE STRIP, TOP, WOOD, POPPY CHAIR",SeatPlate
"STAPLE STRIP, BOTTOM, WOOD POPPY CHAIR",SeatPlate
"Zipper, 190mm, YKK",Tape
"Zipper, Effectively used 250mm",Tape
"Support,arm,lower, FAB,LH",ArmrestSupport
"Support,arm,lower, FAB,RH",ArmrestSupport
"Support,arm,lower, Polished,LH",ArmrestSupport
"Support,arm,lower, Polished,LH",ArmrestSupport
"Support,arm,lower, Polished,RH",ArmrestSupport
"Support,arm,lower, Polished,RH",ArmrestSupport
"Support,arm,fixed, FAB,LH",ArmrestSupport
"Support,arm,fixed, FAB,RH",ArmrestSupport
"Support,arm,fixed, Polish,LH",ArmrestSupport
"Support,arm,fixed, Polish,LH",ArmrestSupport
"Support,arm,fixed, Polish,RH",ArmrestSupport
"Support,arm,fixed, Polish,RH",ArmrestSupport
"Suprt,rod,seat,very, EXP,d972317000",MiscMechComp
"Support SUBASSY,lumbar,back .#ACPLS",LumbarAssy
"Support SUBASSY,lumbar,back .#ACPLS",LumbarAssy
"Support ASSY,headrest",HeadRest
"planes tray stiffer ,FAB .#MML",Beam
"planes tray stiffer ,FAB .#MML",Beam
"planes tray stiffer ,FAB .#MML",Beam
"Support,ASSY,headrest.kit .#ACPLS",HeadRest
"Support,ASSY,headrest,kit .#ACPLS",HeadRest
"SUPPORT,ARM,PLASTIC,LH,FERN, BLACK,EXPORT",ArmrestSupport
"SUPPORT,ARM,PLASTIC,LH,FERN, FOG,EXPORT",ArmrestSupport
"SUPPORT,ARM,PLASTIC,LH,FERN, SNOW,EXPORT",ArmrestSupport
"SUPPORT,ARM,PLASTIC,RH,FERN, BLACK,EXPORT",ArmrestSupport
"SUPPORT,ARM,PLASTIC,RH,FERN, FOG,EXPORT",ArmrestSupport
"SUPPORT,ARM,PLASTIC,RH,FERN, SNOW,EXPORT",ArmrestSupport
"SUPPORT, ARM, FXD, LH, PFP, PROJ 451",ArmrestSupport
"SUPPORT, ARM, FXD, RH, PFP, PROJ 451",ArmrestSupport
"SUPPORT, ARM, FXD, LH, POLISHED, PROJ 451",ArmrestSupport
"SUPPORT, ARM, FXD, RH, POLISHED, PROJ 451",ArmrestSupport
"SUPPORT, ARM, ALUM, LH, PFP, PROJ 451",ArmrestSupport
"SUPPORT, ARM, ALUM, RH, PFP, PROJ 451",ArmrestSupport
"SUPPORT, ARM, ALUM, LH, POLISHED, PROJ 451",ArmrestSupport
"SUPPORT, ARM, ALUM, RH, POLISHED, PROJ 4",ArmrestSupport
"SUPPORT,MOUNT,HEADREST",MiscHeadrestCom
"SUPPORT,MOUNT,HEADREST",MiscHeadrestCom
"SUPPORT,MOUNT,HEADREST",MiscHeadrestCom
"SUPPORT,POST,HEADREST",MiscHeadrestCom
"SUPPORT, ARM, FXD, CORED, LH, ASY, SCR, VRY",ArmrestSupport
"SUPPORT, ARM, FXD, CORED, RH, ASY, SCR, VRY",ArmrestSupport
"SUPPORT, ARM, FIXED,.*ACPLS,PR",ArmrestSupport
"SUPPORT, ARM, FIXED,.*ACPLS,PR",ArmrestSupport
"SUPPORT,LEVER,FWDTLT,PROJ545",SeatingControl
"SUPPORT,FRAME,WOOD,PROJ530, RAW MATERIAL",SeatPlate
"SUPPORT, 85 X 249.2, TABLES, FAB",Bracket
"SUPPORT, LUMBAR, SLIDE",LumbarPad
"SUPPORT, ARM, LOWER, LH, ADJ, RAW",ArmrestSupport
"SUPPORT, ARM, LOWER, RH, ADJ, RAW",ArmrestSupport
"SUPPORT, ARM, LOWER, LH, ADJ, POLISH",ArmrestSupport
"SUPPORT, ARM, LOWER, RH, ADJ, POLISH",ArmrestSupport
"DAYTONA,NARROW,SLIDE",MiscConnector
"HANDLE, LUMBAR .#ACPLS",MiscConnector
"HANDLE, LUMBAR .#ACPLS",MiscConnector
"VERY SUPPORT ARM FIXED CORED, LH, ASY, POL, VRY",ArmrestSupport
"VERY SUPPORT ARM FIXED CORED, RH, ASY, POL, VRY",ArmrestSupport
"Double-sided adhesive tape, 1120w*75000d",Tape
"SEAT,CLIP,ATTACHMENT,VERY SEMINAR",MiscFasteners
"INNER SHELL, CHAIR SEAT/BACK POPPY CHAIR",SeatShell
SEAT PAN WITH INSERTS ASSEMBLY,SeatCushion
"Cylinder,PNEU ASSY,w/CAN",GasSpringUnit
"Base, aluminum, raw material",StarBase
"Base, aluminum, polished",StarBase
"Base, aluminum, polished",StarBase
foam chick pouf A88028601,SofaFoam
foam chick pouf A88028601,SofaFoam
panel chick pouf A88028602,Endcap
panel chick pouf A88028602,Endcap
glider chick pouf A88028603,GlideFurniture
glider chick pouf A88028603,GlideFurniture
Pivot mount chick pouf A88028604,Bracket
Pivot mount chick pouf A88028604,Bracket
bushing pivot inner chick pouf A88028605,Bushings
bushing pivot inner chick pouf A88028605,Bushings
bushing pivot outer chick pouf A88028606,Bushings
bushing pivot outer chick pouf A88028606,Bushings
E-clip chick pouf A88028607,Clamps
E-clip chick pouf A88028607,Clamps
"8mm PET board, 4*8 used in SFT PET core",PETBoard
"18mm PET board, 1780x1220",PETBoard
"MD,Tape,tray,desk",Tape
"MD,Thread,nylon,black",Yarn
"Nylon thread, Allways UM cord",CableChain
"MD,Tie,wire,plastic,14.5L",Tape
"Tie,wire,plastic,23.6_in long",CableTie
"TIE, CABLE",CableTie
"TRACK,LH,LUMBAR,FERN,BLACK, EXPORT",MiscLumbPelvCom
"TRACK,LH,LUMBAR,FERN,FOG, EXPORT",MiscLumbPelvCom
"TRACK,LH,LUMBAR,FERN,SNOW, EXPORT",MiscLumbPelvCom
"TRACK,RH,LUMBAR,FERN,BLACK, EXPORT",MiscLumbPelvCom
"TRACK,RH,LUMBAR,FERN,FOG, EXPORT",MiscLumbPelvCom
"TRACK,RH,LUMBAR,FERN,SNOW, EXPORT",MiscLumbPelvCom
"Tube,bent,suprt,seat",BaseTube
"Tube,bent,SUPRY,seat,FIN, .*ACTRM",BaseTube
"Brush,Universal flip top, .#MMW",Brush
"Brush,Universal flip top, .#MMW",Brush
"Brush,Universal flip top, .#MMW",Brush
"Brush,Universal flip top, .#MMW",Brush
"AL edge, SC, 140D x .#MMW   , outbound,FAB",CableOutlet
"AL edge, SC, 140D x .#MMW   , outbound,FAB",CableOutlet
"AL edge, SC, 140D x .#MMW   , outbound,FAB",CableOutlet
"SCR,M4X6,GB/T6560",SelfTapScrew
"18mm PTB LPL board, 6*8, E0,FSC100%,",Particleboard
"TIBAS double side end leg,FAB, .#MMD D",Tableleg
"TIBAS double side end leg,FAB, .#MMD D",Tableleg
"TIBAS double side end leg,FAB, .#MMD D",Tableleg
"TIBAS double side end leg,FAB, .#MMD D",Tableleg
"TIBAS main beam,FAB, .#MMW W",Beam
"TIBAS main beam,FAB, .#MMW W",Beam
"TIBAS main beam,FAB, .#MMW W",Beam
"TIBAS main beam,FAB, .#MMW W",Beam
"TIBAS main beam,FAB, .#MMW W",Beam
"TIBAS single side end leg,FAB, .#MMD D",Tableleg
"TIBAS single side end leg,FAB, .#MMD D",Tableleg
"TIBAS single side end leg,FAB, .#MMD D",Tableleg
"TIBAS single side end leg,FAB, .#MMD D",Tableleg
"TIBAS single side intermedia leg,FAB, .#MMD D",Tableleg
"TIBAS single side intermedia leg,FAB, .#MMD D",Tableleg
"TIBAS end bracket,FAB",TopSupport
"TIBAS mid-span,FAB",TopSupport
TIBAS beam spacer,Spacer
"GB70.3,M6*40, White Zinc",MetricScrew
"TIBAS housing,30*60,M8",GlideFurniture
"TIBAS plug,30*60",Endcap
"5MM SPHC,700*950",MetalSheets
"Upright,control,support,back ASSY,W/pin,LH",BackUpright
"Upright,control,support,back ASSY,W/pin,RH",BackUpright
"Upright,control,support,back ASSY,W/pin,polish,LH",BackUpright
"Upright,control,support,back ASSY,W/pin,polish,LH",BackUpright
"Upright,control,support,back ASSY,W/pin,polish,RH",BackUpright
"Upright,control,support,back ASSY,W/pin,polish,RH",BackUpright
"Upright,RH,FIN,EXP",BackUpright
"Upright,LH,FIN,EXP",BackUpright
"Upright,support,ASSY,LH, w/pin,PFP",BackUpright
"Upright,support,ASSY,RH, w/pin,PFP",BackUpright
"Upright,support,ASSY,LH, w/pin,polished",BackUpright
"Upright,support,ASSY,LH, w/pin,polished",BackUpright
"Upright,support,ASSY,RH, w/pin,polished",BackUpright
"Upright,support,ASSY,RH, w/pin,polished",BackUpright
Right upright,BackUpright
Left upright,BackUpright
"Kit,upright,assebmly,X99, Guest,FAB",BackUpright
"Kit,upright,assebmly,X99, Seminar,FAB",BackUpright
STEEL L  PLATE IC,BackrestFrame
"plastic upright, pair, ,.#ACPLS",BackUpright
"Upright, Very, pair, plastic, .#ACPLS",BackUpright
"Upright, Very, pair, plastic, .#ACPLS",BackUpright
"Upright, Very, pair, plastic, thick, .#ACPLS",BackUpright
"Upright, Very, pair, plastic, thick, .#ACPLS",BackUpright
"Mdf painted Tablet, Maari, Poppy MDF Black",WritingTableTop
"Mdf painted Tablet, Maari, Poppy MDF White",WritingTableTop
"Solid wood Tablet Maari, Poppy",WritingTableTop
"Cord,D2.5,SYS58/X-99, D971401200",Yarn
"Tang,long,seminar,X-99, D972221600",MiscSeatFramAcc
"Tang,short,D972222100",MiscSeatFramAcc
Spacer,Spacer
"Cap,left,D972624600000",Endcap
"Cap,right,D972624700000",Endcap
"Cam,german,#D972742700",SeatingControl
Back attachment,BackSupport
Back support,BackSupport
"seat wood, Nia",SeatPlate
"Back Wood,High",BackrestFrame
"Back Wood,Mid",BackrestFrame
"INN,seat,SHL,W/nuts, D973407600",SeatPlate
"INN,back,SHL,D973407702",BackPad
"Seat cover, .#ACPLS, Nia",SeatPlate
"Seat cover, .#ACPLS, Nia",SeatPlate
"Seat cover w/o armrest, .#ACPLS, Nia",SeatPlate
"Seat cover w/o armrest, .#ACPLS, Nia",SeatPlate
"SHELL,HIGH, SEAT,.*ACPLS",SeatShell
"SHELL,HIGH, SEAT,.*ACPLS",SeatShell
"SHELL,HIGH, SEAT,.*ACPLS",SeatShell
"SHELL,HIGH, SEAT,.*ACPLS",SeatShell
"SHELL,HIGH, SEAT,.*ACPLS",SeatShell
"SHELL,HIGH, SEAT,.*ACPLS",SeatShell
Bearing with flange,Bearings
Bumper,BackSupport
Strip backrest,Hooks
Strip backrest w/o incision,Hooks
"Armcap,left,bottom, D974676401,001",ArmCap
"Armcap,right,bottom, D974676501,001",ArmCap
"Stretcher,cover,plastic, Bottom,D974681700,001",BackSupport
"Armcap,left,upper, D974683000,001",ArmCap
"armcap,right,upper, D974683100,001",ArmCap
"Bushing,tube,D974684400",Bushings
"Logo adapter,D974685302,001",MiscSeatFramAcc
"Glide,sled,base,chair,X99, D974689400,001",MiscConnector
Back Mechanism accommodate,BackrestFrame
Cover for back mechanism,BackSupport
"Armrest left, .#ACPLS",ArmrestAssy
"Armrest left, .#ACPLS",ArmrestAssy
"Armrest right, .#ACPLS",ArmrestAssy
"Armrest right, .#ACPLS",ArmrestAssy
"Cover backrest support,.*ACPLS",MechCover
"Cover backrest support,.*ACPLS",MechCover
"Cover backrest support top , .#ACPLS",MechCover
"Cover backrest support top , .#ACPLS",MechCover
"Knock-down cover,.*ACPLS",BackSupport
"Knock-down cover,.*ACPLS",BackSupport
Back lock knock-down function,BackSupport
Backrest fixation,BackSupport
"Bottom cap for fixed arm, LH, .*ACPLS",ArmCap
"Bottom cap for fixed arm, LH, .*ACPLS",ArmCap
"Bottom cap for fixed arm, LH, .*ACPLS",ArmCap
"Bottom cap for fixed arm, RH, .*ACPLS",ArmCap
"Bottom cap for fixed arm, RH, .*ACPLS",ArmCap
"Bottom cap for fixed arm, RH, .*ACPLS",ArmCap
"Control body ,.*ACPLS",MechAssy
"Control body ,.*ACPLS",MechAssy
"Assy,Soji arm,1D,PR,with bottom cap,.*ACPLS",ArmrestAssy
"Assy,Soji arm,1D,PR,with bottom cap,.*ACPLS",ArmrestAssy
"Assy,Soji arm,1D,PR,with bottom cap,.*ACPLS",ArmrestAssy
"Assy,Soji arm,4D,PR,with bottom cap,.*ACPLS",ArmrestAssy
"Assy,Soji arm,4D,PR,with bottom cap,.*ACPLS",ArmrestAssy
"Assy,Soji arm,4D,PR,with bottom cap,.*ACPLS",ArmrestAssy
"Nia,height adjust arm, LH, .*ACPLS",ArmrestAssy
"Nia,height adjust arm, LH, .*ACPLS",ArmrestAssy
"Nia,height adjust arm, RH, .*ACPLS",ArmrestAssy
"Nia,height adjust arm, RH, .*ACPLS",ArmrestAssy
"SCR,oval,HD,M6x10,D976121000",SelfTapScrew
"SCR,oval head,M5x16 DIN 7500 C torx",SelfTapScrew
"Flat,head,screw,M5x20,din, 7500,M,D976126100",SelfTapScrew
"Headrest nut,M6X11.5,black Very",InsertNut
"Headrest nut,M6X11.5,zinc Very",InsertNut
Plastic expanding rivet,Rivet
"Rivet,D976407100",Rivet
"Washer,plain,1/4",Washer
"WSHR,spring,0.32x0.62x.05 7, STL",Washer
"Washer,spring,GB/T93 5",Washer
SPRING WASHER GB/T 93 8,Washer
"Spring washer,GB/T 93 6",Washer
"WASHER, PROJ 451",Washer
"WASHER, PLASTIC",Washer
SPRING WASHER M10,Washer
"Washer, thrust bearing",Washer
"Wire,mech,HGT back, Look",TensionSpring
"Wire,mech,pneumaticact",TensionSpring
"Wire,fabricretainer,seat , 431.8mm(17.00)",MiscHardware
"Wire,fabricretainer,seat, 393.70mm(15.50)",MiscHardware
"Wire,fabricretainer,seat, 355.6mm(14.00)",MiscHardware
"WIRE,MECHANICAL,LUMBAR,FERN, EXPORT",MiscLumbPelvCom
"CABLE FWDTLT, FOR NEW MECH",SeatingControl
"Tie plate,worksurface",TableConnector
M3X10mm 304Screw,MetricScrew
"SCREW, M8,PAN, 6-LOBE, MS, BLK OXIDE",MetricScrew
M5*25,MetricScrew
M6*25,MetricScrew
Torx M6*30,MetricScrew
"BL,gasket of glass .#MMW",MiscConnector
"BL,gasket of glass .#MMW",MiscConnector
"BL,gasket of glass .#MMW",MiscConnector
"BL, gasket of glass .#MMW",MiscConnector
"BL,gasket of glass .#MMW",MiscConnector
"BL,gasket of glass .#MMW",MiscConnector
"BL,gasket of glass .#MMW",MiscConnector
"BL,gasket of glass .#MMW",MiscConnector
"BL,gasket of glass .#MMW",MiscConnector
"BL,gasket of glass .#MMW",MiscConnector
"BL,gasket of glass .#MMW",MiscConnector
"BL,gasket of glass .#MMW",MiscConnector
"BL,gasket of glass .#MMW",MiscConnector
"BL,gasket of glass .#MMW",MiscConnector
"BL,gasket of glass .#MMW",MiscConnector
"BL,gasket of glass .#MMW",MiscConnector
"BL,gasket of glass .#MMW",MiscConnector
"BL,gasket of glass .#MMW",MiscConnector
"BL, gasket of glass .#MMW",MiscConnector
"BL, gasket of glass .#MMH",MiscConnector
"BL, gasket of glass .#MMH",MiscConnector
"BL, gasket of glass .#MMH",MiscConnector
"BL, gasket of glass .#MMH",MiscConnector
"BL, gasket of glass .#MMH",MiscConnector
"BL, gasket of glass .#MMH",MiscConnector
"BL, gasket of glass .#MMH",MiscConnector
"BL, gasket of glass .#MMH",MiscConnector
"BL, gasket of glass .#MMH",MiscConnector
"BL, gasket of glass .#MMH",MiscConnector
"BL, gasket of glass .#MMH",MiscConnector
"BL, gasket of glass .#MMH",MiscConnector
"SCR,M6x20,GB6560",SelfTapScrew
Insert of end Cantilever bracket,InsertNut
insert for infinity 3 70MMW,InsertNut
"SFT,bottom rail,50T,W/O port, FAB,.#MMW",PartPanelRail
"SFT,bottom rail,50T,W/O port, FAB,.#MMW",PartPanelRail
"SFT,bottom rail,50T,W/O port, FAB,.#MMW",PartPanelRail
"SFT,bottom rail,50T,W/O port, FAB,.#MMW",PartPanelRail
"SFT,bottom rail,50T,W/O port, FAB,.#MMW",PartPanelRail
"SFT,bottom rail,50T,W/O port, FAB,.#MMW",PartPanelRail
"SFT,bottom rail,50T,W/O port, FAB,.#MMW",PartPanelRail
"SFT,bottom rail,50T,W/O port, FAB,.#MMW",PartPanelRail
"SFT,bottom rail,50T,W/O port, FAB,.#MMW",PartPanelRail
"SFT,bottom rail,50T,W/O port, FAB,.#MMW",PartPanelRail
"SFT,bottom rail,50T,PWR port,FAB,.#MMW",PartPanelRail
"SFT,bottom rail,50T,PWR port,FAB,.#MMW",PartPanelRail
"SFT,bottom rail,50T,PWR port,FAB,.#MMW",PartPanelRail
"SFT,bottom rail,50T,PWR port,FAB,.#MMW",PartPanelRail
"SFT,bottom rail,50T,PWR port,FAB,.#MMW",PartPanelRail
"SFT,bottom rail,50T,PWR port,FAB,.#MMW",PartPanelRail
"SFT,bottom rail,50T,PWR port,FAB,.#MMW",PartPanelRail
"SFT,bottom rail,50T,PWR port,FAB,.#MMW",PartPanelRail
"SFT,bottom rail,50T,PWR port,FAB,.#MMW",PartPanelRail
"SFT,bottom rail,50T,PWR port,FAB,.#MMW",PartPanelRail
"SFT,bottom rail,50T,PWR port,FAB,.#MMW",PartPanelRail
"SFT,HOR rail,50T,FAB, .#MMW",RailProfile
"SFT,HOR rail,50T,FAB, .#MMW",RailProfile
"SFT,HOR rail,50T,FAB, .#MMW",RailProfile
"SFT,HOR rail,50T,FAB, .#MMW",RailProfile
"SFT,HOR rail,50T,FAB, .#MMW",RailProfile
"SFT,HOR rail,50T,FAB, .#MMW",RailProfile
"SFT,HOR rail,50T,FAB, .#MMW",RailProfile
"SFT,HOR rail,50T,FAB, .#MMW",RailProfile
"SFT,HOR rail,50T,FAB, .#MMW",RailProfile
"SFT,HOR rail,50T,FAB, .#MMW",RailProfile
"SFT,top trim,50T,FAB, .#MMW",RailProfile
"SFT,top trim,50T,FAB, .#MMW",RailProfile
"SFT,top trim,50T,FAB, .#MMW",RailProfile
"SFT,top trim,50T,FAB, .#MMW",RailProfile
"SFT,top trim,50T,FAB, .#MMW",RailProfile
"SFT,top trim,50T,FAB, .#MMW",RailProfile
"SFT,top trim,50T,FAB, .#MMW",RailProfile
"SFT,top trim,50T,FAB, .#MMW",RailProfile
"SFT,top trim,50T,FAB, .#MMW",RailProfile
"SFT,top trim,50T,FAB, .#MMW",RailProfile
"SFT,bottom rail,25T,FAB, .#MMW",RailProfile
"SFT,bottom rail,25T,FAB, .#MMW",RailProfile
"SFT,bottom rail,25T,FAB, .#MMW",RailProfile
"SFT,bottom rail,25T,FAB, .#MMW",RailProfile
"SFT,bottom rail,25T,FAB, .#MMW",RailProfile
"SFT,bottom rail,25T,FAB, .#MMW",RailProfile
"SFT,bottom rail,25T,FAB, .#MMW",RailProfile
"SFT,bottom rail,25T,FAB, .#MMW",RailProfile
"SFT,INTER rail,25T,FAB, .#MMW",RailProfile
"SFT,INTER rail,25T,FAB, .#MMW",RailProfile
"SFT,INTER rail,25T,FAB, .#MMW",RailProfile
"SFT,INTER rail,25T,FAB, .#MMW",RailProfile
"SFT,INTER rail,25T,FAB, .#MMW",RailProfile
"SFT,INTER rail,25T,FAB, .#MMW",RailProfile
"SFT,INTER rail,25T,FAB, .#MMW",RailProfile
"SFT,INTER rail,25T,FAB, .#MMW",RailProfile
"SFT,INTER rail,25T,FAB, .#MMW",RailProfile
"SFT,HOR rail,25T,FAB, .#MMW",RailProfile
"SFT,HOR rail,25T,FAB, .#MMW",RailProfile
"SFT,HOR rail,25T,FAB, .#MMW",RailProfile
"SFT,HOR rail,25T,FAB, .#MMW",RailProfile
"SFT,HOR rail,25T,FAB, .#MMW",RailProfile
"SFT,HOR rail,25T,FAB, .#MMW",RailProfile
"SFT,HOR rail,25T,FAB, .#MMW",RailProfile
"SFT,HOR rail,25T,FAB, .#MMW",RailProfile
"SFT,top trim,25T,FAB, .#MMW",RailProfile
"SFT,top trim,25T,FAB, .#MMW",RailProfile
"SFT,top trim,25T,FAB, .#MMW",RailProfile
"SFT,top trim,25T,FAB, .#MMW",RailProfile
"SFT,top trim,25T,FAB, .#MMW",RailProfile
"SFT,top trim,25T,FAB, .#MMW",RailProfile
"SFT,top trim,25T,FAB, .#MMW",RailProfile
"SFT,top trim,25T,FAB, .#MMW",RailProfile
"SFT,intermediate rail,50T, FAB,.#MMW",RailProfile
"SFT,intermediate rail,50T, FAB,.#MMW",RailProfile
"SFT,intermediate rail,50T, FAB,.#MMW",RailProfile
"SFT,intermediate rail,50T, FAB,.#MMW",RailProfile
"SFT,intermediate rail,50T, FAB,.#MMW",RailProfile
"SFT,intermediate rail,50T, FAB,.#MMW",RailProfile
"SFT,intermediate rail,50T, FAB,.#MMW",RailProfile
"SFT,upper power rail,50T,FAB, W/O port,.#MMW",RailProfile
"SFT,upper power rail,50T,FAB, W/O port,.#MMW",RailProfile
"SFT,upper power rail,50T,FAB, W/O port,.#MMW",RailProfile
"SFT,upper power rail,50T,FAB, W/O port,.#MMW",RailProfile
"SFT,upper power rail,50T,FAB, W/O port,.#MMW",RailProfile
"SFT,upper power rail,50T,FAB, W/O port,.#MMW",RailProfile
"SFT,upper power rail,50T,FAB, W/O port, .#MMW",RailProfile
"SFT,upper power rail,50T,FAB, W/O port,.#MMW",RailProfile
"SFT,upper power rail,50T,FAB, W/O port,.#MMW",RailProfile
"SFT,upper power rail,50T,FAB, W/O port,.#MMW",RailProfile
"SFT,upper power rail,50T,FAB, W/O port,.#MMW",RailProfile
"SFT,upper power rail,50T,FAB, W/O port,.#MMW",RailProfile
"SFT,end trim cap,25T, FAB",Endcap
"SFT,end trim cap,50T, FAB",Endcap
"SFT,25×25,junction cap, 90DEG,4-way,FAB",PanelJunction
"SFT,25×25,junction cap, 90DEG,3-way,FAB",PanelJunction
"SFT,25×25,junction cap, 90DEG,2-way,FAB",PanelJunction
"SFT,25X25,junction cap, 90DEG,2-way dummy,FAB",PanelJunction
"SFT,50×50,junction cap, 90DEG,4-way,FAB",PanelJunction
"SFT,50×50,junction cap, 90DEG,3-way,FAB",PanelJunction
"SFT,50×50,junction cap, 90DEG,2-way,FAB",PanelJunction
"SFT,50×50,junction cap, 120DEG,3-way,FAB",PanelJunction
"SFT,25×50,junction cap, 90DEG,4-way,FAB",PanelJunction
"SFT,25×50×25,junction cap, 90DEG,3-way,FAB",PanelJunction
"SFT,50×25×50,junction cap, 90DEG,3-way,FAB",PanelJunction
"SFT,50×25,junction cap, RH,90DEG,2-way,FAB",PanelJunction
"SFT,25×50,junction cap, LH,90DEG,2-way,FAB",PanelJunction
"SFT,25X50,junction cap, 90DEG,2-way dummy,FAB",PanelJunction
"SFT,panel top connector",PanelConnector
"SFT,panel bottom connector",PanelConnector
"SFT,aligner for connector",PanelConnector
"SHIFT sliding bracket, .*ACPLS",Bracket
"SHIFT sliding bracket, .*ACPLS",Bracket
"SFT,end L-leg,LH, FAB,.#MMD",FrameLeg
"SFT,end L-leg,LH, FAB,.#MMD",FrameLeg
"SFT,end L-leg,LH, FAB,.#MMD",FrameLeg
"SFT,end L-leg,RH, FAB,.#MMD",FrameLeg
"SFT,end L-leg,RH, FAB,.#MMD",FrameLeg
"SFT,end L-leg,RH, FAB,.#MMD",FrameLeg
"SFT,share L-leg, FAB,.#MMD",FrameLeg
"SFT,share L-leg, FAB,.#MMD",FrameLeg
"SFT,L-bracket, for end leg,FAB",Bracket
"SFT,share U-leg, FAB,.#MMD",FrameLeg
"SFT,share U-leg, FAB,.#MMD",FrameLeg
"SFT,bottom-bracket, for end U-leg,FAB",Bracket
"SFT,stabilizer foot,25T, FAB",PanelStabilizer
"SFT,stabilizer foot,50T, FAB",PanelStabilizer
"SFT,upper power rail,50T,FAB, W/O port,.#MMW",RailProfile
"SFT,upper power rail,50T,FAB, W/O port,.#MMW",RailProfile
"SFT,upper power rail,50T,FAB, W/O port,.#MMW",RailProfile
"SFT,upper power rail,50T,FAB, W/O port,.#MMW",RailProfile
"SFT,upper power rail,50T,FAB, W/O port,.#MMW",RailProfile
"SFT,upper power rail,50T,FAB, W/O port,.#MMW",RailProfile
"SFT,upper power rail,50T,FAB, W/O port,.#MMW",RailProfile
"SFT,upper power rail,50T,FAB, W/O port,.#MMW",RailProfile
"SFT,upper power rail,50T,FAB, W/O port,.#MMW",RailProfile
"SFT,upper power rail,50T,FAB, W/O port,.#MMW",RailProfile
"SFT,upper power rail,50T,FAB, W/O port,.#MMW",RailProfile
"SFT,foam for raceway",Foams
"Shift VER rail for laterial screen, .#MMH , FAB",RailProfile
"Shift VER rail for laterial screen, .#MMH , FAB",RailProfile
"Shift HOR rail for laterial screen, .#MMW , FAB",RailProfile
"Shift HOR rail for laterial screen, .#MMW , FAB",RailProfile
"Shift HOR rail for laterial screen, .#MMW , FAB",RailProfile
"Shift HOR rail for laterial screen, .#MMW , FAB",RailProfile
"Shift top trim for share lateral screen, .#MMW , FAB",RailProfile
"Shift top trim for share lateral screen, .#MMW , FAB",RailProfile
"Shift top trim for share lateral screen, .#MMW , FAB",RailProfile
"Shift top trim for share lateral screen, .#MMW , FAB",RailProfile
"Shift shared back BKT for laterial screen,FAB",Bracket
"Shift shared front BKT for laterial screen,FAB",Bracket
"Shift end back BKT for laterial screen, .#MMH ,FAB",RailProfile
"Shift end back BKT for laterial screen, .#MMH ,FAB",RailProfile
"Shift end front BKT LH for laterial screen,FAB",Bracket
"Shift end front BKT RH for laterial screen,FAB",Bracket
"Shift end trim for laterial screen, .#MMH , FAB",RailProfile
"Shift end trim for laterial screen, .#MMH , FAB",RailProfile
"Shift top trim for end lateral screen, .#MMW , FAB",RailProfile
"Shift top trim for end lateral screen, .#MMW , FAB",RailProfile
"Shift top trim for end lateral screen, .#MMW , FAB",RailProfile
"Shift top trim for end lateral screen, .#MMW , FAB",RailProfile
"SFT,25T VER adapter, glass core, .#MMH , FAB",RailProfile
"SFT,25T VER adapter, glass core, .#MMH , FAB",RailProfile
"SFT,25T VER adapter, glass core, .#MMH , FAB",RailProfile
"SFT,25T VER adapter, glass core, .#MMH , FAB",RailProfile
"SFT,25T VER adapter, glass core, .#MMH , FAB",RailProfile
"SFT,25T VER adapter, glass core, .#MMH , FAB",RailProfile
"SFT,25T VER adapter,lateral screen, .#MMH , FAB",RailProfile
"SFT,25T VER adapter, glass core, .#MMH , FAB",RailProfile
"SFT,25T HOR adapter, glass core, .#MMW , FAB",RailProfile
"SFT,25T HOR adapter, glass core, .#MMW , FAB",RailProfile
"SFT,25T HOR adapter, glass core, .#MMW , FAB",RailProfile
"SFT,25T HOR adapter, glass core, .#MMW , FAB",RailProfile
"SFT,25T HOR adapter, glass core, .#MMW , FAB",RailProfile
"SFT,25T HOR adapter, glass core, .#MMW , FAB",RailProfile
"SFT,25T HOR adapter,glass core glass core, .#MMW , FAB",RailProfile
"SFT,25T HOR adapter, glass core, .#MMW , FAB",RailProfile
"SFT,25T HOR adapter, glass core, .#MMW , FAB",RailProfile
"SFT,25T HOR adapter, glass core, .#MMW , FAB",RailProfile
"SFT,25T HOR adapter, glass core, .#MMW , FAB",RailProfile
"SFT,25T HOR adapter,lateral screen, .#MMW , FAB",RailProfile
"SFT,25T HOR adapter,lateral screen, .#MMW , FAB",RailProfile
"SFT,25T HOR adapter,lateral screen, .#MMW , FAB",RailProfile
"SFT,25T HOR adapter,lateral screen, .#MMW , FAB",RailProfile
"SFTP1,50T VER adapter, glass core, .#MMH , FAB",RailProfile
"SFTP1,50T VER adapter, glass core, .#MMH , FAB",RailProfile
"SFTP1,50T VER adapter, glass core, .#MMH , FAB",RailProfile
"SFTS0,50T VER adapter, glass core, .#MMH , FAB",RailProfile
"SFTS0,50T VER adapter, glass core, .#MMH , FAB",RailProfile
"SFTP1,50T VER adapter, glass core, .#MMH , FAB",RailProfile
"SFTS0,50T VER adapter, glass core, .#MMH , FAB",RailProfile
"SFTS0,50T VER adapter, glass core, .#MMH , FAB",RailProfile
"SFTS0,50T VER adapter, glass core, .#MMH , FAB",RailProfile
"SFTS0,50T VER adapter, glass core, .#MMH , FAB",RailProfile
"SFTS0,50T VER adapter, glass core, .#MMH , FAB",RailProfile
"SFTP1,50T VER adapter, glass core, .#MMH , FAB",RailProfile
"SFTS0,50T VER adapter, glass core, .#MMH , FAB",RailProfile
"SFT,50T HOR adapter, glass core, .#MMW , FAB",RailProfile
"SFT,50T HOR adapter, glass core, .#MMW , FAB",RailProfile
"SFT,50T HOR adapter, glass core, .#MMW , FAB",RailProfile
"SFT,50T HOR adapter, glass core, .#MMW , FAB",RailProfile
"SFT,50T HOR adapter, glass core, .#MMW , FAB",RailProfile
"SFT,50T HOR adapter, glass core, .#MMW , FAB",RailProfile
"SFT,50T HOR adapter, glass core, .#MMW , FAB",RailProfile
"SFT, end bracket for Mono, LH,FAB",Bracket
"SFT, end bracket for Mono, RH,FAB",Bracket
"SFT, glass board,6THK, , .#MMH x .#MMW , .#ACGLS",PartPanelInfill
"SFT, glass board,6THK, , .#MMH x .#MMW , .#ACGLS",PartPanelInfill
"SFT, glass board,6THK, , .#MMH x .#MMW , .#ACGLS",PartPanelInfill
"SFT, glass board,6THK, , .#MMH x .#MMW , .#ACGLS",PartPanelInfill
"SFT, glass board,6THK, , .#MMH x .#MMW , .#ACGLS",PartPanelInfill
"SFT, glass board,6THK, , .#MMH x .#MMW , .#ACGLS",PartPanelInfill
"SFT, glass board,6THK, , .#MMH x .#MMW , .#ACGLS",PartPanelInfill
"SFT, glass board,6THK, , .#MMH x .#MMW , .#ACGLS",PartPanelInfill
"SFT, glass board,6THK, , .#MMH x .#MMW , .#ACGLS",PartPanelInfill
"SFT, glass board,6THK, , .#MMH x .#MMW , .#ACGLS",PartPanelInfill
"SFT, glass board,6THK, , .#MMH x .#MMW , .#ACGLS",PartPanelInfill
"SFT, glass board,6THK, , .#MMH x .#MMW , .#ACGLS",PartPanelInfill
"SFT, glass board,6THK, , .#MMH x .#MMW , .#ACGLS",PartPanelInfill
"SFT, glass board,6THK, , .#MMH x .#MMW , .#ACGLS",PartPanelInfill
"SFT, glass board,6THK, , .#MMH x .#MMW , .#ACGLS",PartPanelInfill
"SFT, glass board,6THK, , .#MMH x .#MMW , .#ACGLS",PartPanelInfill
"SFT, glass board,6THK, , .#MMH x .#MMW , .#ACGLS",PartPanelInfill
"SFT, glass board,6THK, , .#MMH x .#MMW , .#ACGLS",PartPanelInfill
"SFT, glass board,6THK, , .#MMH x .#MMW , .#ACGLS",PartPanelInfill
"SFT, glass board,6THK, , .#MMH x .#MMW , .#ACGLS",PartPanelInfill
"SFT, glass board,6THK, , .#MMH x .#MMW , .#ACGLS",PartPanelInfill
"SFT, glass board,6THK, , .#MMH x .#MMW , .#ACGLS",PartPanelInfill
"SFT, glass board,6THK, , .#MMH x .#MMW , .#ACGLS",PartPanelInfill
"SFT, glass board,6THK, , .#MMH x .#MMW , .#ACGLS",PartPanelInfill
"SFT, glass board,6THK, , .#MMH x .#MMW , .#ACGLS",PartPanelInfill
"SFT, glass board,6THK, , .#MMH x .#MMW , .#ACGLS",PartPanelInfill
"SFT, glass board,6THK, , .#MMH x .#MMW , .#ACGLS",PartPanelInfill
"SFT, glass board,6THK, , .#MMH x .#MMW , .#ACGLS",PartPanelInfill
"SFT, glass board,6THK, , .#MMH x .#MMW , .#ACGLS",PartPanelInfill
"SFT, glass board,6THK, , .#MMH x .#MMW , .#ACGLS",PartPanelInfill
"SFT, glass board,6THK, , .#MMH x .#MMW , .#ACGLS",PartPanelInfill
"SFT, glass board,6THK, , .#MMH x .#MMW , .#ACGLS",PartPanelInfill
"SFT, glass board,6THK, , .#MMH x .#MMW , .#ACGLS",PartPanelInfill
"SFT, glass board,6THK, , .#MMH x .#MMW , .#ACGLS",PartPanelInfill
"SFT, glass board,6THK, , .#MMH x .#MMW , .#ACGLS",PartPanelInfill
"SFT, glass board,6THK, , .#MMH x .#MMW , .#ACGLS",PartPanelInfill
"SFT, glass board,6THK, , .#MMH x .#MMW , .#ACGLS",PartPanelInfill
"SFT, glass board,6THK, , .#MMH x .#MMW , .#ACGLS",PartPanelInfill
"SFT, glass board,6THK, , .#MMH x .#MMW , .#ACGLS",PartPanelInfill
"SFT, glass board,6THK, , .#MMH x .#MMW , .#ACGLS",PartPanelInfill
"SFT, glass board,6THK, , .#MMH x .#MMW , .#ACGLS",PartPanelInfill
"SFT, glass board,6THK, , .#MMH x .#MMW , .#ACGLS",PartPanelInfill
"SFT, glass board,6THK, , .#MMH x .#MMW , .#ACGLS",PartPanelInfill
"SFT, glass board,6THK, , .#MMH x .#MMW , .#ACGLS",PartPanelInfill
"SFT, glass board,6THK, , .#MMH x .#MMW , .#ACGLS",PartPanelInfill
"SFT, glass board,6THK, , .#MMH x .#MMW , .#ACGLS",PartPanelInfill
"SFT, glass board,6THK, , .#MMH x .#MMW , .#ACGLS",PartPanelInfill
"SFT, glass board,6THK, , .#MMH x .#MMW , .#ACGLS",PartPanelInfill
"SFT, glass board,6THK, , .#MMH x .#MMW , .#ACGLS",PartPanelInfill
"SFT, glass board,6THK, , .#MMH x .#MMW , .#ACGLS",PartPanelInfill
"SFT, glass board,6THK, , .#MMH x .#MMW , .#ACGLS",PartPanelInfill
"SFT, glass board,6THK, , .#MMH x .#MMW , .#ACGLS",PartPanelInfill
"SFT, glass board,6THK, , .#MMH x .#MMW , .#ACGLS",PartPanelInfill
"SFT, glass board,6THK, , .#MMH x .#MMW , .#ACGLS",PartPanelInfill
"SFT, glass board,6THK, , .#MMH x .#MMW , .#ACGLS",PartPanelInfill
"SFT, glass board,6THK, , .#MMH x .#MMW , .#ACGLS",PartPanelInfill
"SFT, glass board,6THK, , .#MMH x .#MMW , .#ACGLS",PartPanelInfill
"SFT, glass board,6THK, , .#MMH x .#MMW , .#ACGLS",PartPanelInfill
"SFT, glass board,6THK, , .#MMH x .#MMW , .#ACGLS",PartPanelInfill
"SFT, glass board,6THK, , .#MMH x .#MMW , .#ACGLS",PartPanelInfill
"SFT, glass board,6THK, , .#MMH x .#MMW , .#ACGLS",PartPanelInfill
"SFT, glass board,6THK, , .#MMH x .#MMW , .#ACGLS",PartPanelInfill
"SFT, glass board,6THK, , .#MMH x .#MMW , .#ACGLS",PartPanelInfill
"SFT, glass board,6THK, , .#MMH x .#MMW , .#ACGLS",PartPanelInfill
"SFT, glass board,6THK, , .#MMH x .#MMW , .#ACGLS",PartPanelInfill
"SFT, glass board,6THK, , .#MMH x .#MMW , .#ACGLS",PartPanelInfill
"SFT, glass board,6THK, , .#MMH x .#MMW , .#ACGLS",PartPanelInfill
"SFT, glass board,6THK, , .#MMH x .#MMW , .#ACGLS",PartPanelInfill
"SFT, glass board,6THK, , .#MMH x .#MMW , .#ACGLS",PartPanelInfill
"SFT, glass board,6THK, , .#MMH x .#MMW , .#ACGLS",PartPanelInfill
"SFT, glass board,6THK, , .#MMH x .#MMW , .#ACGLS",PartPanelInfill
"SFT, glass board,6THK, , .#MMH x .#MMW , .#ACGLS",PartPanelInfill
"SFT, glass board,6THK, , .#MMH x .#MMW , .#ACGLS",PartPanelInfill
"SFT, glass board,6THK, , .#MMH x .#MMW , .#ACGLS",PartPanelInfill
"SFT, glass board,6THK, , .#MMH x .#MMW , .#ACGLS",PartPanelInfill
"SFT, glass board,6THK, , .#MMH x .#MMW , .#ACGLS",PartPanelInfill
"SFT, glass board,6THK, , .#MMH x .#MMW , .#ACGLS",PartPanelInfill
"SFT, glass board,6THK, , .#MMH x .#MMW , .#ACGLS",PartPanelInfill
"SFT, glass board,6THK, , .#MMH x .#MMW , .#ACGLS",PartPanelInfill
"SFT, glass board,6THK, , .#MMH x .#MMW , .#ACGLS",PartPanelInfill
"SFT, glass board,6THK, , .#MMH x .#MMW , .#ACGLS",PartPanelInfill
"SFT, glass board,6THK, , .#MMH x .#MMW , .#ACGLS",PartPanelInfill
"SFT, glass board,6THK, , .#MMH x .#MMW , .#ACGLS",PartPanelInfill
"SFT, glass board,6THK, , .#MMH x .#MMW , .#ACGLS",PartPanelInfill
"SFT, glass board,6THK, , .#MMH x .#MMW , .#ACGLS",PartPanelInfill
"SFT, glass board,6THK, , .#MMH x .#MMW , .#ACGLS",PartPanelInfill
"SFT, glass board,6THK, , .#MMH x .#MMW , .#ACGLS",PartPanelInfill
"SFT, glass board,6THK, , .#MMH x .#MMW , .#ACGLS",PartPanelInfill
"SFT, glass board,6THK, , .#MMH x .#MMW , .#ACGLS",PartPanelInfill
"SFT, glass board,6THK, , .#MMH x .#MMW , .#ACGLS",PartPanelInfill
"SFT, glass board,6THK, , .#MMH x .#MMW , .#ACGLS",PartPanelInfill
"SFT, glass board,6THK, , .#MMH x .#MMW , .#ACGLS",PartPanelInfill
"SFT, glass board,6THK, , .#MMH x .#MMW , .#ACGLS",PartPanelInfill
"SFT, glass board,6THK, , .#MMH x .#MMW , .#ACGLS",PartPanelInfill
"SFT, glass board,6THK, , .#MMH x .#MMW , .#ACGLS",PartPanelInfill
"SFT, glass board,6THK, , .#MMH x .#MMW , .#ACGLS",PartPanelInfill
"SFT, glass board,6THK, , .#MMH x .#MMW , .#ACGLS",PartPanelInfill
"SFT, glass board,6THK, , .#MMH x .#MMW , .#ACGLS",PartPanelInfill
"SFT, glass board,6THK, , .#MMH x .#MMW , .#ACGLS",PartPanelInfill
"SFT, glass board,6THK, , .#MMH x .#MMW , .#ACGLS",PartPanelInfill
"SFT, glass board,6THK, , .#MMH x .#MMW , .#ACGLS",PartPanelInfill
"SFT, glass board,6THK, , .#MMH x .#MMW , .#ACGLS",PartPanelInfill
"SFT, glass board,6THK, , .#MMH x .#MMW , .#ACGLS",PartPanelInfill
"SFT, glass board,6THK, , .#MMH x .#MMW , .#ACGLS",PartPanelInfill
"SFT, glass board,6THK, , .#MMH x .#MMW , .#ACGLS",PartPanelInfill
"SFT, glass board,6THK, , .#MMH x .#MMW , .#ACGLS",PartPanelInfill
"SFT, glass board,6THK, , .#MMH x .#MMW , .#ACGLS",PartPanelInfill
"SFT, glass board,6THK, , .#MMH x .#MMW , .#ACGLS",PartPanelInfill
"SFT, glass board,6THK, , .#MMH x .#MMW , .#ACGLS",PartPanelInfill
"SFT, glass board,6THK, , .#MMH x .#MMW , .#ACGLS",PartPanelInfill
"SFT, glass board,6THK, , .#MMH x .#MMW , .#ACGLS",PartPanelInfill
"SFT, glass board,6THK, , .#MMH x .#MMW , .#ACGLS",PartPanelInfill
"SFT, glass board,6THK, , .#MMH x .#MMW , .#ACGLS",PartPanelInfill
"SFT, glass board,6THK, , .#MMH x .#MMW , .#ACGLS",PartPanelInfill
"SFT, glass board,6THK, , .#MMH x .#MMW , .#ACGLS",PartPanelInfill
"SFT, glass board,6THK, , .#MMH x .#MMW , .#ACGLS",PartPanelInfill
"SFT, glass board,6THK, , .#MMH x .#MMW , .#ACGLS",PartPanelInfill
"SFT, glass board,6THK, , .#MMH x .#MMW , .#ACGLS",PartPanelInfill
"SFT, glass board,6THK, , .#MMH x .#MMW , .#ACGLS",PartPanelInfill
"SFT, glass board,6THK, , .#MMH x .#MMW , .#ACGLS",PartPanelInfill
"SFT, glass board,6THK, , .#MMH x .#MMW , .#ACGLS",PartPanelInfill
"SFT, glass board,6THK, , .#MMH x .#MMW , .#ACGLS",PartPanelInfill
"SFT, glass board,6THK, , .#MMH x .#MMW , .#ACGLS",PartPanelInfill
"SFT, glass board,6THK, , .#MMH x .#MMW , .#ACGLS",PartPanelInfill
"SFT, glass board,6THK, , .#MMH x .#MMW , .#ACGLS",PartPanelInfill
"SFT, glass board,6THK, , .#MMH x .#MMW , .#ACGLS",PartPanelInfill
"SFT, glass board,6THK, , .#MMH x .#MMW , .#ACGLS",PartPanelInfill
"SFT, glass board,6THK, , .#MMH x .#MMW , .#ACGLS",PartPanelInfill
"SFT, glass board,6THK, , .#MMH x .#MMW , .#ACGLS",PartPanelInfill
"SFT, glass board,6THK, , .#MMH x .#MMW , .#ACGLS",PartPanelInfill
"SFT, glass board,6THK, , .#MMH x .#MMW , .#ACGLS",PartPanelInfill
"SFT, glass board,6THK, , .#MMH x .#MMW , .#ACGLS",PartPanelInfill
"SFT, glass board,6THK, , .#MMH x .#MMW , .#ACGLS",PartPanelInfill
"SFT, glass board,6THK, , .#MMH x .#MMW , .#ACGLS",PartPanelInfill
"SFT, glass board,6THK, , .#MMH x .#MMW , .#ACGLS",PartPanelInfill
"SFT, glass board,6THK, , .#MMH x .#MMW , .#ACGLS",PartPanelInfill
"SFT, glass board,6THK, , .#MMH x .#MMW , .#ACGLS",PartPanelInfill
"SFT, glass board,6THK, , .#MMH x .#MMW , .#ACGLS",PartPanelInfill
"SFT, glass board,6THK, , .#MMH x .#MMW , .#ACGLS",PartPanelInfill
"SFT, glass board,6THK, , .#MMH x .#MMW , .#ACGLS",PartPanelInfill
"SFT, glass board,6THK, , .#MMH x .#MMW , .#ACGLS",PartPanelInfill
"SFT, glass board,6THK, , .#MMH x .#MMW , .#ACGLS",PartPanelInfill
"SFT, glass board,6THK, , .#MMH x .#MMW , .#ACGLS",PartPanelInfill
"SFT, glass board,6THK, , .#MMH x .#MMW , .#ACGLS",PartPanelInfill
"SFT, glass board,6THK, , .#MMH x .#MMW , .#ACGLS",PartPanelInfill
"SFT, glass board,6THK, , .#MMH x .#MMW , .#ACGLS",PartPanelInfill
"SFT, glass board,6THK, , .#MMH x .#MMW , .#ACGLS",PartPanelInfill
"SFT, glass board,6THK, , .#MMH x .#MMW , .#ACGLS",PartPanelInfill
"SFT, glass board,6THK, , .#MMH x .#MMW , .#ACGLS",PartPanelInfill
"SFT, glass board,6THK, , .#MMH x .#MMW , .#ACGLS",PartPanelInfill
"SFT, glass board,6THK, , .#MMH x .#MMW , .#ACGLS",PartPanelInfill
"SFT, glass board,6THK, , .#MMH x .#MMW , .#ACGLS",PartPanelInfill
"SFT, glass board,6THK, , .#MMH x .#MMW , .#ACGLS",PartPanelInfill
"SFT, glass board,6THK, , .#MMH x .#MMW , .#ACGLS",PartPanelInfill
"SFT, glass board,6THK, , .#MMH x .#MMW , .#ACGLS",PartPanelInfill
"SFT, glass board,6THK, , .#MMH x .#MMW , .#ACGLS",PartPanelInfill
"SFT, glass board,6THK, , .#MMH x .#MMW , .#ACGLS",PartPanelInfill
"SFT, glass board,6THK, , .#MMH x .#MMW , .#ACGLS",PartPanelInfill
"SFT, glass board,6THK, , .#MMH x .#MMW , .#ACGLS",PartPanelInfill
"SFT, glass board,6THK, , .#MMH x .#MMW , .#ACGLS",PartPanelInfill
"SFT, glass board,6THK, , .#MMH x .#MMW , .#ACGLS",PartPanelInfill
"SFT, glass board,6THK, , .#MMH x .#MMW , .#ACGLS",PartPanelInfill
"SFT, glass board,6THK, , .#MMH x .#MMW , .#ACGLS",PartPanelInfill
"SFT, glass board,6THK, , .#MMH x .#MMW , .#ACGLS",PartPanelInfill
"SFT, glass board,6THK, , .#MMH x .#MMW , .#ACGLS",PartPanelInfill
"SFT, glass board,6THK, , .#MMH x .#MMW , .#ACGLS",PartPanelInfill
"SFT, glass board,6THK, , .#MMH x .#MMW , .#ACGLS",PartPanelInfill
"SFT, glass board,6THK, , .#MMH x .#MMW , .#ACGLS",PartPanelInfill
"SFT, glass board,6THK, , .#MMH x .#MMW , .#ACGLS",PartPanelInfill
"SFT, glass board,6THK, , .#MMH x .#MMW , .#ACGLS",PartPanelInfill
"SFT, glass board,6THK, , .#MMH x .#MMW , .#ACGLS",PartPanelInfill
"SFT, glass board,6THK, , .#MMH x .#MMW , .#ACGLS",PartPanelInfill
"SFT, glass board,6THK, , .#MMH x .#MMW , .#ACGLS",PartPanelInfill
"SFT, glass board,6THK, , .#MMH x .#MMW , .#ACGLS",PartPanelInfill
"SFT, glass board,6THK, , .#MMH x .#MMW , .#ACGLS",PartPanelInfill
"SFT, glass board,6THK, , .#MMH x .#MMW , .#ACGLS",PartPanelInfill
"SFT, glass board,6THK, , .#MMH x .#MMW , .#ACGLS",PartPanelInfill
"SFT, glass board,6THK, , .#MMH x .#MMW , .#ACGLS",PartPanelInfill
"SFT, glass board,6THK, , .#MMH x .#MMW , .#ACGLS",PartPanelInfill
"SFT, glass board,6THK, , .#MMH x .#MMW , .#ACGLS",PartPanelInfill
"SFT, glass board,6THK, , .#MMH x .#MMW , .#ACGLS",PartPanelInfill
"SFT, glass board,6THK, , .#MMH x .#MMW , .#ACGLS",PartPanelInfill
"SFT, glass board,6THK, , .#MMH x .#MMW , .#ACGLS",PartPanelInfill
"SFT, glass board,6THK, , .#MMH x .#MMW , .#ACGLS",PartPanelInfill
"SFT, glass board,6THK, , .#MMH x .#MMW , .#ACGLS",PartPanelInfill
"SFT, glass board,6THK, , .#MMH x .#MMW , .#ACGLS",PartPanelInfill
"SFT, glass board,6THK, , .#MMH x .#MMW , .#ACGLS",PartPanelInfill
"SFT, glass board,6THK, , .#MMH x .#MMW , .#ACGLS",PartPanelInfill
"SFT, glass board,6THK, , .#MMH x .#MMW , .#ACGLS",PartPanelInfill
"SFT, glass board,6THK, , .#MMH x .#MMW , .#ACGLS",PartPanelInfill
"SFT, glass board,6THK, , .#MMH x .#MMW , .#ACGLS",PartPanelInfill
"SFT, glass board,6THK, , .#MMH x .#MMW , .#ACGLS",PartPanelInfill
"SFT, glass board,6THK, , .#MMH x .#MMW , .#ACGLS",PartPanelInfill
"SFT, glass board,6THK, , .#MMH x .#MMW , .#ACGLS",PartPanelInfill
"SFT, glass board,6THK, , .#MMH x .#MMW , .#ACGLS",PartPanelInfill
"SFT, glass board,6THK, , .#MMH x .#MMW , .#ACGLS",PartPanelInfill
"SFT, glass board,6THK, , .#MMH x .#MMW , .#ACGLS",PartPanelInfill
"SFT, glass board,6THK, , .#MMH x .#MMW , .#ACGLS",PartPanelInfill
"SFT, glass board,6THK, , .#MMH x .#MMW , .#ACGLS",PartPanelInfill
"SFT, glass board,6THK, , .#MMH x .#MMW , .#ACGLS",PartPanelInfill
"SFT, glass board,6THK, , .#MMH x .#MMW , .#ACGLS",PartPanelInfill
"SFT, glass board,6THK, , .#MMH x .#MMW , .#ACGLS",PartPanelInfill
"SFT, glass board,6THK, , .#MMH x .#MMW , .#ACGLS",PartPanelInfill
"SFT, glass board,6THK, , .#MMH x .#MMW , .#ACGLS",PartPanelInfill
"SFT, glass board,6THK, , .#MMH x .#MMW , .#ACGLS",PartPanelInfill
"SFT, glass board,6THK, , .#MMH x .#MMW , .#ACGLS",PartPanelInfill
"SFT, glass board,6THK, , .#MMH x .#MMW , .#ACGLS",PartPanelInfill
"SFT, glass board,6THK, , .#MMH x .#MMW , .#ACGLS",PartPanelInfill
"SFT, glass board,6THK, , .#MMH x .#MMW , .#ACGLS",PartPanelInfill
"SFT, glass board,6THK, , .#MMH x .#MMW , .#ACGLS",PartPanelInfill
"SFT, glass board,6THK, , .#MMH x .#MMW , .#ACGLS",PartPanelInfill
"SFT, glass board,6THK, , .#MMH x .#MMW , .#ACGLS",PartPanelInfill
"SFT, glass board,6THK, , .#MMH x .#MMW , .#ACGLS",PartPanelInfill
"SFT, glass board,6THK, , .#MMH x .#MMW , .#ACGLS",PartPanelInfill
"SFT, glass board,6THK, , .#MMH x .#MMW , .#ACGLS",PartPanelInfill
"SFT, glass board,6THK, , .#MMH x .#MMW , .#ACGLS",PartPanelInfill
"SFT, glass board,6THK, , .#MMH x .#MMW , .#ACGLS",PartPanelInfill
"SFT, glass board,6THK, , .#MMH x .#MMW , .#ACGLS",PartPanelInfill
"SFT, glass board,6THK, , .#MMH x .#MMW , .#ACGLS",PartPanelInfill
"SFT, glass board,6THK, , .#MMH x .#MMW , .#ACGLS",PartPanelInfill
"SFT, glass board,6THK, , .#MMH x .#MMW , .#ACGLS",PartPanelInfill
"SFT, glass board,6THK, , .#MMH x .#MMW , .#ACGLS",PartPanelInfill
"SFT, glass board,6THK, , .#MMH x .#MMW , .#ACGLS",PartPanelInfill
"SFT, glass board,6THK, , .#MMH x .#MMW , .#ACGLS",PartPanelInfill
"SFT, glass board,6THK, , .#MMH x .#MMW , .#ACGLS",PartPanelInfill
"SFT, glass board,6THK, , .#MMH x .#MMW , .#ACGLS",PartPanelInfill
"SFT, glass board,6THK, , .#MMH x .#MMW , .#ACGLS",PartPanelInfill
"SFT, glass board,6THK, , .#MMH x .#MMW , .#ACGLS",PartPanelInfill
"SFT, glass board,6THK, , .#MMH x .#MMW , .#ACGLS",PartPanelInfill
"SFT, glass board,6THK, , .#MMH x .#MMW , .#ACGLS",PartPanelInfill
"SFT, glass board,6THK, , .#MMH x .#MMW , .#ACGLS",PartPanelInfill
"SFT, glass board,6THK, , .#MMH x .#MMW , .#ACGLS",PartPanelInfill
"SFT, glass board,6THK, , .#MMH x .#MMW , .#ACGLS",PartPanelInfill
"SFT, glass board,6THK, , .#MMH x .#MMW , .#ACGLS",PartPanelInfill
"SFT, glass board,6THK, , .#MMH x .#MMW , .#ACGLS",PartPanelInfill
"SFT, glass board,6THK, , .#MMH x .#MMW , .#ACGLS",PartPanelInfill
"SFT, glass board,6THK, , .#MMH x .#MMW , .#ACGLS",PartPanelInfill
"SFT, glass board,6THK, , .#MMH x .#MMW , .#ACGLS",PartPanelInfill
"SFT, glass board,6THK, , .#MMH x .#MMW , .#ACGLS",PartPanelInfill
"SFT, glass board,6THK, , .#MMH x .#MMW , .#ACGLS",PartPanelInfill
"SFT, glass board,6THK, , .#MMH x .#MMW , .#ACGLS",PartPanelInfill
"SFT, glass board,6THK, , .#MMH x .#MMW , .#ACGLS",PartPanelInfill
"SFT, glass board,6THK, , .#MMH x .#MMW , .#ACGLS",PartPanelInfill
"SFT, glass board,6THK, , .#MMH x .#MMW , .#ACGLS",PartPanelInfill
"SFT, glass board,6THK, , .#MMH x .#MMW , .#ACGLS",PartPanelInfill
"SFT, glass board,6THK, , .#MMH x .#MMW , .#ACGLS",PartPanelInfill
"SFT, glass board,6THK, , .#MMH x .#MMW , .#ACGLS",PartPanelInfill
"SFT, glass board,6THK, , .#MMH x .#MMW , .#ACGLS",PartPanelInfill
"SFT, glass board,6THK, , .#MMH x .#MMW , .#ACGLS",PartPanelInfill
"SFT, glass board,6THK, , .#MMH x .#MMW , .#ACGLS",PartPanelInfill
"SFT, glass board,6THK, , .#MMH x .#MMW , .#ACGLS",PartPanelInfill
"SFT, glass board,6THK, , .#MMH x .#MMW , .#ACGLS",PartPanelInfill
"SFT, glass board,6THK, , .#MMH x .#MMW , .#ACGLS",PartPanelInfill
"SFT, glass board,6THK, , .#MMH x .#MMW , .#ACGLS",PartPanelInfill
"SFT, glass board,6THK, , .#MMH x .#MMW , .#ACGLS",PartPanelInfill
"SFT, glass board,6THK, , .#MMH x .#MMW , .#ACGLS",PartPanelInfill
"SFT, glass board,6THK, , .#MMH x .#MMW , .#ACGLS",PartPanelInfill
"SFT, glass board,6THK, , .#MMH x .#MMW , .#ACGLS",PartPanelInfill
"SFT, glass board,6THK, , .#MMH x .#MMW , .#ACGLS",PartPanelInfill
"SFT, glass board,6THK, , .#MMH x .#MMW , .#ACGLS",PartPanelInfill
"SFT, glass board,6THK, , .#MMH x .#MMW , .#ACGLS",PartPanelInfill
"SFT, glass board,6THK, , .#MMH x .#MMW , .#ACGLS",PartPanelInfill
"SFT, glass board,6THK, , .#MMH x .#MMW , .#ACGLS",PartPanelInfill
"SFT, glass board,6THK, , .#MMH x .#MMW , .#ACGLS",PartPanelInfill
"SFT, glass board,6THK, , .#MMH x .#MMW , .#ACGLS",PartPanelInfill
"SFT, glass board,6THK, , .#MMH x .#MMW , .#ACGLS",PartPanelInfill
"SFT, glass board,6THK, , .#MMH x .#MMW , .#ACGLS",PartPanelInfill
"SFT, glass board,6THK, , .#MMH x .#MMW , .#ACGLS",PartPanelInfill
"SFT, glass board,6THK, , .#MMH x .#MMW , .#ACGLS",PartPanelInfill
"SFT, glass board,6THK, , .#MMH x .#MMW , .#ACGLS",PartPanelInfill
"SFT, glass board,6THK, , .#MMH x .#MMW , .#ACGLS",PartPanelInfill
"SFT, glass board,6THK, , .#MMH x .#MMW , .#ACGLS",PartPanelInfill
"SFT, glass board,6THK, , .#MMH x .#MMW , .#ACGLS",PartPanelInfill
"SFT, glass board,6THK, , .#MMH x .#MMW , .#ACGLS",PartPanelInfill
"SFT, glass board,6THK, , .#MMH x .#MMW , .#ACGLS",PartPanelInfill
"SFT, glass board,6THK, , .#MMH x .#MMW , .#ACGLS",PartPanelInfill
"SFT, glass board,6THK, , .#MMH x .#MMW , .#ACGLS",PartPanelInfill
"SFT, glass board,6THK, , .#MMH x .#MMW , .#ACGLS",PartPanelInfill
"SFT, glass board,6THK, , .#MMH x .#MMW , .#ACGLS",PartPanelInfill
"SFT, glass board,6THK, , .#MMH x .#MMW , .#ACGLS",PartPanelInfill
"SFT, glass board,6THK, , .#MMH x .#MMW , .#ACGLS",PartPanelInfill
"SFT, glass board,6THK, , .#MMH x .#MMW , .#ACGLS",PartPanelInfill
"SFT, glass board,6THK, , .#MMH x .#MMW , .#ACGLS",PartPanelInfill
"SFT, glass board,6THK, , .#MMH x .#MMW , .#ACGLS",PartPanelInfill
"SFT, glass board,6THK, , .#MMH x .#MMW , .#ACGLS",PartPanelInfill
"SFT, glass board,6THK, , .#MMH x .#MMW , .#ACGLS",PartPanelInfill
"SFT, glass board,6THK, , .#MMH x .#MMW , .#ACGLS",PartPanelInfill
"SFT, glass board,6THK, , .#MMH x .#MMW , .#ACGLS",PartPanelInfill
"SFT, glass board,6THK, , .#MMH x .#MMW , .#ACGLS",PartPanelInfill
"SFT, glass board,6THK, , .#MMH x .#MMW , .#ACGLS",PartPanelInfill
"SFT, glass board,6THK, , .#MMH x .#MMW , .#ACGLS",PartPanelInfill
"SFT, glass board,6THK, , .#MMH x .#MMW , .#ACGLS",PartPanelInfill
"SFT, glass board,6THK, , .#MMH x .#MMW , .#ACGLS",PartPanelInfill
"SFT, glass board,6THK, , .#MMH x .#MMW , .#ACGLS",PartPanelInfill
"SFT, glass board,6THK, , .#MMH x .#MMW , .#ACGLS",PartPanelInfill
"SFT, glass board,6THK, , .#MMH x .#MMW , .#ACGLS",PartPanelInfill
"SFT, glass board,6THK, , .#MMH x .#MMW , .#ACGLS",PartPanelInfill
"SFT, glass board,6THK, , .#MMH x .#MMW , .#ACGLS",PartPanelInfill
"SFT, glass board,6THK, , .#MMH x .#MMW , .#ACGLS",PartPanelInfill
"SFT, frame U-leg, shared, FAB,Mono, .#MMD",FrameLeg
"SFT, frame U-leg, shared, FAB,Mono, .#MMD",FrameLeg
"Shift stablizer foot,shared,25 FAB",PanelStabilizer
"Shift stablizer foot,shared,50 FAB",PanelStabilizer
"Shift stablizer foot cover, shared,FAB",Bracket
Shift foam for laterial screen 373,Foams
Shift foam for laterial screen 60,Foams
Magnet round,MiscHardware
"SHIFT Shared BKT,FAB",Bracket
"Aligner, top trim, SHIFT",PanelConnector
"Glide, SHIFT panel",GlideFurniture
"SFT, lower power rail, 50T,FAB .#MMW W",RailProfile
"SFT, lower power rail, 50T,FAB .#MMW W",RailProfile
"SFT, lower power rail, 50T,FAB .#MMW W",RailProfile
"SFT, lower power rail, 50T,FAB .#MMW W",RailProfile
"SFT, lower power rail, 50T,FAB .#MMW W",RailProfile
"SFT, lower power rail, 50T,FAB .#MMW W",RailProfile
"SFT, lower power rail, 50T,FAB .#MMW W",RailProfile
"SFT, lower power rail, 50T,FAB .#MMW W",RailProfile
"SFT, lower power rail, 50T,FAB .#MMW W",RailProfile
"SFT, lower power rail, 50T,FAB .#MMW W",RailProfile
"SFT, lower power rail, 50T,FAB .#MMW W",RailProfile
"SFT,vertical rail,25T,SEG,FAB .#MMH H",PartiVertRail
"SFT,vertical rail,25T,SEG,FAB .#MMH H",PartiVertRail
"SFT,vertical rail,25T,SEG,FAB .#MMH H",PartiVertRail
"SFT,vertical rail,25T,SEG,FAB .#MMH H",PartiVertRail
"SFT,vertical rail,25T,SEG,FAB .#MMH H",PartiVertRail
"SFT,vertical rail,25T,SEG,FAB .#MMH H",PartiVertRail
"SFT,vertical rail,25T,SEG,FAB .#MMH H",PartiVertRail
"SFT,vertical rail,25T,SEG,FAB .#MMH H",PartiVertRail
"SFT,vertical rail,50T,S0,FAB .#MMH H",PartiVertRail
"SFT,vertical rail,50T,S0,FAB .#MMH H",PartiVertRail
"SFT,vertical rail,50T,S0,FAB .#MMH H",PartiVertRail
"SFT,vertical rail,50T,S0,FAB .#MMH H",PartiVertRail
"SFT,vertical rail,50T,S0,FAB .#MMH H",PartiVertRail
"SFT,vertical rail,50T,S0,FAB .#MMH H",PartiVertRail
"SFT,vertical rail,50T,S0,FAB .#MMH H",PartiVertRail
"SFT,vertical rail,50T,P1,FAB .#MMH H",PartiVertRail
"SFT,vertical rail,50T,P1,FAB .#MMH H",PartiVertRail
"SFT,vertical rail,50T,P1,FAB .#MMH H",PartiVertRail
"SFT,vertical rail,50T,P1,FAB .#MMH H",PartiVertRail
"SFT,vertical rail,50T,P1,FAB .#MMH H",PartiVertRail
"SFT,vertical rail,50T,P1,FAB .#MMH H",PartiVertRail
"SFT,vertical rail,50T,P1,FAB .#MMH H",PartiVertRail
"SFT,vertical rail,50T,P1,FAB .#MMH H",PartiVertRail
"SFT,vertical rail,50T,P2,FAB .#MMH H",PartiVertRail
"SFT,vertical rail,50T,P2,FAB .#MMH H",PartiVertRail
"SFT,vertical rail,50T,P2,FAB .#MMH H",PartiVertRail
"SFT,vertical rail,50T,P2,FAB .#MMH H",PartiVertRail
"SFT,vertical rail,50T,P2,FAB .#MMH H",PartiVertRail
"SFT,vertical rail,50T,P2,FAB .#MMH H",PartiVertRail
"SFT,vertical rail,50T,P2,FAB .#MMH H",PartiVertRail
"SFT,board for fabric(FC FD 1N) .#MMW W(S5_1000H_L1)",PartPanelInfill
"SFT,board for fabric(FC FD 1N) .#MMW W(S5_1000H_L1)",PartPanelInfill
"SFT,board for fabric(FC FD 1N) .#MMW W(S5_1000H_L1)",PartPanelInfill
"SFT,board for fabric(FC FD 1N) .#MMW W(S5_1000H_L1)",PartPanelInfill
"SFT,board for fabric(FC FD 1N) .#MMW W(S5_1000H_L1)",PartPanelInfill
"SFT,board for fabric(FC FD 1N) .#MMW W(S5_1000H_L1)",PartPanelInfill
"SFT,board for fabric(FC FD 1N) .#MMW W(S5_1000H_L1)",PartPanelInfill
"SFT,board for fabric(FC FD 1N) .#MMW W(S5_1000H_L1)",PartPanelInfill
"SFT,board for fabric(FC FD 1N) .#MMW W(S5_1000H_L1)",PartPanelInfill
"SFT,board for fabric(FC FD 1N) .#MMW W(S5_1000H_L1)",PartPanelInfill
"SFT,board for fabric(FC FD 1N) .#MMW W(S5_1000H_L1)",PartPanelInfill
"SFT,board for fabric(FC FD 1N) .#MMW W(S5_1000H_L2)",PartPanelInfill
"SFT,board for fabric(FC FD 1N) .#MMW W(S5_1000H_L2)",PartPanelInfill
"SFT,board for fabric(FC FD 1N) .#MMW W(S5_1000H_L2)",PartPanelInfill
"SFT,board for fabric(FC FD 1N) .#MMW W(S5_1000H_L2)",PartPanelInfill
"SFT,board for fabric(FC FD 1N) .#MMW W(S5_1000H_L2)",PartPanelInfill
"SFT,board for fabric(FC FD 1N) .#MMW W(S5_1000H_L2)",PartPanelInfill
"SFT,board for fabric(FC FD 1N) .#MMW W(S5_1000H_L2)",PartPanelInfill
"SFT,board for fabric(FC FD 1N) .#MMW W(S5_1000H_L2)",PartPanelInfill
"SFT,board for fabric(FC FD 1N) .#MMW W(S5_1000H_L2)",PartPanelInfill
"SFT,board for fabric(FC FD 1N) .#MMW W(S5_1000H_L2)",PartPanelInfill
"SFT,board for fabric(FC FD 1N) .#MMW W(S5_1000H_L2)",PartPanelInfill
"SFT,board for fabric(FC FD 1N) .#MMW W(S5_1500H_L3)",PartPanelInfill
"SFT,board for fabric(FC FD 1N) .#MMW W(S5_1500H_L3)",PartPanelInfill
"SFT,board for fabric(FC FD 1N) .#MMW W(S5_1500H_L3)",PartPanelInfill
"SFT,board for fabric(FC FD 1N) .#MMW W(S5_1500H_L3)",PartPanelInfill
"SFT,board for fabric(FC FD 1N) .#MMW W(S5_1500H_L3)",PartPanelInfill
"SFT,board for fabric(FC FD 1N) .#MMW W(S5_1500H_L3)",PartPanelInfill
"SFT,board for fabric(FC FD 1N) .#MMW W(S5_1500H_L3)",PartPanelInfill
"SFT,board for fabric(FC FD 1N) .#MMW W(S5_1500H_L3)",PartPanelInfill
"SFT,board for fabric(FC FD 1N) .#MMW W(S5_1500H_L3)",PartPanelInfill
"SFT,board for fabric(FC FD 1N) .#MMW W(S5_1500H_L3)",PartPanelInfill
"SFT,board for fabric(FC FD 1N) .#MMW W(S5_1500H_L3)",PartPanelInfill
"PM,SFT,honeycomb formetal-core",PartPanelInfill
"PM,SFT,honeycomb formetal-core",PartPanelInfill
"PM,SFT,honeycomb formetal-core",PartPanelInfill
"PM,SFT,honeycomb formetal-core",PartPanelInfill
"PM,SFT,honeycomb formetal-core",PartPanelInfill
"PM,SFT,honeycomb formetal-core",PartPanelInfill
"PM,SFT,honeycomb formetal-core",PartPanelInfill
"PM,SFT,honeycomb formetal-core",PartPanelInfill
"PM,SFT,honeycomb formetal-core",PartPanelInfill
"PM,SFT,kraft for LPL core 25T 658X100X2",PartPanelInfill
"PM, SFT,honeycomb for metal co 50t, 658H",PartPanelInfill
"PM, SFT,honeycomb for metal co 50t, 283H",PartPanelInfill
"PM, SFT,honeycomb for metal co 50t, 477H",PartPanelInfill
"PM, SFT,honeycomb for LPL core 50t, 658H",PartPanelInfill
"PM, SFT,honeycomb for LPL core 50t, 477H",PartPanelInfill
"SFT,end trim,25T,FAB .#MMH H",PanelTrim
"SFT,end trim,25T,FAB .#MMH H",PanelTrim
"SFT,end trim,25T,FAB .#MMH H",PanelTrim
"SFT,end trim,25T,FAB .#MMH H",PanelTrim
"SFT,end trim,25T,FAB .#MMH H",PanelTrim
"SFT,end trim,25T,FAB .#MMH H",PanelTrim
"SFT,end trim,25T,FAB .#MMH H",PanelTrim
"SFT,end trim,25T,FAB .#MMH H",PanelTrim
"SFT,end trim,25T,FAB, HS 1150H",PanelTrim
"SFT,end trim,25T,FAB,drop heig .#MMH H",PanelTrim
"SFT,end trim,25T,FAB,drop heig .#MMH H",PanelTrim
"SFT,end trim,25T,FAB,drop heig .#MMH H",PanelTrim
"SFT,end trim,25T,FAB,drop heig .#MMH H",PanelTrim
"SFT,end trim,25T,FAB,drop heig .#MMH H",PanelTrim
"SFT,end trim,25T,FAB,drop heig .#MMH H",PanelTrim
"SFT,end trim,25T,FAB,drop heig .#MMH H",PanelTrim
"SFT,end trim,25T,FAB,drop heig .#MMH H",PanelTrim
"SFT,end trim,25T,FAB,drop heig .#MMH H",PanelTrim
"SFT,end trim,25T,FAB,drop heig .#MMH H",PanelTrim
"SFT,end trim,25T,FAB,drop heig .#MMH H",PanelTrim
"SFT,end trim,50T,FAB .#MMH H",PanelTrim
"SFT,end trim,50T,FAB .#MMH H",PanelTrim
"SFT,end trim,50T,FAB .#MMH H",PanelTrim
"SFT,end trim,50T,FAB .#MMH H",PanelTrim
"SFT,end trim,50T,FAB .#MMH H",PanelTrim
"SFT,end trim,50T,FAB .#MMH H",PanelTrim
"SFT,end trim,50T,FAB,drop heig .#MMH H",PanelTrim
"SFT,end trim,50T,FAB,drop heig .#MMH H",PanelTrim
"SFT,end trim,50T,FAB,drop heig .#MMH H",PanelTrim
"SFT,end trim,50T,FAB,drop heig .#MMH H",PanelTrim
"SFT,end trim,50T,FAB,drop heig .#MMH H",PanelTrim
"SFT,end trim,50T,FAB,drop heig .#MMH H",PanelTrim
"SFT,end trim,50T,FAB,drop heig .#MMH H",PanelTrim
"SFT,end trim,50T,FAB,drop heig .#MMH H",PanelTrim
"SFT,end trim,50T,FAB,drop heig .#MMH H",PanelTrim
"SFT,end trim,50T,FAB,drop heig .#MMH H",PanelTrim
"SFT,end trim,50T,FAB,drop heig .#MMH H",PanelTrim
"SFT,end trim,50T,FAB,drop heig .#MMH H",PanelTrim
"SFT,25×25,90DEG junction,2-way .#MMH H",PanelJunction
"SFT,25×25,90DEG junction,2-way .#MMH H",PanelJunction
"SFT,25×25,90DEG junction,2-way .#MMH H",PanelJunction
"SFT,25×25,90DEG junction,2-way .#MMH H",PanelJunction
"SFT,25×25,90DEG junction,2-way .#MMH H",PanelJunction
"SFT,25×25,90DEG junction,2-way .#MMH H",PanelJunction
"SFT,25×25,90DEG junction,2-way .#MMH H",PanelJunction
"SFT,25×25,90DEG junction,2-way .#MMH H",PanelJunction
"SFT,25×25,90DEG junction,3-way .#MMH H",PanelJunction
"SFT,25×25,90DEG junction,3-way .#MMH H",PanelJunction
"SFT,25×25,90DEG junction,3-way .#MMH H",PanelJunction
"SFT,25×25,90DEG junction,3-way .#MMH H",PanelJunction
"SFT,25×25,90DEG junction,3-way .#MMH H",PanelJunction
"SFT,25×25,90DEG junction,3-way .#MMH H",PanelJunction
"SFT,25×25,90DEG junction,3-way .#MMH H",PanelJunction
"SFT,25×25,90DEG junction,3-way .#MMH H",PanelJunction
"SFT,25×25,90DEG junction,4-way .#MMH H",PanelJunction
"SFT,25×25,90DEG junction,4-way .#MMH H",PanelJunction
"SFT,25×25,90DEG junction,4-way .#MMH H",PanelJunction
"SFT,25×25,90DEG junction,4-way .#MMH H",PanelJunction
"SFT,25×25,90DEG junction,4-way .#MMH H",PanelJunction
"SFT,25×25,90DEG junction,4-way .#MMH H",PanelJunction
"SFT,25×25,90DEG junction,4-way .#MMH H",PanelJunction
"SFT,25×25,dummy,2-way .#MMH H",PanelJunction
"SFT,25×25,dummy,2-way .#MMH H",PanelJunction
"SFT,25×25,dummy,2-way .#MMH H",PanelJunction
"SFT,25×25,dummy,2-way .#MMH H",PanelJunction
"SFT,25×25,dummy,2-way .#MMH H",PanelJunction
"SFT,25×25,dummy,2-way .#MMH H",PanelJunction
"SFT,25×25,dummy,2-way .#MMH H",PanelJunction
"SFT,25×25,dummy,2-way .#MMH H",PanelJunction
"SFT,25×50,90DEG junction,2-way .#MMH H",PanelJunction
"SFT,25×50,90DEG junction,2-way .#MMH H",PanelJunction
"SFT,25×50,90DEG junction,2-way .#MMH H",PanelJunction
"SFT,25×50,90DEG junction,2-way .#MMH H",PanelJunction
"SFT,25×50,90DEG junction,2-way .#MMH H",PanelJunction
"SFT,25×50,90DEG junction,2-way .#MMH H",PanelJunction
"SFT,25×50,90DEG junction,2-way .#MMH H",PanelJunction
"SFT,25×50,90DEG junction,2-way .#MMH H",PanelJunction
"SFT,50x25,90DEG junction,2-way .#MMH H",PanelJunction
"SFT,50x25,90DEG junction,2-way .#MMH H",PanelJunction
"SFT,50x25,90DEG junction,2-way .#MMH H",PanelJunction
"SFT,50x25,90DEG junction,2-way .#MMH H",PanelJunction
"SFT,50x25,90DEG junction,2-way .#MMH H",PanelJunction
"SFT,50x25,90DEG junction,2-way .#MMH H",PanelJunction
"SFT,50x25,90DEG junction,2-way .#MMH H",PanelJunction
"SFT,50x25,90DEG junction,2-way .#MMH H",PanelJunction
"SFT,50x25x50,90DEG junction,3- .#MMH H",PanelJunction
"SFT,50x25x50,90DEG junction,3- .#MMH H",PanelJunction
"SFT,50x25x50,90DEG junction,3- .#MMH H",PanelJunction
"SFT,50x25x50,90DEG junction,3- .#MMH H",PanelJunction
"SFT,50x25x50,90DEG junction,3- .#MMH H",PanelJunction
"SFT,50x25x50,90DEG junction,3- .#MMH H",PanelJunction
"SFT,50x25x50,90DEG junction,3- .#MMH H",PanelJunction
"SFT,50x25x50,90DEG junction,3- .#MMH H",PanelJunction
"SFT,25x50x25,90DEG junction,3- .#MMH H",PanelJunction
"SFT,25x50x25,90DEG junction,3- .#MMH H",PanelJunction
"SFT,25x50x25,90DEG junction,3- .#MMH H",PanelJunction
"SFT,25x50x25,90DEG junction,3- .#MMH H",PanelJunction
"SFT,25x50x25,90DEG junction,3- .#MMH H",PanelJunction
"SFT,25x50x25,90DEG junction,3- .#MMH H",PanelJunction
"SFT,25x50x25,90DEG junction,3- .#MMH H",PanelJunction
"SFT,25x50x25,90DEG junction,3- .#MMH H",PanelJunction
"SFT,25x50,90DEG junction,4-way .#MMH H",PanelJunction
"SFT,25x50,90DEG junction,4-way .#MMH H",PanelJunction
"SFT,25x50,90DEG junction,4-way .#MMH H",PanelJunction
"SFT,25x50,90DEG junction,4-way .#MMH H",PanelJunction
"SFT,25x50,90DEG junction,4-way .#MMH H",PanelJunction
"SFT,25x50,90DEG junction,4-way .#MMH H",PanelJunction
"SFT,25x50,90DEG junction,4-way .#MMH H",PanelJunction
"SFT,25x50,90DEG junction,4-way .#MMH H",PanelJunction
"SFT,50x25x50,90DEG junction,3- .#MMH H",PanelJunction
"SFT,50x25x50,90DEG junction,3- .#MMH H",PanelJunction
"SFT,50x25x50,90DEG junction,3- .#MMH H",PanelJunction
"SFT,50x25x50,90DEG junction,3- .#MMH H",PanelJunction
"SFT,50x25x50,90DEG junction,3- .#MMH H",PanelJunction
"SFT,50x25x50,90DEG junction,3- .#MMH H",PanelJunction
"SFT,50x25x50,90DEG junction,3- .#MMH H",PanelJunction
"SFT,50x25x50,90DEG junction,3- .#MMH H",PanelJunction
"SFT,25x50,90DEG junction,4-way .#MMH H",PanelJunction
"SFT,25x50,90DEG junction,4-way .#MMH H",PanelJunction
"SFT,25x50,90DEG junction,4-way .#MMH H",PanelJunction
"SFT,25x50,90DEG junction,4-way .#MMH H",PanelJunction
"SFT,25x50,90DEG junction,4-way .#MMH H",PanelJunction
"SFT,25x50,90DEG junction,4-way .#MMH H",PanelJunction
"SFT,25x50,90DEG junction,4-way .#MMH H",PanelJunction
"SFT,25x50,90DEG junction,4-way .#MMH H",PanelJunction
"SFT,50x25x50,dummy,2-way,N/P .#MMH H",PanelJunction
"SFT,50x25x50,dummy,2-way,N/P .#MMH H",PanelJunction
"SFT,50x25x50,dummy,2-way,N/P .#MMH H",PanelJunction
"SFT,50x25x50,dummy,2-way,N/P .#MMH H",PanelJunction
"SFT,50x25x50,dummy,2-way,N/P .#MMH H",PanelJunction
"SFT,50x25x50,dummy,2-way,N/P .#MMH H",PanelJunction
"SFT,50x25x50,dummy,2-way,N/P .#MMH H",PanelJunction
"SFT,50x25x50,dummy,2-way,W/P .#MMH H",PanelJunction
"SFT,50x25x50,dummy,2-way,W/P .#MMH H",PanelJunction
"SFT,50x25x50,dummy,2-way,W/P .#MMH H",PanelJunction
"SFT,50x25x50,dummy,2-way,W/P .#MMH H",PanelJunction
"SFT,50x25x50,dummy,2-way,W/P .#MMH H",PanelJunction
"SFT,50x25x50,dummy,2-way,W/P .#MMH H",PanelJunction
"SFT,50x25x50,dummy,2-way,W/P .#MMH H",PanelJunction
"SFT,50x25x50,dummy,2-way,W/P .#MMH H",PanelJunction
"SFT,50×50,90DEG junction,2-way .#MMH H",PanelJunction
"SFT,50×50,90DEG junction,2-way .#MMH H",PanelJunction
"SFT,50×50,90DEG junction,2-way .#MMH H",PanelJunction
"SFT,50×50,90DEG junction,2-way .#MMH H",PanelJunction
"SFT,50×50,90DEG junction,2-way .#MMH H",PanelJunction
"SFT,50×50,90DEG junction,2-way .#MMH H",PanelJunction
"SFT,50×50,90DEG junction,2-way .#MMH H",PanelJunction
"SFT,50×50,90DEG junction,2-way .#MMH H",PanelJunction
"SFT,50×50,90DEG junction,3-way .#MMH H",PanelJunction
"SFT,50×50,90DEG junction,3-way .#MMH H",PanelJunction
"SFT,50×50,90DEG junction,3-way .#MMH H",PanelJunction
"SFT,50×50,90DEG junction,3-way .#MMH H",PanelJunction
"SFT,50×50,90DEG junction,3-way .#MMH H",PanelJunction
"SFT,50×50,90DEG junction,3-way .#MMH H",PanelJunction
"SFT,50×50,90DEG junction,3-way .#MMH H",PanelJunction
"SFT,50×50,90DEG junction,3-way .#MMH H",PanelJunction
"SFT,50×50,90DEG junction,4-way .#MMH H",PanelJunction
"SFT,50×50,90DEG junction,4-way .#MMH H",PanelJunction
"SFT,50×50,90DEG junction,4-way .#MMH H",PanelJunction
"SFT,50×50,90DEG junction,4-way .#MMH H",PanelJunction
"SFT,50×50,90DEG junction,4-way .#MMH H",PanelJunction
"SFT,50×50,90DEG junction,4-way .#MMH H",PanelJunction
"SFT,50×50,90DEG junction,4-way .#MMH H",PanelJunction
"SFT,50×50,90DEG junction,4-way .#MMH H",PanelJunction
"SFT,50×50,90DEG junction,3-way .#MMH H",PanelJunction
"SFT,50×50,90DEG junction,3-way .#MMH H",PanelJunction
"SFT,50×50,90DEG junction,3-way .#MMH H",PanelJunction
"SFT,50×50,90DEG junction,3-way .#MMH H",PanelJunction
"SFT,50×50,90DEG junction,3-way .#MMH H",PanelJunction
"SFT,50×50,90DEG junction,3-way .#MMH H",PanelJunction
"SFT,50×50,90DEG junction,3-way .#MMH H",PanelJunction
"SFT,50×50,90DEG junction,3-way .#MMH H",PanelJunction
"SFT,50×50,90DEG junction,4-way .#MMH H",PanelJunction
"SFT,50×50,90DEG junction,4-way .#MMH H",PanelJunction
"SFT,50×50,90DEG junction,4-way .#MMH H",PanelJunction
"SFT,50×50,90DEG junction,4-way .#MMH H",PanelJunction
"SFT,50×50,90DEG junction,4-way .#MMH H",PanelJunction
"SFT,50×50,90DEG junction,4-way .#MMH H",PanelJunction
"SFT,50×50,90DEG junction,4-way .#MMH H",PanelJunction
"SFT,50×50,90DEG junction,4-way .#MMH H",PanelJunction
"SFT,50×50,120DEG junction,2-wa .#MMH H",PanelJunction
"SFT,50×50,120DEG junction,2-wa .#MMH H",PanelJunction
"SFT,50×50,120DEG junction,2-wa .#MMH H",PanelJunction
"SFT,50×50,120DEG junction,2-wa .#MMH H",PanelJunction
"SFT,50×50,120DEG junction,2-wa .#MMH H",PanelJunction
"SFT,50×50,120DEG junction,2-wa .#MMH H",PanelJunction
"SFT,50×50,120DEG junction,2-wa .#MMH H",PanelJunction
"SFT,50×50,120DEG junction,2-wa .#MMH H",PanelJunction
"SFT,50×50,120DEG junction,3-wa .#MMH H",PanelJunction
"SFT,50×50,120DEG junction,3-wa .#MMH H",PanelJunction
"SFT,50×50,120DEG junction,3-wa .#MMH H",PanelJunction
"SFT,50×50,120DEG junction,3-wa .#MMH H",PanelJunction
"SFT,50×50,120DEG junction,3-wa .#MMH H",PanelJunction
"SFT,50×50,120DEG junction,3-wa .#MMH H",PanelJunction
"SFT,50×50,120DEG junction,3-wa .#MMH H",PanelJunction
"SFT,50×50,120DEG junction,3-wa .#MMH H",PanelJunction
"SFT,50×50,120DEG junction,2-wa .#MMH H",PanelJunction
"SFT,50×50,120DEG junction,2-wa .#MMH H",PanelJunction
"SFT,50×50,120DEG junction,2-wa .#MMH H",PanelJunction
"SFT,50×50,120DEG junction,2-wa .#MMH H",PanelJunction
"SFT,50×50,120DEG junction,2-wa .#MMH H",PanelJunction
"SFT,50×50,120DEG junction,2-wa .#MMH H",PanelJunction
"SFT,50×50,120DEG junction,2-wa .#MMH H",PanelJunction
"SFT,50×50,120DEG junction,3-wa .#MMH H",PanelJunction
"SFT,50×50,120DEG junction,3-wa .#MMH H",PanelJunction
"SFT,50×50,120DEG junction,3-wa .#MMH H",PanelJunction
"SFT,50×50,120DEG junction,3-wa .#MMH H",PanelJunction
"SFT,50×50,120DEG junction,3-wa .#MMH H",PanelJunction
"SFT,50×50,120DEG junction,3-wa .#MMH H",PanelJunction
"SFT,50×50,120DEG junction,3-wa .#MMH H",PanelJunction
"SFT, end U-leg, LH,FAB .#MMD",FrameLeg
"SFT, end U-leg, LH,FAB .#MMD",FrameLeg
"SFT, end U-leg, LH,FAB .#MMD",FrameLeg
"SFT, end U-leg, RH,FAB .#MMD",FrameLeg
"SFT, end U-leg, RH,FAB .#MMD",FrameLeg
"SFT, end U-leg, RH,FAB .#MMD",FrameLeg
"SFT, end U-leg, LH,FAB, Mono .#MMD",FrameLeg
"SFT, end U-leg, LH,FAB, Mono .#MMD",FrameLeg
"SFT, end U-leg, LH,FAB, Mono .#MMD",FrameLeg
"SFT, end U-leg, RH,FAB,Mono .#MMD",FrameLeg
"SFT, end U-leg, RH,FAB,Mono .#MMD",FrameLeg
"SFT, end U-leg, RH,FAB,Mono .#MMD",FrameLeg
"18THK BOARD FOR THICKER FABRIC 420HX .#MMW W, LATERAL SCN",PartPanelInfill
"18THK BOARD FOR THICKER FABRIC 420HX .#MMW W, LATERAL SCN",PartPanelInfill
"18THK BOARD FOR THICKER FABRIC 420HX .#MMW W, LATERAL SCN",PartPanelInfill
"18THK BOARD FOR THICKER FABRIC 420HX .#MMW W, LATERAL SCN",PartPanelInfill
"18THK BOARD FOR THICKER FABRIC 470HX .#MMW W, LATERAL SCN",PartPanelInfill
"18THK BOARD FOR THICKER FABRIC 470HX .#MMW W, LATERAL SCN",PartPanelInfill
"18THK BOARD FOR THICKER FABRIC 470HX .#MMW W, LATERAL SCN",PartPanelInfill
"18THK BOARD FOR THICKER FABRIC 470HX .#MMW W, LATERAL SCN",PartPanelInfill
"BuzziDesk honeycomb, , .#MMW  W",ScreenInFill
"BuzziDesk honeycomb, , .#MMW  W",ScreenInFill
"BuzziDesk honeycomb, , .#MMW  W",ScreenInFill
"BuzziDesk honeycomb, , .#MMW  W",ScreenInFill
"BuzziDesk honeycomb, , .#MMW  W",ScreenInFill
"BuzziScreen honeycomb,HAT doub , .#MMW  W",ScreenInFill
"BuzziScreen honeycomb,HAT doub , .#MMW  W",ScreenInFill
"BuzziScreen honeycomb,HAT doub , .#MMW  W",ScreenInFill
"BuzziScreen honeycomb,HAT doub , .#MMW  W",ScreenInFill
"BuzziScreen honeycomb,HAT doub , .#MMW  W",ScreenInFill
"BuzziScreen honeycomb,HAT sing , .#MMW  W",ScreenInFill
"BuzziScreen honeycomb,HAT sing , .#MMW  W",ScreenInFill
"BuzziScreen honeycomb,HAT sing , .#MMW  W",ScreenInFill
"BuzziScreen honeycomb,HAT sing , .#MMW  W",ScreenInFill
"BuzziScreen honeycomb,HAT sing , .#MMW  W",ScreenInFill
"BuzziSpace hung screen frame, for HAT B2B,.#MMW  W,FAB",DeskScreenFrame
"BuzziSpace hung screen frame, for HAT B2B,.#MMW  W,FAB",DeskScreenFrame
"BuzziSpace hung screen frame, for HAT B2B,.#MMW  W,FAB",DeskScreenFrame
"BuzziSpace hung screen frame, for HAT B2B,.#MMW  W,FAB",DeskScreenFrame
"BuzziSpace hung screen frame, for HAT B2B,.#MMW  W,FAB",DeskScreenFrame
"BuzziScreen  HAT SB frame,FAB, ,.#MMW  W",DeskScreenFrame
"BuzziScreen  HAT SB frame,FAB, ,.#MMW  W",DeskScreenFrame
"BuzziScreen  HAT SB frame,FAB, ,.#MMW  W",DeskScreenFrame
"BuzziScreen  HAT SB frame,FAB, ,.#MMW  W",DeskScreenFrame
"BuzziScreen  HAT SB frame,FAB, ,.#MMW  W",DeskScreenFrame
"BuzziScreen thread,NYLON,white M10 TEX270 840/3 750M",Yarn
"BuzziScreen thread,NYLON,black M10 TEX270 840/3 750M",Yarn
Brown tape,Tape
Buzzi adapt nut,Nut
"6mm steel,pickled steel board ,560*155",MetalSheets
"Epure desk screen frame,.#MMW W",DeskScreenFrame
"Epure desk screen frame,.#MMW W",DeskScreenFrame
"Epure desk screen frame,.#MMW W",DeskScreenFrame
"Epure desk screen frame,.#MMW W",DeskScreenFrame
"Epure desk screen frame,.#MMW W",DeskScreenFrame
"Epure desk SCRN frame,.tack, .#MMW  W",DeskScreenFrame
"Epure desk SCRN frame,.tack, .#MMW  W",DeskScreenFrame
"Epure desk SCRN frame,.tack, .#MMW  W",DeskScreenFrame
"Epure desk SCRN frame,.tack, .#MMW  W",DeskScreenFrame
"Epure desk SCRN frame,.tack, .#MMW  W",DeskScreenFrame
"Epure hung screen BKT(33T), FAB",Bracket
"Epure linking BKT,FAB",TableConnector
Epure BKT for intermediate leg,TopSupport
"Epure stiffener for bench,FAB, .#MMW   W",Beam
"Epure stiffener for bench,FAB, .#MMW   W",Beam
"Epure stiffener for bench,FAB, .#MMW   W",Beam
"Epure stiffener for bench,FAB, .#MMW   W",Beam
"Openable cable tray PET cover, .#MMW   W",CableTray
"Openable cable tray PET cover, .#MMW   W",CableTray
"Openable cable tray CHN86, .#MMW   W,FAB",CableTray
"Openable cable tray CHN86, .#MMW   W,FAB",CableTray
"Openable cable tray CMS, .#MMW   W,FAB",CableTray
"Openable cable tray CMS, .#MMW   W,FAB",CableTray
"Openable cable tray PL, .#MMW   W,FAB",CableTray
"Openable cable tray PL, .#MMW   W,FAB",CableTray
"Epure desk screen plate,FAB",Bracket
"BRUSH,FLIP TOP, 400W",Brush
"BRUSH,FLIP TOP, 500W",Brush
"BRUSH,FLIP TOP, 600W",Brush
"Epure acrylic SCRN adaptor,FAB",Bracket
"SCR,M10X25,GB/T70.3,10.9",MetricScrew
"Wood leg metal plate,FAB",TopSupport
Enhanced plate for Alu leg,LegConnector
"Epure leg, height adj, raw",Tableleg
"HAT short frame,LH,FAB",Beam
"HAT short frame,RH,FAB",Beam
"HAT adjust metal beam,FAB",Beam
Electric Linear Actuator FS / Motor 60W,Column
Electric Linear Actuator FS / Motor 60W,Column
Electric Linear Actuator FS / Motor 60W,Column
Electric Linear Actuator FS / Motor 60W,Column
Electric Linear Actuator FS / Motor 60W,Column
Electric Linear Actuator FS / Motor 60W,Column
Electric Linear Actuator FS / Motor 60W,Column
Electric Linear Actuator FS / Motor 60W,Column
Electric Linear Actuator SB /M,Column
Electric Linear Actuator SB / Motor 60W,Column
Electric Linear Actuator SB / Motor 60W,Column
Electric Linear Actuator SB / Motor 60W,Column
Electric Linear Actuator SB / Motor 60W,Column
Electric Linear Actuator SB / Motor 60W,Column
Electric Linear Actuator SB / Motor 60W,Column
Electric Linear Actuator 1/2 DB  /Motor 60W,Column
Electric Linear Actuator 1/2 DB  /Motor 60W,Column
Electric Linear Actuator 1/2 DB  /Motor 60W,Column
Electric Linear Actuator 1/2 DB  /Motor 60W,Column
Electric Linear Actuator 1/2 DB  /Motor 60W,Column
"HAT 1st pitch tube,FAB",Column
"HAT 1st pitch tube,for bench, FAB, welding bkt ht:378.5",Column
"HAT 2nd pitch tube,FAB",Column
"HAT 3rd pitch tube,FAB",Column
"HAT side BKT, FAB,550D,",TopSupport
"HAT foot plate, FAB, .#MMD1 ,D",DeskFoot
"HAT foot plate, FAB, .#MMD1 ,D",DeskFoot
"Rec HAT foot plate,IC, .#MMD  , .*ACTRM",DeskFoot
"Rec HAT foot plate,IC, .#MMD  , .*ACTRM",DeskFoot
"Rec HAT foot plate,IC, .#MMD  , .*ACTRM",DeskFoot
"Rec HAT foot plate,IC, .#MMD  , .*ACTRM",DeskFoot
"Rec HAT foot plate,IC, .#MMD  , .*ACTRM",DeskFoot
"Rec HAT foot plate,IC, .#MMD  , .*ACTRM",DeskFoot
"Rec HAT foot plate,IC, .#MMD  , .*ACTRM",DeskFoot
"Rec HAT foot plate,IC, .#MMD  , .*ACTRM",DeskFoot
"Rec HAT foot plate,IC, .#MMD  , .*ACTRM",DeskFoot
"Rec HAT foot plate,IC, .#MMD  , .*ACTRM",DeskFoot
"Rec HAT foot plate,IC, .#MMD  , .*ACTRM",DeskFoot
"Rec HAT foot plate,IC, .#MMD  , .*ACTRM",DeskFoot
"Rec HAT foot plate,IC, .#MMD  , .*ACTRM",DeskFoot
"Rec HAT foot plate,IC, .#MMD , .*ACTRM",DeskFoot
"Rec HAT foot plate,IC, .#MMD  , .*ACTRM",DeskFoot
"Rec HAT foot plate,IC, .#MMD  , .*ACTRM",DeskFoot
"Rec HAT foot plate,IC, .#MMD  , .*ACTRM",DeskFoot
"Rec HAT foot plate,IC, .#MMD  , .*ACTRM",DeskFoot
"Rec HAT foot plate,IC, .#MMD  , .*ACTRM",DeskFoot
Rectangle HAT control panel,ControlUnit
"Rectangle HAT control unit, 3 plug  ,GYRO",ControlUnit
"Rectangle HAT control unit, 2 plug  ,GYRO",ControlUnit
Rectangle HAT glide,GlideFurniture
"Rectangle HAT foot block, 5mm",DeskFoot
"Rec HAT foot block,IC,.*ACTRM",DeskFoot
"Rec HAT foot block,IC,.*ACTRM",DeskFoot
"Rec HAT foot block,IC,.*ACTRM",DeskFoot
"Rec HAT foot block,IC,.*ACTRM",DeskFoot
"Rec HAT foot block,IC,.*ACTRM",DeskFoot
"Rec HAT foot block,IC,.*ACTRM",DeskFoot
"Rec HAT foot block,IC,.*ACTRM",DeskFoot
"Rec HAT foot block,IC,.*ACTRM",DeskFoot
"Rec HAT foot block,IC,.*ACTRM",DeskFoot
"Rec HAT foot block,IC,.*ACTRM",DeskFoot
HAT cable tie,CableTie
"Rectangle HAT power cord, 2.0M, .*ATPP",PowerCable
"Rectangle HAT power cord, 2.0M, .*ATPP",PowerCable
"Rectangle HAT power cord, 2.0M, .*ATPP",PowerCable
"Rectangle HAT power cord, 2.0M, .*ATPP",PowerCable
"Rectangle HAT power cord, 2.0M, .*ATPP",PowerCable
"Rectangle HAT power cord, 2.0M, .*ATPP",PowerCable
"Rectangle HAT power cord, 2.0M, .*ATPP",PowerCable
"Rectangle HAT power cord, 2.0M, .*ATPP",PowerCable
HAT mechanical structure,MiscCtrlUnitAcc
HAT motor,MiscCtrlUnitAcc
HAT motor spacer,Spacer
HAT motor shaft,Bearings
HAT plastic cap for Moto,MiscHardware
HAT small ring white,FootRing
HAT small ring black,FootRing
HAT small ring grey,FootRing
HAT big ring white,FootRing
HAT big ring black,FootRing
HAT big ring grey,FootRing
HAT M6*16 for leg & side bkt,MetricScrew
HAT M6*10 for motor box,MetricScrew
HAT Washer GT/T 93  6,Washer
HAT self screw,WoodFurnitScrew
"HAT Allen key,5#",MiscHardware
HAT carton box,PackagingCarton
Bottom foam of packing for bea,Foams
HAT Top foam of packing for le,Foams
HAT top flat foam cover,Foams
HAT big slider,MiscHardware
HAT small slider,MiscHardware
HAT rubber pad,Spacer
HAT lubricating grease,Grease
Shaft spacer 902,Spacer
E shape spring,CompressSpring
M4*25  screw,MetricScrew
CM5*12 cup head screw,MetricScrew
Washer 807 for motor,Washer
"Tape, backing",Tape
"Base-angel,fixed, Intuity",Housing
"Base-angle housing for caster, fixed, Intuity",Housing
"Base-straight,fixed, Intuity",Housing
"Base-straight housing for cast fixed, Intuity",Housing
"Base-straight,extention, Intuity",Housing
"Leg glide, Intuity",GlideFurniture
"SFT,glide,17mm",GlideFurniture
"Mid-span bracket,black, Intuity",TopSupport
"Mid-span bracket,black, Intuity",TopSupport
"Mid-span bracket,FAB, Intuity",TopSupport
"End cap,double side,FAB",Endcap
"End cap,single side,LH, FAB",Endcap
"End cap,single side,RH, FAB",Endcap
"Cover for end cap, sigle side,FAB",Endcap
"Universal rail,double side, FAB,.#MMW",RailProfile
"Universal rail,double side, FAB,.#MMW",RailProfile
"Universal rail,double side, FAB,.#MMW",RailProfile
"Universal rail,double side, FAB,.#MMW",RailProfile
"Uni-ceiling rail DB side 1.2M, .#MMW",RailProfile
"Uni-ceiling rail DB side 1.4M, .#MMW",RailProfile
"Uni-ceiling rail DB side 1.5M, .#MMW",RailProfile
"Uni-ceiling rail DB side 1.6M, .#MMW",RailProfile
"Uni-ceiling rail DB side 1.8M, .#MMW",RailProfile
"Universal rail,single side, FAB,.#MMW",RailProfile
"Universal rail,single side, FAB,.#MMW",RailProfile
"Universal rail,single side, FAB,.#MMW",RailProfile
"Universal rail,single side, FAB,.#MMW",RailProfile
"Universal rail,single side, FAB,.#MMW",RailProfile
"Uni-ceiling rail SL side 1.2M, .#MMW",RailProfile
"Uni-ceiling rail SL side 1.4M, .#MMW",RailProfile
"Uni-ceiling rail SL side 1.5M, .#MMW",RailProfile
"Uni-ceiling rail SL side 1.6M, .#MMW",RailProfile
"Uni-ceiling rail SL side 1.8M, .#MMW",RailProfile
LH Uni-ceiling rail SL side 1. .#MMW,RailProfile
LH Uni-ceiling rail SL side 1. .#MMW,RailProfile
LH Uni-ceiling rail SL side 1. .#MMW,RailProfile
LH Uni-ceiling rail SL side 1. .#MMW,RailProfile
LH Uni-ceiling rail SL side 1. .#MMW,RailProfile
"End bracket,share, angle,FAB,Intuity",Bracket
"Screen bracket,FAB",Bracket
Receiver for shelf screen,Bracket
"fabric cover full roll, 100 meter/roll",Fabric
"End rail for H-leg hung screen ,.#MMW ,HAT",RailProfile
"End rail for H-leg hung screen ,.#MMW ,HAT",RailProfile
"End rail for H-leg hung screen ,.#MMW ,HAT",RailProfile
"End rail for H-leg hung screen ,.#MMW ,HAT",RailProfile
"End rail for H-leg hung screen ,.#MMW ,HAT",RailProfile
"Fabric cover for H-leg hung sc 1200 ,.#MMW,HAT",Fabric
"Fabric cover for H-leg hung sc 1400 ,.#MMW,HAT",Fabric
"Fabric cover for H-leg hung sc 1600 ,.#MMW,HAT",Fabric
"Fabric cover for H-leg hung sc 1800 ,.#MMW,HAT",Fabric
"Fabric cover, .#MMW W for HAT tall screen",Fabric
"Fabric cover, .#MMW W for HAT tall screen",Fabric
"Fabric cover, .#MMW W for HAT tall screen",Fabric
"Fabric cover, .#MMW W for HAT tall screen",Fabric
"Fabric cover, .#MMW W for HAT tall screen",Fabric
"Velcro,Intuity",Spacer
"Cable tie,Intuity",CableTie
"Cable Tray 400 ,.#MMW ,HAT",CableTray
"Cable Tray 600 ,.#MMW ,HAT",CableTray
"Cable Tray CMS&PL ,.#MMW HAT",CableTray
"Cable Tray CMS&PL ,.#MMW HAT",CableTray
"A-leg,single side,LH, adjust FAB,.#MMW  ,LCL",Tableleg
"A-leg,single side,LH, adjust FAB,.#MMW  ,LCL",Tableleg
"A-leg,single side,LH, adjust FAB,.#MMW  ,LCL",Tableleg
"A-leg,single side,LH, adjust FAB,.#MMW  ,LCL",Tableleg
"Straight extention,FAB, LCL",Tableleg
"Angle extention,FAB, LCL",Tableleg
"Epure straight extension,FAB",Column
"A-leg,single side,RH, adjust FAB,.#MMW  ,LCL",Tableleg
"A-leg,single side,RH, adjust FAB,.#MMW  ,LCL",Tableleg
"A-leg,single side,RH, adjust FAB,.#MMW  ,LCL",Tableleg
"A-leg,single side,RH, adjust FAB,.#MMW  ,LCL",Tableleg
"Main beam,spine,FAB,.#MMW  ,",Beam
"Main beam,spine,FAB,.#MMW  ,",Beam
"Main beam,spine,FAB,.#MMW  ,",Beam
"Main beam,spine,FAB,.#MMW  ,",Beam
"Main beam,spine,FAB,.#MMW  ,",Beam
"Main beam,spine,FAB,.#MMW  ,",Beam
"Main beam,spine,FAB,.#MMW  ,",Beam
"Main beam,spine,FAB,.#MMW  ,",Beam
"Main beam,spine,FAB,.#MMW  ,",Beam
"Main beam,spine,FAB,.#MMW  ,",Beam
"Return beam,90DEG,FAB, .#MMW",Beam
"Return beam,90DEG,FAB, .#MMW",Beam
"Return beam,90DEG,FAB, .#MMW",Beam
"Return beam,90DEG,FAB, .#MMW",Beam
"Return beam,90DEG,FAB, .#MMW",Beam
"Return beam,120DEG,FAB, .#MMW",Beam
"Return beam,120DEG,FAB, .#MMW",Beam
"Return beam,120DEG,FAB, .#MMW",Beam
"Return beam,120DEG,FAB, .#MMW",Beam
"Return beam,120DEG,FAB, .#MMW",Beam
"Return beam,120DEG,FAB, .#MMW",Beam
"Return beam,120DEG,FAB, .#MMW",Beam
"Return beam,120DEG,FAB, .#MMW",Beam
"Main beam,spine,black, .#MMW",Beam
"Main beam,spine,black, .#MMW",Beam
"Main beam,spine,black, .#MMW",Beam
"Main beam,spine,black, .#MMW",Beam
"Main beam,spine,black, .#MMW",Beam
"Main beam,spine,black, .#MMW",Beam
"Main beam,spine,black, .#MMW",Beam
"Main beam,spine,black, .#MMW",Beam
"Main beam,spine,black, .#MMW",Beam
"Main beam,spine,black, .#MMW",Beam
"Main beam,spine,black, .#MMW",Beam
"Main beam,spine,black, .#MMW",Beam
"Return beam,90DEG,black, .#MMW",Beam
"Return beam,90DEG,black, .#MMW",Beam
"Return beam,90DEG,black, .#MMW",Beam
"Return beam,90DEG,black, .#MMW",Beam
"Return beam,90DEG,black, .#MMW",Beam
"Cover plate,End A-leg,double FAB,.#MMW  ,LCL",AccentPlate
"Cover plate,End A-leg,double FAB,.#MMW  ,LCL",AccentPlate
"Cover plate,End A-leg,double FAB,.#MMW  ,LCL",AccentPlate
"Cover plate,End A-leg,double FAB,.#MMW  ,LCL",AccentPlate
"Cover plate,End A-leg,double FAB,.#MMW  ,LCL",AccentPlate
"Cover plate,LH A-leg,single FAB,.#MMW  ,LCL",AccentPlate
"Cover plate,LH A-leg,single FAB,.#MMW  ,LCL",AccentPlate
"Cover plate,LH A-leg,single FAB,.#MMW  ,LCL",AccentPlate
"Cover plate,LH A-leg,single FAB,.#MMW  ,LCL",AccentPlate
"Cover plate,RH A-leg,single FAB,.#MMW  ,LCL",AccentPlate
"Cover plate,RH A-leg,single FAB,.#MMW  ,LCL",AccentPlate
"Cover plate,RH A-leg,single FAB,.#MMW  ,LCL",AccentPlate
"Cover plate,RH A-leg,single FAB,.#MMW  ,LCL",AccentPlate
"Cover plate,F-leg,single FAB,.#MMW  ,LCL",AccentPlate
"Cover plate,F-leg,single FAB,.#MMW  ,LCL",AccentPlate
"Cover plate,F-leg,single FAB,.#MMW  ,LCL",AccentPlate
"Cover plate,F-leg,single FAB,.#MMW  ,LCL",AccentPlate
"Cover plate,F-leg,double FAB,.#MMW  ,LCL",AccentPlate
"Cover plate,F-leg,double FAB,.#MMW  ,LCL",AccentPlate
"Cover plate,F-leg,double FAB,.#MMW  ,LCL",AccentPlate
"Cover plate,F-leg,double FAB,.#MMW  ,LCL",AccentPlate
"Cover plate,F-leg,double FAB,.#MMW  ,LCL",AccentPlate
"Accent plate,End A-leg,double FAB,.#MMW  ,LCL",AccentPlate
"Accent plate,End A-leg,double FAB,.#MMW  ,LCL",AccentPlate
"Accent plate,End A-leg,double FAB,.#MMW  ,LCL",AccentPlate
"Accent plate,End A-leg,double FAB,.#MMW  ,LCL",AccentPlate
"Accent plate,End A-leg,double FAB,.#MMW  ,LCL",AccentPlate
"Accent plate,LH A-leg,single FAB,.#MMW  ,LCL",AccentPlate
"Accent plate,LH A-leg,single FAB,.#MMW  ,LCL",AccentPlate
"Accent plate,LH A-leg,single FAB,.#MMW  ,LCL",AccentPlate
"Accent plate,LH A-leg,single FAB,.#MMW  ,LCL",AccentPlate
"Accent plate,RH A-leg,single FAB,.#MMW  ,LCL",AccentPlate
"Accent plate,RH A-leg,single FAB,.#MMW  ,LCL",AccentPlate
"Accent plate,RH A-leg,single FAB,.#MMW  ,LCL",AccentPlate
"Accent plate,RH A-leg,single FAB,.#MMW  ,LCL",AccentPlate
"Accent plate,F-LEG,single FAB,.#MMW  ,LCL",AccentPlate
"Accent plate,F-LEG,single FAB,.#MMW  ,LCL",AccentPlate
"Accent plate,F-LEG,single FAB,.#MMW  ,LCL",AccentPlate
"Accent plate,F-LEG,single FAB,.#MMW  ,LCL",AccentPlate
"Accent plate,End F-leg,double FAB,.#MMW  ,LCL",AccentPlate
"Accent plate,End F-leg,double FAB,.#MMW  ,LCL",AccentPlate
"Accent plate,End F-leg,double FAB,.#MMW  ,LCL",AccentPlate
"Accent plate,End F-leg,double FAB,.#MMW  ,LCL",AccentPlate
"Accent plate,End F-leg,double FAB,.#MMW  ,LCL",AccentPlate
"End A-leg,double side, fixed FAB,.#MMW  ,LCL",Tableleg
"End A-leg,double side, fixed FAB,.#MMW  ,LCL",Tableleg
"End A-leg,double side, fixed FAB,.#MMW  ,LCL",Tableleg
"End A-leg,double side, fixed FAB,.#MMW  ,LCL",Tableleg
"End A-leg,double side, fixed FAB,.#MMW  ,LCL",Tableleg
"A-leg,single side,LH, fixed FAB,.#MMW  ,LCL",Tableleg
"A-leg,single side,LH, fixed FAB,.#MMW  ,LCL",Tableleg
"A-leg,single side,LH, fixed FAB,.#MMW  ,LCL",Tableleg
"A-leg,single side,LH, fixed FAB,.#MMW  ,LCL",Tableleg
"A-leg,single side,RH, fixed FAB,.#MMW  ,LCL",Tableleg
"A-leg,single side,RH, fixed FAB,.#MMW  ,LCL",Tableleg
"A-leg,single side,RH, fixed FAB,.#MMW  ,LCL",Tableleg
"A-leg,single side,RH, fixed FAB,.#MMW  ,LCL",Tableleg
"STR-leg,single side,LH, adjust FAB,.#MMW  ,LCL",Tableleg
"STR-leg,single side,LH, adjust FAB,.#MMW  ,LCL",Tableleg
"STR-leg,single side,LH, adjust FAB,.#MMW  ,LCL",Tableleg
"STR-leg,single side,LH, adjust FAB,.#MMW  ,LCL",Tableleg
"STR-leg,single side,RH, adjust FAB,.#MMW  ,LCL",Tableleg
"STR-leg,single side,RH, adjust FAB,.#MMW  ,LCL",Tableleg
"STR-leg,single side,RH, adjust FAB,.#MMW  ,LCL",Tableleg
"STR-leg,single side,RH, adjust FAB,.#MMW  ,LCL",Tableleg
"STR-leg,single side,LH, fixed FAB,.#MMW  ,LCL",Tableleg
"STR-leg,single side,LH, fixed FAB,.#MMW  ,LCL",Tableleg
"STR-leg,single side,LH, fixed FAB,.#MMW  ,LCL",Tableleg
"STR-leg,single side,LH, fixed FAB,.#MMW  ,LCL",Tableleg
"STR-leg,single side,RH, fixed FAB,.#MMW  ,LCL",Tableleg
"STR-leg,single side,RH, fixed FAB,.#MMW  ,LCL",Tableleg
"STR-leg,single side,RH, fixed FAB,.#MMW  ,LCL",Tableleg
"STR-leg,single side,RH, fixed FAB,.#MMW  ,LCL",Tableleg
"End STR-leg,double side, fixed FAB,.#MMW  ,LCL",Tableleg
"End STR-leg,double side, fixed FAB,.#MMW  ,LCL",Tableleg
"End STR-leg,double side, fixed FAB,.#MMW  ,LCL",Tableleg
"End STR-leg,double side, fixed FAB,.#MMW  ,LCL",Tableleg
"End STR-leg,double side, fixed FAB,.#MMW  ,LCL",Tableleg
"Share A-leg,single side, fixed FAB,.#MMW  ,LCL",Tableleg
"Share STR-leg,single side, fixed FAB,.#MMW  ,LCL",Tableleg
"Share STR-leg,single side, fixed FAB,.#MMW  ,LCL",Tableleg
"Acrylic screen bracket,FAB",Bracket
EVA foam for Intuity acrylic screen,Spacer
"Single pole leg,straight Fixed,FAB",Tableleg
"Single pole leg,Angled Fixed ,FAB",Tableleg
"Dob side cable tray bracket, for rail,FAB",CableHolder
"Acrylic modesty screen bracket Intuity, FAB",Bracket
"Caster, M8, black Intuity",CastorsFurnit
"Intuity gasket,acrylic SCRN, .#MMW  W",MiscConnector
"Intuity gasket,acrylic SCRN, .#MMW  W",MiscConnector
"Intuity gasket,acrylic SCRN, .#MMW  W",MiscConnector
"Intuity gasket,acrylic SCRN, .#MMW  W",MiscConnector
"Intuity gasket,acrylic SCRN, .#MMW  W",MiscConnector
"Intuity adaptor for acrylic, FAB",Bracket
"Intuity end cap for rail,FAB",Endcap
Intuity base-angle fixed with glide,GlideFurniture
Intuity base-straight fixed with glide,GlideFurniture
Intuity base-angle extension with glide,GlideFurniture
Intuity base-straight extension with glide,GlideFurniture
"Intuity base-angle,fixed with SFT LEG",GlideFurniture
"Intuity base-straight,fixed with glide SFT LEG",GlideFurniture
TOP BRACKET OF INTUITY METAL MODESTY,Bracket
"Park Bench, LPL core for sitbench",SitBenchSeat
"Park Bench, main beam for seating table,.#MMW , FAB",Beam
"Park Bench, main beam for seating table,.#MMW , FAB",Beam
"Park Bench, main beam for seating table,.#MMW , FAB",Beam
"Park Bench, main beam for seating table,.#MMW , FAB",Beam
"Park Bench, small beam for seating table,.#MMW , FAB",Beam
"Park Bench, small beam for seating table,.#MMW , FAB",Beam
"Park Bench, small beam for seating table,.#MMW , FAB",Beam
"Park Bench, small beam for seating table,.#MMW , FAB",Beam
"Timber leg for sitbench, LH .*ACWBD",ChairLeg
"Timber leg for sitbench, LH .*ACWBD",ChairLeg
"Timber leg for sitbench, RH .*ACWBD",ChairLeg
"Timber leg for sitbench, RH .*ACWBD",ChairLeg
"Top bracket for umbilical cord, FAB",Bracket
"Desk screen, .#MMW",BenchScreenFrm
"Desk screen, .#MMW",BenchScreenFrm
"Desk screen, .#MMW",BenchScreenFrm
"Desk screen, .#MMW",BenchScreenFrm
"Desk screen, .#MMW",BenchScreenFrm
"Desk screen,tackable, .#MMW",BenchScreenFrm
"Desk screen,tackable, .#MMW",BenchScreenFrm
"Desk screen,tackable, .#MMW",BenchScreenFrm
"Single side cable trunk, .#MMW FAB",CableTrunk
"Single side cable trunk, .#MMW FAB",CableTrunk
"Single side cable trunk, .#MMW FAB",CableTrunk
"Single side cable trunk, .#MMW FAB",CableTrunk
"Single side cable trunk, .#MMW FAB",CableTrunk
"Hung screen, .#MMW",BenchScreenFrm
"Hung screen, .#MMW",BenchScreenFrm
"Hung screen, .#MMW",BenchScreenFrm
"Hung screen, .#MMW",BenchScreenFrm
"Hung screen,tackable, .#MMW",BenchScreenFrm
"Hung screen,tackable, .#MMW",BenchScreenFrm
"Hung screen,tackable, .#MMW",BenchScreenFrm
"Hung screen,tackable, .#MMW",BenchScreenFrm
"Bottom bracket for umbilical cord, FAB",Bracket
"Park Bench, cross beam for Seating table, .#MMW , FAB",CrossBeam
"Park Bench, cross beam for Seating table, .#MMW , FAB",CrossBeam
"Park Bench, cross beam for Seating table, .#MMW , FAB",CrossBeam
"Timber top for sitbench, .*ACWBD",SitBenchSeat
"Timber top for sitbench, .*ACWBD",SitBenchSeat
"Park Bench, Accent plate for Seating table, .#MMW , FAB",AccentPlate
"Park Bench, Accent plate for Seating table, .#MMW , FAB",AccentPlate
"Park Bench, Accent plate for Seating table, .#MMW , FAB",AccentPlate
"Screw,GB/T 70.3-2000 M8*25",MetricScrew
"Park Bench end cap for central tray, FAB",Bracket
"Park Bench Central tray, for W2000/2400 Table,FAB",CableTray
"Park Bench Central tray, for W1600/1800 Table,FAB",CableTray
"Park Bench Flip cover,FAB",CableOutlet
"Park Bench socket plate, AH-Mayer cut, FAB",FacePlate
"Park Bench socket plate, CMS cut, FAB",FacePlate
"Park Bench socket plate, Byrne cut, FAB",FacePlate
"Park Bench bracket for socket plate, LH, FAB",Bracket
"Park Bench bracket for socket plate, RH, FAB",Bracket
"Central Tray Bracket for 25mm Thickness Table Top,FAB",Bracket
"Park Bench, metal leg for Seating table,LH, FAB",Tableleg
"Park Bench, metal leg for Seating table,RH, FAB",Tableleg
"Park Bench, Timber leg for Seating table,LH, .*ACWBD",Tableleg
"Park Bench, Timber leg for Seating table,LH, .*ACWBD",Tableleg
"Park Bench, Timber leg for Seating table,RH, .*ACWBD",Tableleg
"Park Bench, Timber leg for Seating table,RH, .*ACWBD",Tableleg
"Bottom cover for central tray, FAB",Bracket
"Park Bench, Frame for Sitbench, FAB",Bracket
"Park Bench, metal leg for Sitbench, LH,FAB",ChairLeg
"Park Bench, metal leg for Sitbench, RH,FAB",ChairLeg
Foam for sitbench cushion,SeatCushion
"Sit Bench, side frame FAB",Bracket
"Sit bench cusion BKT,FAB",Bracket
Black rope,Yarn
"HAT umbilical cord,1300H, 1 channel",CableSleeve
"HAT umbilical cord,1300H, 2 channel",CableSleeve
"HAT umbilical cord BKT,BTM,FAB",Bracket
"HAT frame,freestanding,SQ electric.",DeskFrame
"HAT frame,freestanding,SQ electric.",DeskFrame
"HAT frame,freestanding,SQ electric.",DeskFrame
"HAT frame,freestanding,SQ electric.",DeskFrame
"HAT frame,freestanding,SQ electric.",DeskFrame
"HAT frame,freestanding,SQ electric.",DeskFrame
"HAT frame,freestanding,SQ electric.",DeskFrame
"HAT frame,freestanding,SQ electric.",DeskFrame
"HAT frame,freestanding,SQ electric.",DeskFrame
"HAT frame,freestanding,SQ electric.",DeskFrame
"HAT frame,freestanding,SQ electric.",DeskFrame
"HAT frame,freestanding,SQ electric.",DeskFrame
"HAT frame,freestanding,SQ electric.",DeskFrame
"HAT frame,freestanding,SQ electric.",DeskFrame
"HAT frame,freestanding,SQ electric.",DeskFrame
"HAT frame,freestanding,SQ electric.",DeskFrame
"HAT frame,freestanding,SQ electric.",DeskFrame
"HAT frame,freestanding,SQ electric.",DeskFrame
"HAT frame,freestanding,SQ electric.",DeskFrame
"HAT frame,freestanding,SQ electric.",DeskFrame
"HAT frame,freestanding,SQ electric.",DeskFrame
"HAT frame,freestanding,SQ electric.",DeskFrame
"HAT frame,freestanding,SQ electric.",DeskFrame
"HAT frame,freestanding,SQ electric.",DeskFrame
"Double INTER-leg cover, fixed,FAB",MiscTblFrameAcc
"Double intermediate leg,FAB, fixed, .#MMW",Tableleg
"Double intermediate leg,FAB, fixed, .#MMW",Tableleg
"Single INTER-leg cover,LH, fixed,FAB, .#MMW",MiscTblFrameAcc
"Single INTER-leg cover,LH, fixed,FAB, .#MMW",MiscTblFrameAcc
"Single INTER-leg cover,RH, fixed,FAB, .#MMW",MiscTblFrameAcc
"Single INTER-leg cover,RH, fixed,FAB, .#MMW",MiscTblFrameAcc
"Single INTER-leg cover,LH, adjustable,FAB, .#MMW",MiscTblFrameAcc
"Single INTER-leg cover,LH, adjustable,FAB, .#MMW",MiscTblFrameAcc
"Single INTER-leg cover,RH, adjustable,FAB, .#MMW",MiscTblFrameAcc
"Single INTER-leg cover,RH, adjustable,FAB, .#MMW",MiscTblFrameAcc
"Epure SG inter leg, .#MMW  W, ,tech-height, FAB",Tableleg
"Epure SG inter leg, .#MMW   W, ,tech-height, FAB",Tableleg
"Intuity rail mount bkt,plstic",Bracket
"Intuity hung screen bkt,plstic",Bracket
"Double leg connector,SQ, .#MMD W, trunk FAB",LegConnector
"Double leg connector,SQ, .#MMD W, trunk FAB",LegConnector
"Double leg connector,SQ, .#MMD W, trunk FAB",LegConnector
"Double leg connector,SQ, .#MMD W, trunk FAB",LegConnector
"Double leg connector,RE, .#MMD W, trunk FAB",LegConnector
"Double leg connector,RE, .#MMD W, trunk FAB",LegConnector
"Double leg connector,RE, .#MMD W, trunk FAB",LegConnector
"Double leg connector,RE, .#MMD W, trunk FAB",LegConnector
"Double leg connector,SQ, .#MMD W, trunk&screen FAB",LegConnector
"Double leg connector,SQ, .#MMD W, trunk&screen FAB",LegConnector
"Double leg connector,SQ, .#MMD W, trunk&screen FAB",LegConnector
"Double leg connector,SQ, .#MMD W, trunk&screen FAB",LegConnector
"Double leg connector,SQ, .#MMD W, screen FAB",LegConnector
"Double leg connector,SQ, .#MMD W, screen FAB",LegConnector
"Double leg connector,SQ, .#MMD W, screen FAB",LegConnector
"Double leg connector,SQ, .#MMD W, screen FAB",LegConnector
"Double leg connector,RE, .#MMD W, trunk&screen FAB",LegConnector
"Double leg connector,RE, .#MMD W, trunk&screen FAB",LegConnector
"Double leg connector,RE, .#MMD W, trunk&screen FAB",LegConnector
"Double leg connector,RE, .#MMD W, trunk&screen FAB",LegConnector
"Double leg connector,RE, .#MMD W, screen FAB",LegConnector
"Double leg connector,RE, .#MMD W, screen FAB",LegConnector
"Double leg connector,RE, .#MMD W, screen FAB",LegConnector
"Double leg connector,RE, .#MMD W, screen FAB",LegConnector
"Double leg connector,RD, .#MMD W, trunk FAB",LegConnector
"Double leg connector,RD, .#MMD W, trunk FAB",LegConnector
"Double leg connector,RD, .#MMD W, trunk FAB",LegConnector
"Double leg connector,RD, .#MMD W, trunk FAB",LegConnector
"Double leg connector,RD, .#MMD W, trunk&screen FAB",LegConnector
"Double leg connector,RD, .#MMD W, trunk&screen FAB",LegConnector
"Double leg connector,RD, .#MMD W, trunk&screen FAB",LegConnector
"Double leg connector,RD, .#MMD W, trunk&screen FAB",LegConnector
"Double leg connector,RD, .#MMD W, screen FAB",LegConnector
"Double leg connector,RD, .#MMD W, screen FAB",LegConnector
"Double leg connector,RD, .#MMD W, screen FAB",LegConnector
"Double leg connector,RD, .#MMD W, screen FAB",LegConnector
"Single leg connector,SQ, .#MMD W, RH,W/ trunk FAB",LegConnector
"Single leg connector,SQ, .#MMD W, RH,W/ trunk FAB",LegConnector
"Single leg connector,SQ, .#MMD W, RH,W/ trunk FAB",LegConnector
"Single leg connector,SQ, .#MMD W, RH,W/ trunk FAB",LegConnector
"Single leg connector,SQ, .#MMD W, LH,W/ trunk FAB",LegConnector
"Single leg connector,SQ, .#MMD W, LH,W/ trunk FAB",LegConnector
"Single leg connector,SQ, .#MMD W, LH,W/ trunk FAB",LegConnector
"Single leg connector,SQ, .#MMD W, LH,W/ trunk FAB",LegConnector
"Single leg connector,SQ, .#MMD W, RH,W/O trunk FAB",LegConnector
"Single leg connector,SQ, .#MMD W, RH,W/O trunk FAB",LegConnector
"Single leg connector,SQ, .#MMD W, RH,W/O trunk FAB",LegConnector
"Single leg connector,SQ, .#MMD W, RH,W/O trunk FAB",LegConnector
"Single leg connector,RE, .#MMD W, RH,W/ trunk FAB",LegConnector
"Single leg connector,RE, .#MMD W, RH,W/ trunk FAB",LegConnector
"Single leg connector,RE, .#MMD W, RH,W/ trunk FAB",LegConnector
"Single leg connector,RE, .#MMD W, RH,W/ trunk FAB",LegConnector
"Single leg connector,RE, .#MMD W, LH,W/ trunk FAB",LegConnector
"Single leg connector,RE, .#MMD W, LH,W/ trunk FAB",LegConnector
"Single leg connector,RE, .#MMD W, LH,W/ trunk FAB",LegConnector
"Single leg connector,RE, .#MMD W, LH,W/ trunk FAB",LegConnector
"Single leg connector,RE, .#MMD W, RH,W/O trunk FAB",LegConnector
"Single leg connector,RE, .#MMD W, RH,W/O trunk FAB",LegConnector
"Single leg connector,RE, .#MMD W, RH,W/O trunk FAB",LegConnector
"Single leg connector,RE, .#MMD W, RH,W/O trunk FAB",LegConnector
"Single leg connector,RD, .#MMD W, RH,W/ trunk FAB",LegConnector
"Single leg connector,RD, .#MMD W, RH,W/ trunk FAB",LegConnector
"Single leg connector,RD, .#MMD W, RH,W/ trunk FAB",LegConnector
"Single leg connector,RD, .#MMD W, RH,W/ trunk FAB",LegConnector
"Single leg connector,RD, .#MMD W, LH,W/ trunk FAB",LegConnector
"Single leg connector,RD, .#MMD W, LH,W/ trunk FAB",LegConnector
"Single leg connector,RD, .#MMD W, LH,W/ trunk FAB",LegConnector
"Single leg connector,RD, .#MMD W, LH,W/ trunk FAB",LegConnector
"Single leg connector,RD, .#MMD W, RH,W/O trunk FAB",LegConnector
"Single leg connector,RD, .#MMD W, RH,W/O trunk FAB",LegConnector
"Single leg connector,RD, .#MMD W, RH,W/O trunk FAB",LegConnector
"Single leg connector,RD, .#MMD W, RH,W/O trunk FAB",LegConnector
"HAT 120D floor feed BTM plate, FAB",LegConnector
"HAT 120D floor feed column,FAB",LegConnector
"HAT 120D floor feed top plate, FAB",LegConnector
"HAT 120D floor feed top cover, FAB",LegConnector
"HAT 120D floor feed top cover, for trunk,FAB",LegConnector
"HAT 120D floor feed top cover, for screen,FAB",LegConnector
"JIS screw,M8*55",MetricScrew
"HAT SGL screen,high,frame, .#MMW W",BenchScreenFrm
"HAT SGL screen,high,frame, .#MMW W",BenchScreenFrm
"HAT SGL screen,high,frame, .#MMW W",BenchScreenFrm
"HAT SGL screen,high,frame, .#MMW W",BenchScreenFrm
"HAT SGL screen,high,frame, .#MMW W",BenchScreenFrm
"HAT SGL screen,high,frame,tack .#MMW W",BenchScreenFrm
"HAT SGL screen,high,frame,tack .#MMW W",BenchScreenFrm
"HAT SGL screen,high,frame,tack .#MMW W",BenchScreenFrm
"HAT SGL screen,high,frame,tack .#MMW W",BenchScreenFrm
"HAT SGL screen,high,frame,tack .#MMW W",BenchScreenFrm
"HAT DBL screen,high,frame, .#MMW W",BenchScreenFrm
"HAT DBL screen,high,frame, .#MMW W",BenchScreenFrm
"HAT DBL screen,high,frame, .#MMW W",BenchScreenFrm
"HAT DBL screen,high,frame, .#MMW W",BenchScreenFrm
"HAT DBL screen,high,frame, .#MMW W",BenchScreenFrm
"HAT DBL screen,high,frame,tack .#MMW W",BenchScreenFrm
"HAT DBL screen,high,frame,tack .#MMW W",BenchScreenFrm
"HAT DBL screen,high,frame,tack .#MMW W",BenchScreenFrm
"HAT DBL screen,high,frame,tack .#MMW W",BenchScreenFrm
"HAT DBL screen,high,frame,tack .#MMW W",BenchScreenFrm
"HAT MID connector for 120D,SQ, .#MMD W,FAB",LegConnector
"HAT MID connector for 120D,SQ, .#MMD W,FAB",LegConnector
"HAT MID connector for 120D,SQ, .#MMD W,FAB",LegConnector
"HAT MID connector for 120D,SQ, .#MMD W,FAB",LegConnector
"HAT MID connector for 120D,RD, .#MMD W,FAB",LegConnector
"HAT MID connector for 120D,RD, .#MMD W,FAB",LegConnector
"HAT MID connector for 120D,RD, .#MMD W,FAB",LegConnector
"HAT MID connector for 120D,RD, .#MMD W,FAB",LegConnector
"HAT MID connector for 120D,SQ, .#MMD W,FAB,no trunk",LegConnector
"HAT MID connector for 120D,SQ, .#MMD W,FAB,no trunk",LegConnector
"HAT MID connector for 120D,SQ, .#MMD W,FAB,no trunk",LegConnector
"HAT MID connector for 120D,SQ, .#MMD W,FAB,no trunk",LegConnector
"HAT MID connector for 120D,RD, .#MMD W,FAB,no trunk",LegConnector
"HAT MID connector for 120D,RD, .#MMD W,FAB,no trunk",LegConnector
"HAT MID connector for 120D,RD, .#MMD W,FAB,no trunk",LegConnector
"HAT MID connector for 120D,RD, .#MMD W,FAB,no trunk",LegConnector
Washer GB/T 97.1-1985 M6,Washer
"SCR,M5X14,FLAT HD,HEX GB70.3, M5*14, 8.8",MetricScrew
SY01_HV_AUSLOESER,MiscConnector
-,MiscConnector
-,MiscConnector
-,MiscConnector
HV- Ring,SeatingControl
Seat Support,SeatPlate
"M6x16.00, SocketHead, HexagonalSocket, ZincCoated, ISO4762/",MetricScrew
TUV MARK label for YP Echo,ProductLabel
PivotBeamMiddleWithoutAdaptor,Beam
"ST4.8x25.00, PanHead, Philips, ZincCoated, NA/GB845",WoodFurnitScrew
"60_90 column,500 L",Column
Bottom welding plate,Bracket
"PET Cover Spacer, FAB",MiscConnector
"Pivot C Bracket, FAB",MiscConnector
"BEARING,PIVOT,REAR,TYPE A,_EU",Bearings
"LEVER, ASSY, BACK STOP, PROJ 451",SeatingControl
"ARM,COLUMN,4D,ASSY,PAIR,FERN,BLACK,EXPORT",ArmrestSupport
"YourPlace Echo control panel,Smart+",CtrlUnitHandSwi
"YourPlace Echo control panel,Smart AP",CtrlUnitHandSwi
"M6x40.00, CheeseHead, HexagonalSocket, ZincCoated, NA/GB70",MetricScrew
"HPL double, 5*8, E0, FSC, T=26.4",Particleboard
"HPL double, 4*8, E0, FSC, T=26.4",Particleboard
"Pivoting tray spacer,FAB",MiscConnector
"COL46,Mozart by Gabriel",Fabric
"PM,Kraft ff5pf 32c,1849x146x250",PackagingCarton
"PM,Single wall CORR FF5PF for 1200 to 1400",PackagingCarton
"PM, single wall FF5PF, for cable tray 1600W",PackagingCarton
"PM, single wall FF5PF, for cable tray 1800W",PackagingCarton
TUV MARK label for YP ECHO,ProductLabel
TUV MARK label for YP Flex,ProductLabel
"Power Cable, 3m, Swiss (Type J) to IEC C5",PowerCable
"PIVOT control unit,  ASSY High Voltage Resistance",ControlUnit
"PIVOT control unit, High Voltage Resistance",ControlUnit
"M6x10.00, CheeseHead, HexagonalSocket, GalvanizedWhite, NA/G",MetricScrew
PKG for Aloha Lite mesh back,PseudoPack
YourPlace Echo big slider short,MiscHardware
YourPlace Flex round column RH assy,Column
YourPlace Flex round column LH assy,Column
YourPlace Flex  rectangular column LH assy,Column
YourPlace Flex  rectangular column RH assy,Column
"YourPlace Flex DB leg connector,REC,FAB",LegConnector
"YourPlace Flex DB leg connector,round,FAB",LegConnector
Cable plug,MiscCtrlUnitAcc
Cable,MiscCtrlUnitAcc
Cable end,MiscCtrlUnitAcc
"YourPlace Flex SG leg connector,RH,round,FAB",LegConnector
"YourPlace Flex SG leg connector,LH,round,FAB",LegConnector
"YourPlace Flex SG leg connector,REC,RH, FAB",LegConnector
"YourPlace Flex SG leg connector,REC,LH,FAB",LegConnector
Paddle connector assy for knife cut WT,MiscConnector
"M4x4.00, PanHead, Philips, ElectrophoresisBlack, NA/GB818",MetricScrew
Paddle connector for knife cut WT,MiscConnector
17.4mm PTB board with double backer,Particleboard
"25mm MDF LPL board, 6*8, double melamine, FSC",MDFBoard
Prototyping S-FG item,PseudoPack
"YourPlace Flex cable trunk cover side,W/ cutout,FAB",CableTrunkCover
"YourPlace Flex concealed face plate, Bachmann,FAB",FacePlate
"YourPlace Flex access face plate, Bachmann,FAB",FacePlate
"YourPlace Flex control panel,Smart AP",CtrlUnitHandSwi
"YourPlace Flex face plate access,Bachmann",FacePlate
"YourPlace Flex face plate,access,CMS",FacePlate
"YourPlace Flex concealed face plate,Bachmann",FacePlate
"YourPlace Flex concealed face plate,CMS",FacePlate
Drift Felt Freestanding solution holder,MountingKits
Drift Felt screen holder for HiYa motor driven bench,MountingKits
"YourPlace Flex cable trunk cover side,W/O cutout,FAB",CableTrunkCover
"YourPlace Flex cable trunk,FAB",CableTrunkAssy
"Internal bracket to cable chain,FAB",Bracket
"Beam small  honeycomb,1200",PackagingCarton
"PLATE,SUPPORT COLUMN ARM WINK",SeatPlate
SCREW PTW M5X16 CROSS HEAD,SeatPlate
"SEAT, LIMIT PLATE, ROYAL",SeatPlate
SPRING,SeatPlate
"SEAT, SLIDING HANDLE, ROYAL",SeatPlate
"SEAT, OUT SEAT SHELL, ROYAL",SeatPlate
"Beam small  honeycomb,1400",PackagingCarton
"Beam small  honeycomb,1500",PackagingCarton
"Beam small  honeycomb,1600",PackagingCarton
"Beam small  honeycomb,1800",PackagingCarton
"Beam center honeycomb,1200",PackagingCarton
"Beam center honeycomb,1400",PackagingCarton
"Beam center honeycomb,1500",PackagingCarton
"Beam center honeycomb,1600",PackagingCarton
"Beam center honeycomb,1800",PackagingCarton
"Beam side honeycomb,1200",PackagingCarton
"Beam side honeycomb,1500",PackagingCarton
"Beam side honeycomb,1400",PackagingCarton
"Beam side honeycomb,1600",PackagingCarton
"Beam side honeycomb,1800",PackagingCarton
Beam_top_paper_1200,PackagingCarton
Beam_top_paper_1400,PackagingCarton
Beam_top_paper_1500,PackagingCarton
Beam_top_paper_1600,PackagingCarton
Beam_top_paper_1800,PackagingCarton
Beam_btm_paper_1200,PackagingCarton
Beam_btm_paper_1400,PackagingCarton
Beam_btm_paper_1500,PackagingCarton
Beam_btm_paper_1600,PackagingCarton
Beam_btm_paper_1800,PackagingCarton
"WSHR,FLAT,.34x.68x.03,STL",GasSpringUnit
"WASHER,RETAINER, STAR",GasSpringUnit
"CLIP,RETAINER,PNEU",GasSpringUnit
"BEARING,PNEUMATIC CYLINDER",GasSpringUnit
"WASHER,FLAT, .325x.855",GasSpringUnit
"BUMPER,RUBBER,3mm",GasSpringUnit
"PISTON,PNEU CYL",GasSpringUnit
"CYLINDER,PNEUMATIC,ASSY,UNIVERSAL, KIT",GasSpringUnit
"CYLINDER,PNEU,ASSY,SHS",GasSpringUnit
YourPlace Flex beam carton box 1200,PackagingCarton
YourPlace Flex beam carton box 1400,PackagingCarton
YourPlace Flex beam carton box 1500,PackagingCarton
YourPlace Flex beam carton box 1600,PackagingCarton
"Foot small honeycomb,600",PackagingCarton
"Foot small honeycomb,750",PackagingCarton
"Foot mid honeycomb,600",PackagingCarton
"Foot mid honeycomb,750",PackagingCarton
"Foot side honeycomb,600",PackagingCarton
"Foot side honeycomb,750",PackagingCarton
YourPlace Flex foot  carton box 600,PackagingCarton
Foot_top_paper_600,PackagingCarton
Foot_top_paper_750,PackagingCarton
"Petal cable snake floor bracket, FAB",Bracket
"Petal cable snake top bracket, FAB",Bracket
"YourPlace Flex access cable tray, FAB",CableTrayAssy
"YourPlace Flex concealed cable tray, FAB",CableTrayAssy
"YourPlace Flex side bracket, FAB",TopSupport
"YourPlace Flex fix beam,welding,FAB",Beam
"SPCC,T=3.0mm,590mmx90mm",MetalSheets
"SPCC,T=3.0mm,740mmx90mm",MetalSheets
"SPCC,T=3.0mm,740mmx75mm",MetalSheets
"DC04,T=1.5mm,626mmx142mm",MetalSheets
"DC04,T=1.5mm,776mmx142mm",MetalSheets
"YourPlace Flex foot block,round, FAB",DeskFoot
"YourPlace Flex 3rd pitch tube,round, FAB",Column
"YourPlace Flex 2nd pitch tube,round, FAB",Column
"YourPlace Flex 1st pitch tube with welding BKT, round, FAB",Column
"YourPlace Flex 1st pitch tube, round, FAB",Column
"YourPlace Flex accent cover,FAB",AccentPlate
"YourPlace Flex  2nd pitch tube, FAB",Column
"SPCC,T=3.0mm,590mmx75mm",MetalSheets
Foot_btm_paper_600,PackagingCarton
Foot_btm_paper_750,PackagingCarton
YourPlace Flex foot carton box 750/800,PackagingCarton
YourPlace Flex beam carton box 1800,PackagingCarton
"YourPlace Flex control unit, High Voltage Resistance",ControlUnit
"YourPlace Flex control unit, High Voltage Resistance",ControlUnit
"SHELL, SEAT, PROJ 433",MiscMechComp
HUA-BAN-HWS_55MM,MiscMechComp
XIAN-WEI-JIAO-HWS_15_1,MiscMechComp
NBC011-44_1_1,MiscMechComp
HUA-BAN-JIAO-HWS-R_8_1,MiscMechComp
HUA-BAN-JIAO-HWS-L_63_1,MiscMechComp
HUA-BAN-D_17_1,MiscMechComp
HUA-BAN-ZSJ-HWS-02_3_1,MiscMechComp
SHOU-BING-TIE-00_11_1_1_1_1,MiscMechComp
HIGH_ADJUST_LEVER_Aloha pro_V2_1_1_,MiscMechComp
MECHANISM_NBC011_ASM_1_ASM_ASM_,MiscMechComp
MECHANISM_NBC011_ASM_ASM_ASM_3_,MiscMechComp
SB01-HWS-KM-2023-12_3_1,MiscMechComp
HBLUOSI-1_6,MiscMechComp
HBDJ-1_1,MiscMechComp
ASM0002-88_ASM_2_ASM_2_ASM_ASM_,MiscMechComp
TBB_AF1_51_1_PRT-2023-11-01_1_1,MiscMechComp
TIE-JIA-HWS_2_1,MiscMechComp
PRT0023_37_1,MiscMechComp
HUZHAO_40_1,MiscMechComp
ZHOUTAO-5_4_1,MiscMechComp
ZHOUTAO-1_1_1,MiscMechComp
ZHOU-0_3_1,MiscMechComp
NIU-HUANG_19_1,MiscMechComp
TANHUANG-TAOGUAN_13_1,MiscMechComp
ZHOU-3_6_1,MiscMechComp
SPRING-08_9_1,MiscMechComp
PRT0025_16_1,MiscMechComp
PRT0024_2_1,MiscMechComp
TIE-JIA-0_14_1,MiscMechComp
ASM0001-3_ASM_45_ASM_1_ASM_ASM_,MiscMechComp
ZHOUTAO-2_2_1,MiscMechComp
LIAN-GAN-1_8_1,MiscMechComp
ZHOUTAO-7_3_1,MiscMechComp
ZHOUTAO-3_1_1,MiscMechComp
LIAN-GAN-2_3_1,MiscMechComp
ZHOUTAO-0-0_2_1,MiscMechComp
ZHOUTAO-6_3_1,MiscMechComp
ZHOU-2_3_1,MiscMechComp
DANG-WEIJ-PIAN_28_1,MiscMechComp
ZHOUTAO-0_1_1,MiscMechComp
ZHOU-4_4_1,MiscMechComp
LIAN-GAN-0_4_1,MiscMechComp
ZHOUTAO-4_2_1,MiscMechComp
NBC004-42_3_1,MiscMechComp
ASM0001-1_ASM_25_ASM_1_ASM_ASM_,MiscMechComp
ZHOUTAO-9_3_1,MiscMechComp
TH1_4_1,MiscMechComp
SUO-XIN-NIUHUANG_11_1,MiscMechComp
SHOU-BING-TAO_13_1,MiscMechComp
SHENG-JIANG-JIAO_34_1,MiscMechComp
KAI-GUAN-M-JIAO_11_1,MiscMechComp
SUODING-QUDONG_10_1,MiscMechComp
ASM0001-2_ASM_19_ASM_1_ASM_ASM_,MiscMechComp
ZHOU-1_5_1,MiscMechComp
XIAO-SHENG-JIAO_6_1,MiscMechComp
DI-BAN-1_37_1,MiscMechComp
SUO-SHE_9_1,MiscMechComp
ZHUI-GUAN_10_1,MiscMechComp
DI-BAN-0_55_1,MiscMechComp
DI-BAN-ZHUIJIA_92_1,MiscMechComp
DI-BAN_93_1,MiscMechComp
Z-F-A-JACK-HWS-2023-12-21_ASM_3,MiscMechComp
HUA-BAN-HWS_13_1_3_1,MiscMechComp
"CAP, ARM, FIXED, ASSY, LH, PROJ 451",ArmCap
"CAP, ARM, INNER, FIXED, RH, PROJ 451",ArmCap
"CAP, ARM, FIXED, ASSY, LH, PROJ 451",ArmCap
"CAP, ARM, INNER, FIXED, LH, PROJ 451",ArmCap
YourPlace Flex foot glide,GlideFurniture
"YourPlace Flex 3rd pitch tube,FAB",Column
Block cable chain to trunk assy,CableChain
Petal cable chain to trunk,CableChain
"Intuity, D tube angled cut for sharedA leg",Tableleg
Seat foam EU - Very Task,SeatCushion
"Cross beam for single shared A leg,FAB",CrossBeam
YourPlace Flex HPL Worktop Assy,DeskTopAssy
YourPlace Flex LPL Worktop Assy,DeskTopAssy
Rectangle Worktop Assy,DeskTopAssy
"PM,Spec ff5pf 1943,1740*1295*32mm",PackagingCarton
"HPL, 4*8, T=26.4",Particleboard
"HPL, 5*8, T=26.4",Particleboard
"HPL, 6*8, T=26.4",Particleboard
blind rivet,Rivet
Very base ap,StarBase
BASE_RING,StarBase
"BASE, CHAIR, PLASTIC, PROJECT 275",StarBase
"ST5.0x16.00, CheeseHead, Pozidrive, ZincCoated, NA/NA",WoodFurnitScrew
"Lever,seat sliding.",MiscSeatFramAcc
Retainer Sliding Lever,SeatPlate
"Spring, 9.2*25.2*1.3 sliding lever",TensionSpring
"M4x12, TrussWasherHead, Philips, ElectrophoresisBlack, NA/NA",SelfTapScrew
"Caster, 60 mm, 22mm Pintle",CastorsSeating
Aloha Easy arm iron plate,SeatPlate
"Stop,control body,Aloha Easy svc,",MiscSeatFramAcc
"Plastic five star base, SVC",StarBase
Cutting fabric back 700x650 - Lively,BackCover
Aloha Lite Mech SVC,MechAssy
Aloha Easy Mech With bearing SVC,MechAssy
"Aloha Active Cylinder Assy,SVC",GasSpringUnit
Aloha Easy Arm Assy Plate SVC,MiscSeatFramAcc
Aloha Lumber Assy SVC,LumbarAssy
Aloha Easy Mesh Back w/Headrest SVC,BackRestAssy
Aloha Easy Mesh Back SVC,BackRestAssy
"Aloha Easy Caster 22mm Pintle,SVC",CastorsSeating
"Aloha Easy Cylinder Assy,SVC",GasSpringUnit
Aloha Lite Seat Pan W/o Outer SVC,SeatAssy
Aloha easy Sliding Lever Kit SVC,MiscSeatFramAcc
Aloha Easy Seat Pan SVC W/o Shell,SeatAssy
Aloha Easy Seat Shell Outer SVC,SeatPlate
Caster 35mm Pintle PKG SVC,CastorsSeating
Aloha Easy Seat Sliding bearing PKG SVC,MiscMechComp
Aloha Height Adj Arm Right SVC,ArmrestAssy
Aloha Height Adj Arm Left SVC,ArmrestAssy
Aloha 4D Arm Pair SVC,ArmrestAssy
"M6x35.00, CountersunkHead, , ZincCoated, ISO10642/",MetricScrew
"PKG, Intuity, Frame leg for Single WS, Assy",PseudoPack
Breck seat cut coll. 82,SeatCover
"SUPPORT, DISPLAY/SHELF,PKG",Bracket
KUBA 3 Cable chain magnetic with screws YourPlace Flex,CableChain
KUBA 3 Cable chain magnetic YourPlace Flex,CableChain
YourPlace Flex Beam frame assembly,DeskFrame
EU Seat Foam,SeatCushion
Planes caster (4pcs per pack),CastorsFurnit
"HOOK, COAT, SHEET METAL,PKG",Bracket
KUBA 3 Cable chain on tray w/ base YourPlace Flex,CableChain
PET Tackboard for Frameless Desk Screen RailMount,ScreenInFill
Ø40 Fabric Sleeve 1150mm,CableSleeve
SNAKE_UNIT2_19,CableChain
Drift Felt metal sheet for freestanding solution,MountingKits
Drift Felt Freestanding solution holder set,MountingKits
"Castor, 80MM, W/O Brake, Push in",CastorsFurnit
"Castor, 80MM, W/ Brake, Push in",CastorsFurnit
"Top board for Pivot storage,825X310",PackagingCarton
Top board for Pivot storage725X310,PackagingCarton
"Top board for Pivot storage,625X310",PackagingCarton
"Drift felt B2B screen bracket, FAB",Bracket
"M8x14.00, CountersunkHead, HexagonalSocket, ZincCoated, ISO1",MetricScrew
Metal sheet for counter fixation on bench frame top,MountingKits
Metal sheet for fixation on HiYa bench frame/ central shared,MountingKits
Drift Felt screen holder set for HiYa motor driven bench,MountingKits
KUBA 3 Cable chain on tray YourPlace Flex,CableChain
Rubber foot Diameter 6,GlideFurniture
Cable Chain Base,MiscCabMgmtAcc
Cable chain base with rubber feet,MiscCabMgmtAcc
"COL79,Cara Response",Fabric
"COL78,Twilight Response",Fabric
"COL80,Oslo Warwick",Fabric
"COL77,Beachcomber Warwick",Fabric
"COL76,Blaze  Warwick",Fabric
"SPCC,T=0.8mm,1250mm*1600mm",MetalSheets
Petal cable snake to trunk,CableChain
Block Cable Chain to trunk,CableChain
Top and bottom board,PackagingCarton
Honeycomb for Pivot column,PackagingCarton
"Corr paper for Pivot metal cover, 1143X150",PackagingCarton
"Corr paper for Pivot metal cover, 1143X240",PackagingCarton
"Honeycomb for Pivot metal cover, 1143X135X27",PackagingCarton
"Out box for Pivot metal cover, 1317X170X153",PackagingCarton
"Corr paper for Pivot metal cover, 1043X150",PackagingCarton
"Corr paper for Pivot metal cover, 1043X240",PackagingCarton
"Honeycomb for Pivot metal cover, 1043X135X27",PackagingCarton
"Out box for Pivot metal cover, 1217X170X153",PackagingCarton
"Corr paper for Pivot metal cover, 943X150",PackagingCarton
"Corr paper for Pivot metal cover, 943X240",PackagingCarton
"Honeycomb for Pivot metal cover, 943X135X27",PackagingCarton
"Out box for Pivot metal cover, 1117X170X153",PackagingCarton
"Corr board for Pivot storage, 725X232",PackagingCarton
"Corr board for Pivot storage, 690X232",PackagingCarton
"Honeycomb for Pivot storage, 825X310X25",PackagingCarton
"Honeycomb for Pivot storage, 775X270X25",PackagingCarton
"Out box for Pivot storage, 835X335X330",PackagingCarton
"Corr board for Pivot storage, 625X232",PackagingCarton
"Corr board for Pivot storage, 590X232",PackagingCarton
"Honeycomb for Pivot storage, 725X310X25",PackagingCarton
"Honeycomb for Pivot storage, 675X270X25",PackagingCarton
"Out box for Pivot storage, 735X335X330",PackagingCarton
"Out box for Pivot foot plate, 1640X855X70",PackagingCarton
"Board for Pivot foot plate, 1626X855",PackagingCarton
"Board for Pivot foot plate, 1626X855X60",PackagingCarton
"Out box for Pivot foot plate, 1540X855X70",PackagingCarton
"Board for Pivot foot plate, 1526X855",PackagingCarton
"Board for Pivot foot plate, 1526X855X60",PackagingCarton
"Out box for Pivot foot plate, 1440X855X70",PackagingCarton
"Board for Pivot foot plate, 1426X855",PackagingCarton
"Board for Pivot foot plate, 1426X855X60",PackagingCarton
Protection board for Pivot column,PackagingCarton
Out box for Pivot column,PackagingCarton
"20x3 csk magnet 4.5kg pull ,F406n-2",MiscHardware
"YourPlace Flex control panel,Basic",CtrlUnitHandSwi
"INT_HAT REC 1st pitch ,FAB",Column
YourPlace Flex 1st pitch tube,Column
"PM, out box for HAT leg, 678X336X195",PackagingCarton
"PM, corru board for HAT leg,660X320X175",PackagingCarton
"PM, honeycomb for HAT leg, 560X160X90",PackagingCarton
PKG for HAT back to back leg,PseudoPack
"PM, out box for HAT leg, 678X336X125",PackagingCarton
"PM, kraft paper for HAT leg, 780X500",PackagingCarton
"PM, corru board for HAT leg, 645X310",PackagingCarton
"PM, corru board for HAT leg, 660X320X105",PackagingCarton
"PM, honeycomb for HAT leg, 560X125X90",PackagingCarton
PKG for HAT Freestanding leg,PseudoPack
"PM, bottom support, 1090*870*120mm",PackagingCarton
"PM, L shape corner, 300mm",EdgeProtectProf
"PM, BOX,1080*860*340mm, out size, 7 Corrugated paper",PackagingCarton
"Board for Pivot foot plate, 1226X855",PackagingCarton
"Rec HAT foot block,IC",DeskFoot
"Foot plate for Rec, IC parts",DeskFoot
"Electric Linear Actuator, IC parts",Column
"AP metal plate, for Zody, IC parts",SeatPlate
"HUB, Aluminum, Poppy chair with powder, painting, IC parts",MiscConnector
"INT_HAT REC 1st pitch W/welding BKT, FAB",Column
"Bottom support, Zody control body, 1130X835X120",PackagingCarton
"Cover,Cylinder,Poppy, IC parts",MiscConnector
"Zody Mech assy, IC parts",MechAssy
"INT_HAT foot block,rectangular, FAB",DeskFoot
"Stop,control body,Aloha Easy",MiscSeatFramAcc
"COL75,Fusion by Eastern",Fabric
PIVOT 3rd pitch tube FAB,Column
PIVOT 2nd pitch tube FAB,Column
"PIVOT 1st pitch tube,FAB",Column
"PM, L shape corner, 150mm",EdgeProtectProf
"Corner protect,Zody control body,780 H, 60W, 4mm",EdgeProtectProf
"Internal divider,control body",PackagingCarton
"Outer box,Zody control body, 1095x805x260",PackagingCarton
KUBA 3 - Adapter for cable tray,CableChain
KUBA 3 - Cable guide element inside,CableChain
KUBA 3 - Cable guide element outside,CableChain
YourPlace Flex Drift felt bench holder,Bracket
YourPlace Flex cable tray side cover,CableTray
YourPlace Flex cable tray,CableTray
YourPlace Flex cable tray assembly,CableTrayAssy
Metallic Cap Top Finish 55x35x37.5mm,MiscTblFrameAcc
ROUND LEVELER 45x18 P05 DRAWING: BM2010,GlideFurniture
YourPlace Flex accent plate,AccentPlate
YourPlace Flex accent end cap,MiscTblFrameAcc
YourPlace Flex accent end cap assembly,MiscTblFrameAcc
YourPlace Flex Beam cover,Beam
YourPlace Flex top support,TopSupport
YourPlace Flex beam,Beam
YourPlace Flex Beam frame welded,DeskFrame
"M6x8.00, CountersunkHead, HexagonalSocket, ZincCoated, ISO10",MetricScrew
Cable Tray Holder,CableTrayHolder
"M6x16.00, SocketHead, HexagonalSocket, Oxidised, NA/",MetricScrew
Hex Rivet Nut dia 9,InsertNut
"ST5.0x25.00, PanHead, Pozidrive, ZincCoated, ISO7049/",WoodFurnitScrew
"ST5.0x20.00, PanHead, Pozidrive, ZincCoated, ISO7049/",WoodFurnitScrew
Drift felt B2B screen bracket,Bracket
Nut for hung screen bracket cover,Nut
"Hung screen bracket cover, sub com",Bracket
Hung screen bracket cover,Bracket
Internal bracket to cable chain,Bracket
Cable chain to trunk bracket,Bracket
Petal cable snake top bracket,Bracket
Petal cable snake floor bracket,Bracket
"CLIP, FOR SEAT",MiscHardware
Cable clamp,Clamps
"Table connector, tie plate 51x51, FAB",TableConnector
"PM,BOX FF5PF 510mm",PackagingCarton
"PM,BOX FF5PF 620mm",PackagingCarton
"PKG, Intuity, A-leg for Single WS, SHARE, Assy",PseudoPack
Cross beam for shared A-leg FAB,CrossBeam
"Cross beam adaptor for shared A-leg, FAB",CrossBeam
"Single sided  CROSS BEAM FOR share A-Leg, FAB",CrossBeam
"PM,IN,Poppy Tray,double wall,CORR",PackagingCarton
Castor D60/11/20 soft 2x11.65 ring,CastorsSeating
Castor D60/11/20 hard 2x11.65 ring,CastorsSeating
"Mechanism,Control body Uph back Ver",MechAssy
"PM,CARTON BOX 5PLY 1420L X380W X 70H",PackagingCarton
"Plywood FSC 11 Ply,PE,E0 BOARD 2440x1220x18mm",Plywood
Fabric for the seat bottom - Lively,SeatCover
"Corr paper for Pivot metal cover, 743X150",PackagingCarton
"Corr paper for Pivot metal cover, 743X240",PackagingCarton
"Honeycomb for Pivot metal cover, 290X150X81",PackagingCarton
"Honeycomb for Pivot metal cover, 743X135X27",PackagingCarton
"Out box for Pivot metal cover, 917X170X153",PackagingCarton
"Out box for Pivot foot plate, 1240X855X70",PackagingCarton
"Inner box for Pivot foot plate, 585X485X50",PackagingCarton
"Board for Pivot foot plate, 1226X855X60",PackagingCarton
"Corr board for Pivot storage, 200X100",PackagingCarton
"Corr board for Pivot storage, 264X232",PackagingCarton
"Corr board for Pivot storage, 525X232",PackagingCarton
"Corr board for Pivot storage, 490X232",PackagingCarton
"Honeycomb for Pivot storage, 625X310X25",PackagingCarton
"Honeycomb for Pivot storage, 575X270X25",PackagingCarton
"Honeycomb for Pivot storage, 310X270X25",PackagingCarton
Pivot Table Grip Assembly,TableConnector
Pivot PET Cover assembly,ScreenInFill
"Out box for Pivot storage, 635X335X330",PackagingCarton
"Waher,GB/T 97.1-2002,16*8*1.8 Black",Washer
Fabric and Leather seat cuts complete - SY59,SeatCover
Cutting leather seat side part right - SY59,SeatCover
Cutting leather seat part rear - SY59,SeatCover
Cutting leather seat part front - SY59,SeatCover
Cutting leather seat side part left - SY59,SeatCover
Cutting leather seat upper plate - SY59,SeatCover
Cutting leather seat assy. - SY59,SeatCover
Corovin cut for upholstered back - SY59,Fabric
Upholstered back foam - SY59,Foams
"Fully uppolstered back, front cut, various colours - SY59",BackCover
Cutting leather back atlantic laminated - SY59,BackCover
Fully uppolstered leather back Corovin - SY59,Fabric
Fully uppolstered leather back foam - SY59,Foams
Cutting fully uppolstered leather side part right - SY59,BackCover
Cutting fully uppolstered leather side part left - SY59,BackCover
Cutting fully uppolstered leather part top - SY59,BackCover
Cutting fully uppolstered leather part rear top - SY59,BackCover
Cutting fully uppolstered leather side part rear right - SY5,BackCover
Cutting fully uppolstered leather side part rear left - SY59,BackCover
Cutting fully uppolstered leather front plate - SY59,BackCover
Cutting fabric seat 700x700 - Lively,SeatCover
Cutting mesh back 800x730 - Lively,BackCover
Edge clip for plug profile - SY59,Clamps
Plug profile 400mm top - SY59,ExtrudedProfile
Plug profile 335mm top left - SY59,ExtrudedProfile
Plug profile 335mm top right - SY59,ExtrudedProfile
"Plug profile 430mm, bottom - SY59",ExtrudedProfile
"Plug profile 210mm, bottom left & right - SY59",ExtrudedProfile
Fully uppolstered back cut atlantic laminated - SY59,BackCover
YOURPLACE ECHO FOOT ROUND COVER (COILED CABLE OPTION),FacePlate
Pivot Storage Assy RH,StorageLeg
"PLATE,SEAT,SLIDING",SeatPlate
"ROD,CLUSTER ATTACHMENT,ZODY TASK",SeatPlate
"BRACKET,CLUSTER,ZODY TASK",SeatPlate
PIVOT mechanical structure,MiscCtrlUnitAcc
"YourPlace Flex cable trunk cover side,W/ cutout",CableTrunkCover
"Leg connector ,round",LegConnector
"YourPlace Flex leg connector double,Rectangular",LegConnector
"YourPlace Flex leg double connector,round,assy",LegConnector
"YourPlace Flex cable trunk assy,for screen",CableTrunkAssy
PIVOT 3rd pitch tube,Column
PIVOT 2nd pitch tube,Column
"PIVOT 1st pitch tube,FIN",Column
PIVOT 1st pitch tube,Column
YOURPLACE ECHO PERSONAL STORAGE LEFT BASE,StorageLeg
nut_M8,Nut
YOURPLACE ECHO PERSONAL STORAGE LEFT BASE,StorageLeg
"PIVOT control unit, bottom reset ASSY",ControlUnit
"PIVOT control unit, bottom reset",ControlUnit
PIVOT control panel,CtrlUnitHandSwi
"INT_HAT SG LEG CONNECTOR,RH,ROUND",LegConnector
"INT_HAT SG LEG CONNECTOR,RH,ROUND",LegConnector
"M8x50.00, ButtonHead, Hexagonal, ZincCoated, NA/NA",MetricScrew
"YourPlace Flex cable trunk cover side,W/O cutout",CableTrunkCover
YourPlace Flex cable trunk cover middle,CableTrunkCover
YourPlace Flex cable trunk,CableTrunkAssy
"YourPlace Flex cable trunk assy,for non screen",CableTrunkAssy
"YourPlace Flex leg single connector,round,assy",LegConnector
"YourPlace Flex leg single connector,rectangular,assy",LegConnector
"Pivot Table grip, FAB",TableConnector
"Retainer, seat assy, Fern",MiscSeatFramAcc
"YourPlace Flex big ring,round",FootRing
"YourPlace Flex small ring,round",FootRing
Fixed Block for mechanical structure Round,Spacer
"YourPlace Flex small slider,round",MiscHardware
"YourPlace Flex big slider,round",MiscHardware
Round leg internal tube,Column
"YourPlace Flex 3rd pitch tube,round",Column
"YourPlace Flex 2nd pitch tube,round",Column
"YourPlace Flex 1st pitch tube with welding bracket, round",Column
"YourPlace Flex 1st pitch tube, round",Column
"PM, double wall, single side inter leg",PackagingCarton
YourPlace Flex internal accent plate,AccentPlate
"Weave-label ""HAWORTH"" - 45x56mm",ProductLabel
Fabric seat assymble - SY59,SeatCover
"Hook profile 450mm for seat, front & rear - SY59",ExtrudedProfile
"Hook profile 400mm for seat, left & right - SY59",ExtrudedProfile
"Cutting fabric seat side part, right - SY59",SeatCover
"Cutting fabric seat side part, left - SY59",SeatCover
fabric translucent for HAT dbl bench Screen,PartFabricCover
Cutting fabric upper plate - SY59,SeatCover
Hardware packing for Intuity II single side intermediate leg,PackingPouchBag
"Intuity single Inter leg, PKG",PseudoPack
Cabana table legs,SofaLeg
YOURPLACE ECHO FOOT WELD STAGE 1,MetalSheets
Hardware packing for Intuity II double side intermediate leg,PackingPouchBag
"UB, sewing for seating table 1UC",CableSleeve
"UB, sewing for high table 1UC",CableSleeve
"Strap,zipper,screen, PWR,Bamboo,800",Tape
Black rope,Yarn
"Rectangle HAT power cord, 3.0M,US",PowerCable
"Rectangle HAT power cord, 3.0M,KR",PowerCable
"Rectangle HAT power cord, 3.0M,JP",PowerCable
"Rectangle HAT power cord, 3.0M,IN",PowerCable
"Power Cable, 3m, UK (Type G) to IEC C5",PowerCable
"Power Cable, 3m, Schuko (Type E/F) to IEC C5",PowerCable
"Rectangle HAT power cord, 3.0M,AU",PowerCable
"Gas Spring 151, 5H assy. - SY59",GasSpring
YourPlace Flex  rectangular column assy,Column
YourPlace Flex mechanical structure,MiscCtrlUnitAcc
"Gas spring, Lift, NPR, assy. - Lively",GasSpring
"YourPlace Flex 3rd tube,component",Column
YourPlace Flex motor box componet,Column
YourPlace Flex motor box,Column
YourPlace Flex 3rd pitch tube,Column
YourPlace Flex  2nd pitch tube,Column
"18mm PTB LPL board, 6*8,E0, FSC",Particleboard
"60_90 column,500 L",Column
Bottom welding plate,Bracket
IQ pod Return Buttom Groove,SofaFrame
Glide f. K33 D55/11/33 with felt - Soft,GlideTaskChair
Glide f. K33 D55/11/33 - Hard,GlideTaskChair
IQ pod Return Tail TopFrame Groove,SofaFrame
Castor D60/11/20 soft 2x11.45 ring,CastorsSeating
Hardware packing for Intuity single side steel flush leg,PackingPouchBag
"PKG, Intuity steel flush leg for single WS",PseudoPack
IQ Return Frame Top Horizontal support L2,SofaFrame
HAT Side bracket IN0 Assy,TopSupport
PKG for Intuity double side steel flush leg,PseudoPack
Hardware packing for Intuity double side steel flush leg,PackingPouchBag
HAT fixed beam Assy,Beam
Castor D60/11/36 - Soft,CastorsSeating
Castor D60/11/36 - Hard,CastorsSeating
Castor D50/11/36 - Soft,CastorsSeating
Castor D50/11/36 - Hard,CastorsSeating
Return Focus Pod PKG Tray,PackagingCarton
Return Focus Pod PKG,PackagingCarton
"PKG,IQ commercial Return tail",PseudoPack
"SFT, board for fabric Lateral screen, thick fabric",PartPanelInfill
"SFT, Lateral screen fabric core for thick fabric Assy",PartPanelCore
Glide D60/11/20 with felt - Soft,GlideTaskChair
EU Seat Foam BMB,SeatCushion
"Gas spring for NPR 150, 5H 360N - Lively",GasSpringUnit
Protection cap for aluminium star base,Endcap
Mechanism with and without seat tilt for task chair - Lively,MechAssy
"Gas spring 151, 5H - SY59",GasSpringUnit
Centre tube with depth spring D28/50X246 - SY59,BaseTube
"Steel F-leg shared,PKG",PseudoPack
Hardware packing for Intuity II single side F leg,PackingPouchBag
Centre tube with depth spring D28/50X254 - SY59,BaseTube
"PM,Single Wall TUBE 90*75*945MM",PackagingCarton
PKG for Intuity double side shared F leg,PseudoPack
Hardware packing for Intuity II double side shared F leg,PackingPouchBag
Hardware packing for Intuity II double side F leg,PackingPouchBag
Hardware packing for single shared leg,PackingPouchBag
"Screw packing for Intuity II single A leg, 700",PackingPouchBag
"Screw packing for Intuity II single A leg, 750",PackingPouchBag
"Intuity, Flush leg,Double side,Desk frame,Assy",DeskFrame
"Intuity,A-leg,Double side,Desk frame,Assy",DeskFrame
Telescopic gas spring 200H 300N 472,GasSpringUnit
"Intuity,Frame leg,Double side,Desk frame,Assy",DeskFrame
Pin assy,MiscFasteners
"PM,Single Wall TUBE 90*75*795MM",PackagingCarton
"PM,LCL shared EPE",Foams
"PM,Single wall tube 90*75*595mm",PackagingCarton
Middle tube for NPR starbase - Lively,BaseTube
PKG for Intuity double side shared A leg,PseudoPack
Hardware packing for Intuity II double side shared leg,PackingPouchBag
Hardware packing for Intuity II double side A leg,PackingPouchBag
"Retangular WT for drift scn mount, Assy",DeskTopAssy
"Retangular WT for universal scn mount, Assy",DeskTopAssy
Screw packing for R30 intuity cable tray,PackingPouchBag
Box 900*1800,PackagingCarton
Box 900*1600,PackagingCarton
Box 900*1500,PackagingCarton
Box 900*1400,PackagingCarton
Box 900*1200,PackagingCarton
Box 522*1800,PackagingCarton
Box 522*1600,PackagingCarton
Box 522*1500,PackagingCarton
Box 522*1400,PackagingCarton
Box 522*1300,PackagingCarton
Box 522*1200,PackagingCarton
Box 522*1000,PackagingCarton
Box 415*1800,PackagingCarton
Box 415*1600,PackagingCarton
Box 415*1500,PackagingCarton
Box 415*1400,PackagingCarton
Box 415*1300,PackagingCarton
Box 415*1200,PackagingCarton
Box 415*1000,PackagingCarton
Centre tube with depth spring D28/50X216,BaseTube
Single Front Inter leg Vertical column II,Tableleg
Box 695*1800,PackagingCarton
Box 695*1600,PackagingCarton
Box 695*1500,PackagingCarton
Box 695*1400,PackagingCarton
Box 695*1200,PackagingCarton
Single Leg Small tube Bottom Column II,Tableleg
Single Inter leg Vertical column II,Tableleg
Single inter Leg Top column II,Tableleg
Intuity II single intermediate leg,Tableleg
Double Leg Small tube Bottom Column II,Tableleg
Double Inter leg Vertical column II,Tableleg
"Intuity, Face Plate, Double,FAB",FacePlate
"Intuity, Face Plate, Single,FAB",FacePlate
Hardware packing for intuity II beam,PackingPouchBag
Double inter Leg Top column II,Tableleg
Single side steel flush leg frame Assy,DeskFrame
Single side steel A-leg frame Assy,DeskFrame
Intuity II double side intermediate leg,Tableleg
"Intuity beam suppoer, L shape BKT, B/R",BeamSupport
"Single side steel F-leg frame, Assy",DeskFrame
"YourPlace Flex face plate,access,CHN86",FacePlate
Taper plug gage for K33 star base- DIN228 MK3 - Lively,Fixture
Long Focus Pod PKG,PackagingCarton
"PKG,IQ commercial Long tail",PseudoPack
"Intuity, steel flush leg for single WS",Tableleg
Long Focus Pod PKG Tray,PackagingCarton
"Intuity, Steel flush leg for Single WS, RH, Assy",Tableleg
"Intuity, Steel flush leg for Single WS, LH, Assy",Tableleg
"Intuity, cross beam for flush leg RH, single",CrossBeam
"Electrification below surface,STD, 4 sockets",BelowSurfSocket
"Electrification below surface,PRE, 4 sockets",BelowSurfSocket
"Electrification In surface,STD, 2 sockets,1 USB-C,2 R",InSurfaceSocket
"Electrification In surface,STD, 2 sockets,1 USB-C",InSurfaceSocket
"Electrification In surface,PRE, 2 sockets,1 USB-C,1 R",InSurfaceSocket
"Electrification In surface,PRE, 2 sockets,1 USB C",InSurfaceSocket
"Electrification On surface,STD, 2 sockets,1 USB-C,2 R",OnSurfaceSocket
"Electrification On surface,STD, 2 sockets,1 USB-C",OnSurfaceSocket
"Electrification On surface,PRE, 2 sockets,1 USB-C",OnSurfaceSocket
"Intuity, cross beam for flush leg, single",CrossBeam
Petal cable snake to floor,CableChain
Petal cable chain to floor,CableChain
Block Cable Chain to floor,CableChain
Block cable chain to floor assy,CableChain
"Electrification On surface,PRE, 2 sockets,1 USB-C,1 R",OnSurfaceSocket
Power wire KR,PowerCable
YourPlace Flex access cable tray holder,CableTrayHolder
YourPlace Flex access cable tray,CableTrayAssy
"YourPlace Flex access cable tray,assy",CableTrayAssy
"YourPlace Flex concealed face plate,CHN86",FacePlate
YourPlace Flex concealed cable tray,CableTrayAssy
"Intuity, Steel flush leg for Double WS",Tableleg
"Shaft for intuity intermediate leg, Intuity",Spacer
Power wire CN,PowerCable
"Intuity, cross beam for flush leg, double",CrossBeam
"Intuity, straight tube for flush leg Assy",Tableleg
"Intuity, top cover for flush leg",Spacer
"Intuity, straight tube for flush leg",Tableleg
"Intuity, Face Plate, Double",FacePlate
"Intuity, Face Plate, Single",FacePlate
YourPlace Flex concealed cable tray assy,CableTrayAssy
"M6x45.00, CountersunkHead, Hexagonal, ZincCoated, NA/GB70.3",MetricScrew
"YourPlace Flex fix beam,end plate",TopSupport
"YourPlace Flex fix beam,middle plate",TopSupport
"YourPlace Flex fix beam,bending",Beam
"YourPlace Flex fix beam,welding",Beam
YourPlace Flex fix beam assy,Beam
welding nut M6X10,Nut
"Intuity, Face Plate, Assy",FacePlate
"ST4.0x12, PanHead, Torx, GalvanizedBlack, NA/NA",SelfTapScrew
Armrest cap RH,ArmCap
Armrest cap LH,ArmCap
"ST4.0x20, PanHead, Torx, GalvanizedBlack, NA/NA",SelfTapScrew
Sliding Element,CompressSpring
Spring element armrest,CompressSpring
Spacer foil 8x6x0.6mm PP,MiscHardware
Dowel Pin ISO 8734 3x16mm,Pins
Armrest top RH,ArmUpright
Armrest top LH,ArmUpright
Armrest support,ArmrestSupport
Armrest support LH,ArmrestSupport
Celasto spring arm mechanism,CompressSpring
Latch,MiscMechComp
Wedge,MiscMechComp
Snap,MiscMechComp
Mechanism Body,MiscMechComp
Side bracket assy,TopSupport
YourPlace Flex accent cover,AccentPlate
YourPlace Flex REC big ring,FootRing
YourPlace Flex REC small ring,FootRing
YourPlace Flex side bracket,TopSupport
"M4x16.00, ButtonHead, HexagonalSocket, ZincCoated, NA/NA",MetricScrew
Nia arm height adj. mechanism,MiscMechComp
"M5x12.00, ButtonHead, HexagonalSocket, ZincCoated, NA/NA",MetricScrew
"M5x25.00, CheeseHead, HexagonalSocket, ZincCoated, DIN7500/N",MetricScrew
INT_HAT shaft_holding spacer,Spacer
YourPlace Flex small slider,MiscHardware
YourPlace Flex big slider,MiscHardware
YourPlace Flex plastic cap for motor,MiscHardware
YourPlace Flex motor,MiscCtrlUnitAcc
Extension cable for YS motor 1Meter,ExtensionCable
"Rectangle HAT power cord, 3.0M,CN",PowerCable
"YourPlace Flex control panel,Smart+",CtrlUnitHandSwi
"YourPlace Flex control unit, bottom reset",ControlUnit
"YourPlace Flex control unit, bottom reset",ControlUnit
YourPlace Flex REC 1st pitch tube with welding bracket,Column
YourPlace Flex desk frame assy,DeskFrame
"MiscConnector, M10x10, CheeseHead",MiscConnector
"Intuity, Frame leg for Single WS",Tableleg
"Intuity, Frame leg for single WS, Shared, Assy",Tableleg
"Intuity, Frame leg for single WS, RH,W/glide, Assy",Tableleg
"Intuity,Cross beam for Single frame-Leg, RH",CrossBeam
"Intuity Accent plate for single frame leg,Assy",AccentPlate
"Intuity, Frame leg for single WS, LH,W/glide, Assy",Tableleg
"Intuity,Cross beam for Single frame-Leg, LH",CrossBeam
Aloha Pro 1D armupright RH,ArmUpright
"Intuity, Steel frame leg for Double WS",Tableleg
"Intuity, frame leg for double WS, Shared, Assy",Tableleg
"Cross beam for double side shared frame leg,",CrossBeam
"M6x25.00, TrussWasherHead, Torx, GalvanizedBlack, NA/NA",MetricScrew
"Cross beam for shared frame leg, double",CrossBeam
"Intuity, Double accent plate for frame leg, Assy",AccentPlate
"M6x35.00, CheeseHead, HexagonalSocket, ZincCoated, NA/GB70",MetricScrew
"Intuity, frame leg for double WS, W/glide, Assy",Tableleg
"PKG for Aloha Easy refresh w/o leather, PKG",PseudoPack
"Intuity, Cross beam for double frame leg",CrossBeam
1D Armrest right hand,ArmrestAssy
1D armrest left hand,ArmrestAssy
1D armrest pair,ArmrestAssy
PKG Nia Mid back,PseudoPack
PKG Nia High back,PseudoPack
"Intuity, A leg for Single WS",Tableleg
"PM, EPE foam tube",Foams
"Intuity, A- leg for single WS, Shared, Assy",Tableleg
Cross beam for single shared A leg,CrossBeam
"Cross beam for shared A-leg SGL side,600MMD",CrossBeam
"Cross beam adapter B for shared A leg, SGL side",CrossBeam
"Cross beam adapter A for shared A leg,  SGL side",CrossBeam
"Intuity Accent plate for single A leg, RH, Assy",AccentPlate
"Intuity, A leg for single WS, RH,W/glide, Assy",Tableleg
"Intuity,Cross beam for Single A-Leg,600MMD",CrossBeam
"Intuity Accent plate for single A leg, LH, Assy",AccentPlate
fabric back for Chick pouf small square with back,Fabric
fabric seat for Chick pouf small square with back,Fabric
Card Board for Outer,SofaFrame
Card Board for innner,SofaFrame
IQ Pod ShortTail ReturnFrame Horizatal support1,SofaFrame
IQ pod long Tail support part,SofaFrame
IQ Main Frame Vertical Joint Connet Frame W/Bore,SofaFrame
IQ pod Long Tail TopFrame,SofaFrame
Thick Foam Long Tail Straight,SofaFoam
Thin Foam Long Tail Straight,SofaFoam
Return Tail Foam Assy,SofaFoam
Return Tail Frame Assy,SofaFrame
"Intuity, straight D tube for A leg",Tableleg
"Intuity, A leg for single WS, LH,W/glide, Assy",Tableleg
"ST4.8x10, PanHead, Philips, ZincCoated, NA/GB846",SelfTapScrew
Return Tail assy,FocusPodFrame
Drift felt bench screen brackets for HAT double bench,Bracket
Drift felt bench screen brackets for HAT single bench,Bracket
Drift felt desk screen brackets for double workstation,Bracket
Drift felt desk screen brackets for single desk,Bracket
Drift felt desk screen brackets for rail,Bracket
"Intuity, Steel A leg for Double WS",Tableleg
"MECH,PUCK,POUF,FAB",Bracket
"Intuity, A- leg for double WS, Shared, Assy",Tableleg
Cross beam for double side shared leg,CrossBeam
Cross beam for Shared A leg,CrossBeam
Cross beam middle adapter for double shared A leg,CrossBeam
Cross beam side adapter for double shared A leg,CrossBeam
"Intuity, Double Accent plate, A leg, Assy",AccentPlate
"MECH,PUCK,POUF,PKG",Bracket
"Intuity, A leg for double WS, W/glide, Assy",Tableleg
"Intuity, D tube angled cut for A leg",Tableleg
"Intuity, Cross beam for double A leg",CrossBeam
Aloha pro PLYWOOD ARM SPAER LH,MiscConnector
N6_nut,Nut
"Intuity, mian beam, tube, B/R",Beam
"Main beam Assy, Intuity",Beam
"MECH,PUCK,POUF",Bracket
E-clip chick pouf A88028607,Clamps
bushing pivot outer chick pouf A88028606,Bushings
bushing pivot inner chick pouf A88028605,Bushings
RM 50T Upper Power B Type Rail SHIFT 50 X 24 X 4.5m,RailProfile
BOTTOM_PLATE,Column
ROUND_LEG,Column
Wooden base plate,MiscSeatFramAcc
- ENTER DESCRIPTION -,TableConnector
- ENTER DESCRIPTION -,TableConnector
Round YourPlace Flex leg welding bracket,TableConnector
- ENTER DESCRIPTION -,TableConnector
- ENTER DESCRIPTION -,TableConnector
Rectangular YourPlace Flex welding bracket,TableConnector
"PIN, PIVOT, POUF",Pins
"PIN, PIVOT, POUF, PROJ 478",Pins
"BRACKET, PIVOT MOUNT, PROJ 478",Bracket
Pivot mount chick pouf A88028604,Bracket
fabric base for Chick pouf small square without back,Fabric
fabric seat for Chick pouf small square without back,Fabric
foam chick pouf A88028601,SofaFoam
"TIBAS double side cable tray,-Ind, FAB",CableTray
"TIBAS single side cable tray,IN0,FAB",CableTray
COLUMN SUPPORT REINFORCEMENT,MiscTblFrameAcc
glider chick pouf A88028603,GlideFurniture
"SPACER,INTERLOCK,TOP POSITION,LATERAL FILE,RH",CabinetConnect
"SPACER,INTERLOCK,TOP POSITION,LATERAL FILE,LH",CabinetConnect
Bolt D10/M8x45,Bolt
"Support assy, lumbar - Lively",LumbarAssy
"Track, Lumbar - Lively",MiscLumbPelvCom
Buching 10x13x18,Bushings
Back ring - Lively,BackrestFrame
Lever lumbar adjustment - Lively,LumbarLever
Back foam - Lively,Foams
Lumbar pad - Lively,LumbarPad
Back shell - Lively,BackCoverNonFab
Back frame - Lively,BackrestFrame
"3D-armrest comp. with integral foam, right - SY59 & Lively",ArmrestAssy
"3D-armrest complete with integral foam, left - SY59 & Lively",ArmrestAssy
3D-armrest complete with integral foam - Lively,ArmrestAssy
30x50x2T Shared A leg angle cut,Tableleg
"Cross beam for shared frame leg, double,FAB",CrossBeam
"Washer A6,4x1.6",Washer
"M6x25.00, PanHead, Pozidrive, ZincCoated, NA/NA",MetricScrew
Sliding piece - Lively,MiscMechComp
"Washer 21x6,5x2",Washer
60x30x3T Shared leg Cable tray box,CrossBeam
60x30 Single A shared  Horizontal tube,CrossBeam
"Arm support, right - Lively",ArmrestSupport
"Arm support, left - Lively",ArmrestSupport
Lock button for seat depth adjustment - Lively,SeatingControl
"ST4.0x12.00, TrussWasherHead, Pozidrive, ZincCoated, NA/NA",WoodFurnitScrew
Compression spring 7x16.5,CompressSpring
Seat depth adjustment button - Lively,SeatingControl
Base plate - Seat depth adjustment - Lively,SeatingControl
Foot plate with Glide for Rec,DeskFoot
Foot block with Glide for Rec,DeskFoot
Seat foam - Lively,SeatCushion
Polsterpad seat 100% PEFC - Lively,SeatPlate
Vertical D Tube 50x30 Angle,Tableleg
"YourPlace Flex SG leg connector,LH,round",LegConnector
"YourPlace Flex SG leg connector,RH,round",LegConnector
Leg connector tube,LegConnector
"YourPlace Flex SG leg connector,REC,LH",LegConnector
Plate for leg connector,LegConnector
Leg connector tube,LegConnector
"YourPlace Flex SG leg connector,REC,RH",LegConnector
"Star base, cone test - Lively",StarBase
"YourPlace Flex DB leg connector,round",LegConnector
- ENTER DESCRIPTION -,MiscHardware
LEG_CONNECTOR,LegConnector
"YourPlace Flex DB leg connector,REC",LegConnector
Five star base K33_D11 - Lively,StarBase
Castor 50/36/10 - Lively,CastorsSeating
"Centre tube D28/50X216,5 - Cone length 122MM",BaseTube
Five star base K33_D11 with steel ring - Lively,StarBase
Holding ring for K33 star base - Lively,Washer
3D Armrest - SY59,ArmrestAssy
Value Screen clamp bracket,Bracket
Hung screen bracket for INT_HAT,Bracket
"YourPlace Flex foot plate, T shape, round",DeskFoot
AP-HPL Worktop Assy,DeskTopAssy
"YourPlace Flex foot block,rectangular",DeskFoot
"YourPlace Flex foot plate top plate, round,T shape",DeskFoot
"YourPlace Flex foot block,round",DeskFoot
YourPlace Echo column assy,Column
"Arm cap with insert f. fixed armrest, right - SY59",ArmCap
Pseudopack for screw,PseudoPack
AP-LPL Worktop Assy,DeskTopAssy
"COL62 F6, Festival by Response",Fabric
"COL61 F6, Neptune by Response",Fabric
"Welding nut,M8*16",MiscHardware
YourPlace Flex REC T foot plate top,DeskFoot
YourPlace Flex REC T foot plate u shape bottom,DeskFoot
"YourPlace Flex foot plate, T shape, rectangular",DeskFoot
"RM,Rectangular tube 50x30x2T6M length",MetalTubes
"Tray for Intuity Tibas, R30, single side, FAB",CableTray
front frame,BackrestFrame
Seat mechanism without seat tilt - Lively,MechAssy
AP-LPL Worktop Assy,DeskTopAssy
"Back frame,  bottom part - SY59",BackrestFrame
Headrest complete - SY59,HeadRest
"M5x25.00, SocketHead, HexagonalSocket, GalvanizedBlack, ISO4",MetricScrew
Cylinder Roller TP D5x8 - DIN 5402,Pins
Celasto-spring 8x6x6,MiscHeadrestCom
"Disc spring package for headrest, top  - SY59",MountingKits
Disk spring D12.5x6.2x0.7,DiscSpring
Washer D12x6x1,Washer
"M5x9.50, SocketHead, HexagonalSocket, GalvanizedBlack, NA/NA",MetricScrew
Mounting kit for Headrest - SY59,MountingKits
"M5x12.00, SocketHead, HexagonalSocket, Burnished, NA/NA",MetricScrew
"Disc spring package, bottom - SY59",MountingKits
Disk Spring D14x7.2x0.8,DiscSpring
Washer D14x7x1.6,Washer
Guiding Ring for Headrest - SY59,MiscHeadrestCom
Headrest pad - SY59,HeadRestPad
Headrest foam - SY59,HeadRestPad
Headrest cover - SY59,HeadRestCover
Inner Shell for Headrest - SY59,HeadRestPad
Notch Rail Headrest - SY59,MiscHeadrestCom
Guide with clamping nut - SY59,MiscHeadrestCom
Guide Headrest - SY59,MiscHeadrestCom
Beam with clamping nut - SY59,MiscHeadrestCom
Outer shell for Headrest - SY59,HeadRestCover
Beam Headrest - SY59,MiscHeadrestCom
Glide 50/38/10/36,GlideTaskChair
Glide 50/58/10/36,GlideTaskChair
Footrest casting - SY59,FootRing
Castor 60/10/36,CastorsSeating
"Star base arm cover, ABS/ASA - SY59",StarBase
Cap f. switch chair centre tube - SY59,Endcap
Cap f. task chair centre tube - SY59,Endcap
"Star base arm cover, PP - SY59",StarBase
Bearing D50x28 - SY59,Bearings
Star base arm - SY59,StarBase
Stand pipe D32x2x60 - SY59,BaseTube
"Buttom washer D45,7/10,5X1,5",Washer
Centre tube 50x2x330 - SY59,BaseTube
Gas spring assy. 124H 350N 9868IH D28X262 - SY59,GasSpringUnit
Cylinder for lift - SY59,GasSpringUnit
Piston rod for lift - SY59,GasSpringUnit
Gas Spring 124H 350N 9868IH D28X - SY59,GasSpring
Centre tube with bushing + lift - SY59,GasSpringUnit
Pivot Metal Cover Assy,CableTrunkCover
Buffer D24x10x13,Bushings
Tibas Beam PKG,Beam
"4D Armrest, NPR - SY59",ArmrestAssy
"4D-Armrest Assy. NPR, right - SY59",ArmrestAssy
"Cover f.4D-armrest NPR, right - SY59",ArmCover
"Cover f.4D-armrest NPR, left - SY59",ArmCover
"4D-Armrest Assy. NPR, left - SY59",ArmrestAssy
"Inlay NPR f.arm cap 4D-armrest, right - SY59",ArmCap
"Arm cap NPR f.4D-armrest, right - SY59",ArmCap
"Arm cap NPR with insert f. 4D- armrest, left - SY59",ArmCap
"Inlay NPR f.arm cap 4D-armrest, left - SY59",ArmCap
"Arm cap NPR f.4D-armrest, left - SY59",ArmCap
"Armcap NPR with insert f. 4D- armrest, left - SY59",ArmCap
Arm bridge NPR f.4D-armrest - SY59,ArmCap
"Base part inside f. 4D-arm cap NPR, right - SY59",ArmCap
"Base part inside f. 4D-arm cap NPR, left - SY59",ArmCap
"Base part for 4D-armrest cap NPR, right - SY59",ArmCap
"Base part for 4D-armrest cap NPR, left - SY59",ArmCap
"ST4.0x7, CountersunkHead, Torx, GalvanizedBlack, NA/NA",SelfTapScrew
Fixed armrest -  Assembly Complete - SY59,ArmrestAssy
"Fixed armrest, right - SY59",ArmrestAssy
"Arm cap for fixed armrest, right - SY59",ArmCap
"Arm cap f. fixed armrest, left - SY59",ArmCap
"Fixed armrest, left - SY59",ArmrestAssy
"Insert for fixed armrest, right - SY59",ArmUpright
"Embossed inlay, fixed armrest - SY59",ArmUpright
"Insert for fixed armrest, left - SY59",ArmUpright
"Arm cap for fixed armrest, left - SY59",ArmCap
"M5x12, RaisedCountersunkHead, Torx, GalvanizedBlack, DIN7500",SelfTapScrew
"Armrest support, fixed armrest, right - SY59",ArmrestSupport
"Armrest support, fixed armrest, left - SY59",ArmrestSupport
4D Armrest - SY59,ArmrestAssy
"4D-armrest complete with integral foam, right - SY59",ArmrestAssy
"4D-armrest complete with integral foam, left  - SY59",ArmrestAssy
"Armcap covered w. self-skin PUR standard, right - SY59/Livel",ArmCap
"Coated arm cap EN f.3D/4D-armrest, right - SY59/Lively",ArmCap
"Coated arm cap EN f.3D/4D-armrest, left - SY59/Lively",ArmCap
"Armcap covered w. self-skin PUR standard, left - SY59/Lively",ArmCap
"ST6.0x30, PanHead, Torx, GalvanizedBlack, NA/NA",SelfTapScrew
"Lock element f. 2D-armrest, rear and front - SY59",ArmUpright
"Lock element f. 3D-armrest, centre - SY59",MiscHardware
"Sliding ring f. 3D/4D-armrest, right - SY59",MiscHardware
"Sliding ring f. 3D/4D-armrest, left - SY59",MiscHardware
"Inlay overmoulded f. 3D/4D- armrest, right - SY59",ArmCap
"Inlay overmoulded f. 3D/4D- armrest, left - SY59",ArmCap
Rubber cord D5x6.5,MiscFasteners
Armrest bridge f.3D/4D armrest- SY59,ArmUpright
"ST5.0x9, CountersunkHead, Torx, GalvanizedBlack, NA/NA",SelfTapScrew
"Base part for 4D-armrest cap, right - SY59",ArmCap
"Base part for 4D-armrest cap, left - SY59",ArmCap
"ST5.0x22, CountersunkHead, Torx, GalvanizedBlack, NA/NA",SelfTapScrew
Bushing 5.2x4x25,Bushings
Silicon insert 16x1.7x4.8 - SY59,ArmUpright
Fastening plate f.4D-armrest - SY59,ArmUpright
"Slide element f. 4D-armest, right  SY59",ArmUpright
"Slide element f. 4D-armrest , left - SY59",ArmUpright
Lock element behind f. 4D armrest - SY59,ArmUpright
Coat hanger - SY59,CoatHanger
Lock element f. 4D-armrest - SY59,ArmUpright
Lock element front f. 4D-armrest - SY59,ArmUpright
Thrust sleeve f. 3D/4D armrest - SY59,ArmUpright
End stop f. 3D/4D armrest - SY59,ArmrestSupport
Pressure spring 5x8.5x0.56,CompressSpring
Locking device f. 4D armrest - SY59,ArmUpright
"ST5.0x15, TrussWasherHead, Torx, GalvanizedBlack, NA/NA",SelfTapScrew
"Button f. armrest, right - SY59",ArmUpright
"Button f. armrest, left - SY59",ArmUpright
Release f.3D/4D-armrest - SY59,ArmrestSupport
"Armrest support f.2D/3D/4D, right - SY59",ArmrestSupport
"Armrest support f.2D/3D/4D, left - SY59",ArmrestSupport
"Armrest bracket f. 4D-armrest, right - SY59",ArmrestSupport
"Armrest bracket f. 4D-armrest, left - SY59",ArmrestSupport
"Inlay witout armrest, right - SY59",Counterweight
"Inlay witout armrest, left - SY59",Counterweight
Spacer bushing D13.5/7.5x9,Bushings
"M5x12.00, SocketHead, HexagonalSocket, GalvanizedBlack, NA/N",MetricScrew
Clamping Nut Headrest - SY59,Nut
Coat hanger - SY59,CoatHanger
AP-HPL Worktop Assy,DeskTopAssy
Bearing Block Headrest - SY59,MiscHeadrestCom
"ST4.0x13, CountersunkHead, Torx, NA, NA/NA",SelfTapScrew
"ST4.0x37, CountersunkHead, Torx, GalvanizedBlack, NA/NA",SelfTapScrew
"ST4.0x6, CountersunkHead, Torx, GalvanizedBlack, NA/NA",SelfTapScrew
"M6x40.00, PanHead, Torx, ZincCoated, DIN7500/NA",MetricScrew
"M6x25.00, PanHead, Torx, ZincCoated, DIN7500/NA",MetricScrew
Cylindrical bearing 22x6x2,Bearings
"Cover armrest, left - SY59",ArmCover
"Cover armrest, right - SY59",ArmCover
"Cover Back frame, right (ABS) - SY59",BackCover
"Cover Back frame, left (ABS) - SY59",BackCover
Lumbar support - SY59,LumbarAssy
"ST4.0x13, CountersunkHead, Torx, GalvanizedBlack, NA/NA",SelfTapScrew
"Handle, right - SY59",MiscLumbPelvCom
"Handle, left - SY59",MiscLumbPelvCom
Shaft D5x110 - SY59,MiscLumbPelvCom
Sliding piece lordosis - SY59,MiscLumbPelvCom
"TIBAS double side cable tray,PKG",CableTrayAssy
"Spring steel sheet 0.3x31,5 - SY59",CompressSpring
Lumbar pad - SY59,LumbarPad
"Adjusting lever, right - SY59",LumbarLever
"Adjusting lever, left - SY59",LumbarLever
"Guidance, rear - SY59",MiscChairFrame
T-Upright - SY59,BackUpright
"Giudance, front - SY59",MiscChairFrame
"Cover back frame, right - SY59",BackCover
"Cover back frame, left - SY59",BackCover
"Back frame, top side - SY59",BackrestFrame
"ST4.0x10, PanHead, Torx, GalvanizedBlack, NA/NA",SelfTapScrew
"Connection plate, right - SY59",MiscConnector
"Connecting plate, left - SY59",MiscConnector
Seat foam - SY59,SeatCushion
Upholstered seat support - SY59,SeatShell
TIBAS single side cable tray PKG,CableTrayAssy
Bowden wire hgt. adj. - SY59,MiscMechComp
"M6x12.00, FlatHead, NA, Oxidised, NA/NA",MetricScrew
"Rack,storage,fixedand, seminar,Very,Chrome",SeatingBookRack
Cover seat depth adj. - SY59,SeatCover
Cover forward tilt - SY59,SeatCover
"Strarlock D6x15,25",Washer
"M4x8.30, CountersunkHead, Torx, ZincCoated, DIN7500/NA",MetricScrew
Seat mechanism with seat tilt - Lively,MechAssy
Retaining clip - SY59,Clamps
Retaining plate seat deph adj. - SY59,MiscMechComp
"Safety washer D6x0.7, phosphated",Washer
Tension spring 8.2x79.1 seat deph adj. -SY59,TensionSpring
Tripping lever forward tilt - SY59,SeatingControl
Bearing block - SY59,Bearings
Axis D8x225 - SY59,MiscMechComp
"Lenker, Assy. - SY59",MechAssy
Compression spring 27x13.8 - 2 FT,CompressSpring
"Compression spring 13,5x39 - 1 FT",CompressSpring
"Adapter, left - SY59",SeatingControl
"Adapter, right - SY59",SeatingControl
Locking device forward tilt - SY59,SeatingControl
Linkage - SY59,MiscMechComp
"Leg spring for cover, right - SY59",TorsionSpring
"Leg spring for cover, left - SY59",TorsionSpring
Cover crossbar - SY59,MechCover
Clamp clover right - SY59,MiscMechComp
Clamp clover left - SY59,MiscMechComp
Starlock D4x11,Washer
"Bearing block forward tilt, right - SY59",Bearings
"Bearing block forward tilt, left - SY59",Bearings
"Washer A5,3x1,2",Washer
Axis D6x38 f. seat deph adj. - SY59,MiscMechComp
Cover right for seat frame PP - SY59,SeatCover
Cover left for seat frame PP - SY59,SeatCover
Cover left for seat frame - PP - SY59,SeatCover
Lever with Bolt f. back tension Adj. - SY59,SeatingControl
Comfort adjustment assy. - SY59,MechAssy
Bolt D6x30,Bolt
"Compression spring 4,2x12",CompressSpring
"Bolt 6x13,5 comfort adj.",Pins
Button comfort adjustment - SY59,SeatingControl
Lever tension adjustment - SY59,SeatingControl
Draw shackle - SY59,MiscMechComp
Button for seat deph adj. - SY59,SeatingControl
Button for back lock - SY59,SeatingControl
Button for forward tilt - SY59,SeatingControl
Cover f. comfort adjustment - SY59,MechCover
Button hight adjustment - SY59,SeatingControl
Leg spring f. seat depth adj. - SY59,TorsionSpring
Locking device seat deph adj. - SY59,MiscMechComp
Fastener forward tilt - SY59,MiscMechComp
Diffuser forward tilt - SY59,MiscMechComp
Task chair seat frame - SY59,MechCover
Cover left - SY59,MechCover
Mechanism cover right - SY59,MechCover
Conference seat frame - SY59,MechCover
"ST4.0x12, RoundHead, Torx, ZincCoated, NA/NA",SelfTapScrew
Bearing bolt M8x15,Bolt
"Cover for seat frame, left - SY59",SeatCover
"Cover for seat frame, right - SY59",SeatCover
Axis height adj. - SY59,MiscMechComp
Bearing block standard - SY59,Bearings
Spring assembly - SY59,MechAssy
Buffer for endstop 55x32x9.7,Foams
PIVOT PET COVER,ScreenInFill
Sliding piece 6.2x8.4x10.4 - SY59,MiscMechComp
Bushing w. flange 8x10x7.5,Bushings
Pivot Worktop Assy,DeskTopAssy
Cylindrical slide bearings 8x10x10 - Form S,Bearings
Hexagon nut M8x6.8,Nut
Guide tab for spring assembly - SY59,MiscMechComp
"Compression spring 30,5x42",CompressSpring
Bushing 12.2x18x11,Bushings
Bushing 16.3x25.4x11,Bushings
Pull bar M8x11 - SY59,MiscMechComp
Bushing for spring - SY59,MiscMechComp
Axis Ø8x98 - SY59,MiscMechComp
Bearing bolt M10x10,Bolt
Felt 28x4,Felt
Spacer for leg spring - SY59,MiscMechComp
Pivot Storage Assy LH,StorageLeg
Pivot Footplate&Accessories,DeskFrame
"Electrification On surface,BER, 2 sockets,1 USB C",OnSurfaceSocket
PET Cover Spacer,MiscConnector
Pivot C Bracket,MiscConnector
Wire Cover,MiscConnector
Pivot Storage Fixture,MiscConnector
PIVOTING TRAY SPACER,MiscConnector
PivotTopAdaptorHook,Bracket
Pivot Table grip,TableConnector
PivotBeamMiddleWithoutAdaptor,Beam
PivotBeamMiddleWithAdaptor,Beam
PIVOT BEAM RH,Beam
PIVOT BEAM LH,Beam
Pivot Metal Cover,CableTrunkCover
PIVOT SIDE BRACKET RH,TopSupport
PIVOT SIDE BRACKET LH,TopSupport
PIVOT STORAGE RH,StorageLeg
PIVOT STORAGE LH,StorageLeg
PIVOT FOOT ASSY,DeskFoot
"Seat crossbar, Assy. - SY59",SeatingControl
"Bearing f. spring, left - SY59",MiscMechComp
"Bearing f. spring, right - SY59",MiscMechComp
Bushing 12x14x18,Bushings
Bushing 16x18x24,Bushings
"Leg spring, left - SY59",TorsionSpring
"Leg spring, right - SY59",TorsionSpring
Cross bar - SY59,MechCover
Safety device d8,MiscMechComp
Washer D20/8.15x0.5,Washer
Slide bearing for lift D22x11.5 - SY59,Bearings
Buffer D20x10x16,Washer
Plunger for lift - SY59,MiscMechComp
Cylinder for Lift - SY59,MiscMechComp
"Gas spring, Lift, Assy. - SY59",GasSpring
Piston rod for lift - SY59,MiscMechComp
Lock bar - SY59,MiscMechComp
"Locking latch, Assy. - SY59",MiscMechComp
Housing - SY59,Housing
"Seat support, Assy. - SY59",MechCover
Connecting element - rod - SY59,Fixture
Test cone - SY59,Fixture
"M4x10.00, PanHead, Torx, ZincCoated, DIN7500/NA",MetricScrew
Pivot Worktop HPL,DeskTop
Bowden wire Back lock - SY59,SeatingControl
Bowden wire forward tilt - SY59,SeatingControl
"Cap with lever height adj., Assy. - SY59",MechCover
Cover height adjustment - SY59,MechCover
Lever height adjustment - SY59,MiscMechComp
Tension spring back lock,TensionSpring
Locking bridge - SY59,MiscMechComp
Bolt 5x9 for back lock - SY59,Bolt
Locking device back lock - SY59,MiscMechComp
Locking shank - SY59,MiscMechComp
"SFT, Lateral screen end front bracket, RH, FAB",Bracket
"Intuity, Accent plate for single frame leg, PC",AccentPlate
"Accent plate for Single frame leg, FAB, Intuity II",AccentPlate
"Adapter for single side bracket, Tibas leg, RH, FAB",Bracket
"Adapter for single side bracket, Tibas leg, LH, FAB",Bracket
"adapter for double side bracket, Tibas leg, FAB",Bracket
"single side hung bracket, Intuity, RH",Bracket
"cable tray bracket, single side, RH, Intuity II, FAB",Bracket
"cable tray bracket, single side, LH, Intuity II, FAB",Bracket
"cable tray bracket, double side, Intuity II, FAB",Bracket
"Tray for Intuity II, R30, double side, FAB",CableTray
"Intuity II Single INTER-leg cover,RH fixed,FIN,",MiscTblFrameAcc
"Intuity II Single INTER-leg cover,RH fixed,FAB",MiscTblFrameAcc
"Intuity II Single INTER-leg cover, LH fixed,FIN,",MiscTblFrameAcc
"Intuity II Single INTER-leg cover,LH fixed,FAB",MiscTblFrameAcc
"Intuity II Double Inter-leg cover,FIN,",MiscTblFrameAcc
Intuity II Double side intermediate leg,MiscTblFrameAcc
"Intuity II Double INTER-leg cover, fixed,FAB",MiscTblFrameAcc
"Intuity, Accent plate for single A leg, RH,PC",AccentPlate
"Accent plate for single A leg, RH, Intuity II, FAB",AccentPlate
"Intuity, Accent plate for single A leg, LH,PC",AccentPlate
"Accent plate for single A leg, LH, FAB, Intuity II",AccentPlate
"Accent plate for double Frame leg, FAB, Intuity II",AccentPlate
"Intuity double accent plate for frame leg, FIN",AccentPlate
Internal bottom shell button,Endcap
External bottom shell,Endcap
External top cover,Endcap
Internal top cover,Endcap
Internal bottom shell_B,Endcap
Internal bottom shell_A,Endcap
Value Screen FS bracket,Bracket
panel chick pouf A88028602,Endcap
"Double Accent plate, A leg, FAB, Intuity",AccentPlate
"Double Accent plate, A leg, FIN,Intuity",AccentPlate
"End cap, Intermediate leg, Intuity",Endcap
"Wire Cover, FAB",MiscConnector
"PET Cover Spacer, FAB",MiscConnector
"Pivot C Bracket, FAB",MiscConnector
Aloha pro 1D arm Right,ArmrestAssy
Aloha pro AP KD ARM SPACER RH,MiscConnector
Aloha pro PLYWOOD ARM SPAER LH,MiscConnector
Aloha pro Control body block Right,MiscConnector
CONTROL FOUNDATION CUSHION BLOCK,MiscConnector
GST18 EXTENSION CABLE 1M,ExtensionCable
GST18 T-connector 2F-1M,ElectricalPlugs
"M6x16.00, , HexagonalSocket, ZincCoated, ISO4762/",MetricScrew
"M5x10.00, PanHead, Torx, ZincCoated, NA/NA",MetricScrew
PERSONAL STORAGE FELT,StorageLeg
GST18 EXTENSION CABLE 2M,ExtensionCable
COLUMN SUPPORT RIGHT YOURPLACE ECHO,MiscTblFrameAcc
MOTOR COLUMN EXTENSION CABLE,ExtensionCable
FOOT ROUND COVER (SLEEVE OPTION),FacePlate
ELETRIFICATION FOOT COVER KIT (SLEEVE OPTION),FacePlate
FOOT REINFORCEMENT LEFT SIDE,MiscTblFrameAcc
Foot reinforcement long side,MiscTblFrameAcc
Foot reinforcement short side,MiscTblFrameAcc
Foot reinforcement base,MiscTblFrameAcc
FOOT REINFORCEMENT RIGHT SIDE,MiscTblFrameAcc
"M6x8.30, CountersunkHead, Hexagonal, Oxidised, ISO10642/",MetricScrew
"M8x30.00, SocketHead, Torx, GalvanizedBlack, NA/",MetricScrew
Breck mech assembly,MechAssy
"Adapater for single Tibas leg and cable tray, RH",Bracket
"Adapater for single Tibas leg and cable tray, LH",Bracket
Pivot Worktop LPL,DeskTop
Value screen bottom plate,Bracket
Value screen rail bkt bottom spacer,Bracket
"Cabletray assy for Intuity Tibas, R30",CableTrayAssy
"single side hung bracket, Intuity, LH",Bracket
"Tray for Intuity R30, single side",CableTray
Value Screen clamp bracket,Bracket
"Tray for New Intuity, double side",CableTray
"Cabletray assy for Intuity, R30",CableTrayAssy
Bayonet lock,Bracket
"M6x20.00, PanHead, HexagonalSocket, ZincCoated, NA/NA",MetricScrew
Upholstery clip,Clamps
"Parkbench, Timber leg for Seating table, PKG",Tableleg
PKG for Parkbench metal & timber leg high,PseudoPack
"Parkbench metal leg for Seating table,PKG",Tableleg
"PKG, PB accent plate",PseudoPack
Screw packing for Parkbench accent plate,PackingPouchBag
"Parkbench accent plate for seating table, PKG",AccentPlate
"Parkbench small beam for seating, PKG",Beam
PKG for Park Bench cross beam,PseudoPack
Screw packing for Park Bench cross beam,PackingPouchBag
"Cross beam assy for Parkbench sitting height,PKG",CrossBeam
PKG for Parkbench main & small beam,PseudoPack
Screw packing for Park Bench main & small beam,PackingPouchBag
"Parkbench main beam for seating, PKG",Beam
"PKG,Parkbench Umbilical Cord",PseudoPack
Screw packing for Park Bench Umbilical Cord,PackingPouchBag
"PKG,for Park Bench bottom cover",PseudoPack
Screw packing for Park Bench bottom cover,PackingPouchBag
"Parkbench Bottom cover for central tray, PKG",Bracket
PKG for Parkbench socket plate,PseudoPack
Screw packing for Parkbench socket plate,PackingPouchBag
PKG for parkbench cable tray,PseudoPack
Screw packing for Parkbench cabletray,PackingPouchBag
"PM,PKG spec,kraft multi-SCRd, 1130*110*110",PackagingCarton
"PM,PKG spec,kraft multi-SCRd, 730*110*110",PackagingCarton
"PM,Kraft single wall, 206*143*1243",PackagingCarton
"PM,single wall CORR FF5PF 2225*290*110",PackagingCarton
"PM,Kraft single wall CORR, FF5PF, 130*150*1900",PackagingCarton
"PM,PKG,SPEC,RS5PF, 1270*130*130",PackagingCarton
"M6x10.00, CountersunkHead, HexagonalSocket, ZincCoated, NA/G",MetricScrew
"M6x10.00, CountersunkHead, HexagonalSocket, ZincCoated, NA/G",MetricScrew
Adapter for Intuity II double side cable tray,Bracket
bottom welding part for HAT umbilical cord bottom bracket,Bracket
top welding part for HAT umbilical cord bottom bracket,Bracket
IQ Main Frame Vertical Joint Connet Frame W/Bore,SofaFrame
IQ Pod Short Tail returb Frame End Curve Frame,SofaFrame
IQ Main Frame T/B Connection Frame,SofaFrame
IQ Short Tail Return Frame Cuver End,SofaFrame
IQ Main Frame Vertical support L2,SofaFrame
IQ Main Frame Vertical support L2,SofaFrame
IQ Pod Connector A,SofaFrame
IQ Main Frame Bottom Vertical L1,SofaFrame
IQ Main Frame Middle Connection for return frame,SofaFrame
IQ Main Frame Vertical support L2,SofaFrame
Long Tail Short Return Frame,SofaFrame
"Umbilical Cord, Seating height, 780H, Assy",CableSleeveAssy
"Umbilical Cord, 2 channel, Seating height, 780H",CableSleeve
"Umbilical Cord, 1 channel, Seating height, 780H",CableSleeve
"Glide, M10, H29, D50",GlideFurniture
"Parkbench, Timber leg for Seating table,without nut, LH",Tableleg
"Parkbench, Timber leg for Seating table, LH",Tableleg
"Parkbench, Timber leg for Seating table,without nut, RH",Tableleg
"Parkbench, Timber leg for Seating table, RH",Tableleg
"InsertNut, M8x30 , HexagonalSocket",InsertNut
"Parkbench, metal leg for Seating table,RH, fabricated",Tableleg
"Parkbench, metal leg for Seating table, RH, not welded",Tableleg
"Parkbench, metal leg for Seating table,RH, painted",Tableleg
"Parkbench, metal leg for Seating table,LH, painted",Tableleg
"Parkbench, metal leg for Seating table, LH, not welded",Tableleg
bracket welding for metal leg of seating table,Bracket
"Parkbench, metal leg for Seating table,LH, painted",Tableleg
"Parkbench, Accent plate for seating table, fabricated",AccentPlate
Bracket for PB accent plate,Bracket
"Parkbench, Accent plate for seating table, not welded",AccentPlate
"Parkbench, Accent plate for seating table",AccentPlate
"Parkbench, main beam for seating, fabricated",Beam
"Parkbench, tube of small beam for seating",Beam
"Parkbench, main beam for seating",Beam
"Parkbench, small beam for seating, fabricated",Beam
"bracket for enhance of small beam, PB",Bracket
bracket for beam of PB,Bracket
"Parkbench, tube of small beam for seating",Beam
"Parkbench, small beam for seating",Beam
"Parkbench, seating table, frame assy",DeskFrame
"Cross beam assy for Parkbench sitting height, fabricated",CrossBeam
"Bracket for sitting height Parkbench cross beam, RH",Bracket
"Bracket for sitting height Parkbench cross beam, LH",Bracket
Cross beam assy for Parkbench sitting height,CrossBeam
Cross tube for Parkbench seating,CrossBeam
"Parkbench, Desktop assy",DeskTopAssy
Parkbench socket plate assy,FacePlate
"Bottom cover for central tray, fabricated",Bracket
"Bottom cover for central tray, painted",Bracket
"Park Bench bracket for socketplate, RH, fabricated",Bracket
"Park Bench bracket for socketplate, RH, painted",Bracket
"Park Bench bracket for socketplate, LH, fabricated",Bracket
"Park Bench bracket for socketplate, LH, painted",Bracket
LEFT ARM PIVOT,MetalSheets
"Park Bench socket plate, FAB",FacePlate
"Parkbench, cabletray assy",CableTrayAssy
Park Bench socket plate,FacePlate
"Park Bench Flip cover, FAB",CableOutlet
"Park Bench Flip cover, painted",CableOutlet
"Central Tray Bracket for 25mmTable Top, fabricated",Bracket
Central Tray Bracket for 25mmTable Top,Bracket
PRIVA380_S,MountingKits
PRIVA380,MountingKits
"Parkbench Central tray, fabricated",CableTray
IQ Long Tail RH side connection,SofaFrame
"Parkbench Central tray, painted",CableTray
"Be_hold glide, adjustment",GlideFurniture
"M6x8.00, CountersunkHead, HexagonalSocket, ZincCoated, NA/GB",MetricScrew
"cable tray bracket, double side, Intuity, Painted",Bracket
Foam Spacer,Spacer
HANGING090,MountingKits
HANGING090_S,MountingKits
NIVELADOR M8,MiscFasteners
PERNO M6x8 D913 PRETO 07810,InsertNut
"Plastic Spacer 77x28x1,5 DRAWING: PT0341008",Spacer
PLASTIC SPACER,Spacer
"BuzziSpace honeycomb, 1000*2000*15",HoneyCombCard
"PKG,Pebble pouf",PseudoPack
PKG Pebble 1700mm Tray 7PLY,PackagingCarton
PKG Pebble 1200mm Tray 7PLY,PackagingCarton
PKG Pebble 850mm Tray 7PLY,PackagingCarton
PKG Pebble 650mm Tray 7PLY,PackagingCarton
PKG Pebble 1700mm BOX 7PLY,PackagingCarton
PKG Pebble 1200mm BOX 7PLY,PackagingCarton
PKG Pebble 850mm BOX 7PLY,PackagingCarton
PKG Pebble 650mm BOX 7PLY,PackagingCarton
Pebble Foam 1700mmWx850mmD,SofaFoam
PebbleFoam 1200mmWx1200mmD,SofaFoam
Pebble Foam 850mmWx850mmD,SofaFoam
Pebble Foam 650mmWx650mmD,SofaFoam
Tape ecokraft solv. w/o printing 50mm,Tape
"Pivot foot assy, FAB",DeskFoot
1,MetalSheets
1,MetalSheets
YOURPLACE ECHO LATERAL FOOT PLATE,MetalSheets
YOURPLACE ECHO RIGHT FOOT,MetalSheets
YOURPLACE ECHO LEFT FOOT,MetalSheets
YOURPLACE ECHO CENTRAL FOOT PLATE,LegConnector
PIVOT FOOT CENTRAL BEAM,MetalSheets
Steel Dbl A-leg end India PKG,PseudoPack
"Steel Dbl F-leg end India, PKG",PseudoPack
IQ Main Frame Vertical Joint Connet Frame W/Bore,SofaFrame
fabric for Riverbend concave unit 60° high back,Fabric
fabric for Riverbend concave unit 60° seat-high,Fabric
"Parkbench end cap for central tray, fabricated",Bracket
"top plate of end bracket for cable tray, parkbench",Bracket
Plate for end bracket of cable tray,Bracket
Parkbench end cap for central tray,Bracket
Soft Foam 1st Layer Thick Main Frame,SofaFoam
"Parkbench, Desktop, HPL",DeskTop
Castor Furn D80 With Brake,CastorsFurnit
CASTER D80 WITHOUT BRAKE,CastorsFurnit
Pebble Glide Assy,GlideFurniture
Short Focus Pod PKG Tray,PackagingCarton
Short Focus Pod PKG,PackagingCarton
"PKG,IQ commercial short tail",PseudoPack
IQ Pod Connector A&B set,MiscConnector
Phonix accoustic Nano fibre1400W,Fabric
4mm dia wire,Yarn
PU foam 14mm Thick,SofaFoam
2mm Felt Foam fabric,SofaFoam
"SCRN,bracket assy,Framed Hung Screen",Bracket
"PKG, for Park bench cushion BKT",PseudoPack
Screw packing for Bracket for Sitbench cushion,PackingPouchBag
"Park bench cushion BKT,PKG",Bracket
"PM, single wall corr, for sitbench top,1120x210x60",PackagingCarton
PKG for timber top,PseudoPack
"Park Bench,sitbench timber top, PKG",SitBenchSeat
"PM, single wall corr, for sitbench top,1100x390x40",PackagingCarton
"PKG, for cushion top",PseudoPack
"Sitbench, cusion fabric cover",SeatCover
"Park Bench, Cushion top for sitbench",SitBenchSeatAsy
"Park Bench,sitbench timber leg,PKG",ChairLeg
"PM,Single wall CORR FF5PF, 450x170x100",PackagingCarton
"PKG, for Timber & metal leg",PseudoPack
"Park Bench,sitbench metal leg,PKG",ChairLeg
"PKG, for PB side frame",PseudoPack
"Side frame for sitbench, Parkbench,PKG",Bracket
"PKG, for PB end frame",PseudoPack
"Screw packing for End frame for sitbench, Parkbench",PackingPouchBag
"End frame for sitbench, Parkbench,PKG",Bracket
"End Cap Plastic, 40*20",Endcap
"Intuity shared Frame leg, double, FAB",Tableleg
"Intuity shared Frame leg, double, FIN",Tableleg
"Intuity shared A leg, Double, FAB",Tableleg
"Intuity, A leg for double WS, Shared, FIN",Tableleg
"Intuity Tibas style single leg, RH,FAB",Tableleg
"Intuity steel flush leg for single WS, RH",Tableleg
"Intuity Tibas style single leg, LH, FAB",Tableleg
"Intuity steel flush leg for single WS, LH",Tableleg
"Intuity frame leg single side, Shared, FAB",Tableleg
"Intuity frame leg single side, Shared, FIN",Tableleg
"Intuity frame leg single side, Right,FAB",Tableleg
"Intuity frame leg single side, Right,FIN",Tableleg
"DS, 25T, Vertical rail, FAB",PartiVertRail
"Intuity frame leg single side, Left,FAB",Tableleg
"Intuity frame leg single side,Left, FIN",Tableleg
Surface2 fabric for IQ return foucs pod,Fabric
Surface1 fabric for IQ return foucs pod,Fabric
"Intuity intermediate leg single, FAB",Tableleg
"Intuity intermediate leg single, FIN",Tableleg
"Metal leg for sitbench, RH, Parkbench, fabricated",ChairLeg
Surface2 fabric for IQ short tail foucs pod,Fabric
Surface1 fabric for IQ short tail foucs pod,Fabric
"Metal leg for sitbench, LH, Parkbench, fabricated",ChairLeg
"Intuity single side shared A leg, FAB",Tableleg
"Intuity single side shared A leg, FIN",Tableleg
"Bracket for Sitbench cushion, fabricated",Bracket
"M8x30.00, SocketHead, HexagonalSocket, GalvanizedBlack, ISO4",MetricScrew
"M6x20.00, SocketHead, HexagonalSocket, GalvanizedBlack, ISO4",MetricScrew
"Intuity Single RH leg, FAB",Tableleg
"Intuity, A leg for single WS, RH,FIN",Tableleg
"Intuity Single LH leg, FAB",Tableleg
"Intuity, A leg for single WS, LH,FIN",Tableleg
"Cushion for Sitbench, assy",SitBenchSeatAsy
PET_Pivot_Storage,ScreenInFill
Glide D60/11/20 - Hard,GlideTaskChair
Castor D60/11/20 hard 2x11.45 ring,CastorsSeating
"Timber leg for sitbench, RH",ChairLeg
"Metal leg for sitbench, RH, Parkbench",ChairLeg
Bracket for Sitbench cushion,Bracket
Five star base,StarBase
Pneumatic cylinder Honua,GasSpringUnit
"Armrest,LH",ArmrestAssy
Aloha pro arm RH,ArmrestAssy
"Pkg, Framed Desk screen India",PseudoPack
"SFT,25T,Fabric Cover Framed Desk screen",PartFabricCover
"Desk screen bracket, FAB",Bracket
"DS,25T,End trim, FAB",PanelTrim
"DS, 25T, Top trim, FAB",RailProfile
"DS, 25T, Horizontal Rail, FAB",RailProfile
"DS, 25T, Bottom rail, FAB",RailProfile
"LPL core for sitbench, Sitbench",SitBenchSeat
Cushion foam for Sitbench,SeatCushion
"Timber top for Sitbench, assy",SitBenchSeatAsy
Timber top for sitbench,SitBenchSeat
"M6x32.00, HexHead, Hexagonal, GalvanizedBlue, ISO4016/NA",MetricScrew
Honua arm screw,MiscFasteners
Support assy. lumbar Black,LumbarAssy
"S-CLIP, D44684-020, PROJ 451",Clamps
"leg top spacer 5mm height, Intuity",Spacer
Intuity Beam Spacer,Spacer
SHAFT for Intuity A leg,Spacer
test,ArmCap
"PM,Single wall corr,FF5PF, 275x105x65",PackagingCarton
PKG Epure stiffener for bench,PseudoPack
Screw packing for AP Epure linking plate,PackingPouchBag
"Epure BKT for single intermedia leg, PKG",PseudoPack
"Screw packing for Epure BKT, single intermedia leg",PackingPouchBag
"PM, double wall, SGL inter leg",PackagingCarton
"Single intermediate leg, PKG",PseudoPack
Screw packing for Epure inter leg,PackingPouchBag
"Epure straight extension,FAB",Column
"Single  INTER-leg cover,RH, adjustable,FAB",MiscTblFrameAcc
"Single INTER-leg cover,LH, adjustable,FAB",MiscTblFrameAcc
"Epure SG inter leg,fixed, FAB",Tableleg
"PM,Single wall CORR FF5PF, 1825x290x110mm",PackagingCarton
"PM,Single wall CORR FF5PF,1525x290x110mm",PackagingCarton
"PM,Single wall CORR FF5PF, 1225x290x110mm",PackagingCarton
PKG Epure SG cable tray,PseudoPack
Screw packing for single face plate,PackingPouchBag
IQ Commercial Rectangle Curved Tabletop,LoungeTableTop
"ST5.0x10, TrussWasherHead, Torx, GalvanizedBlack, NA/",SelfTapScrew
"SPRING,ARM,SUPRT,LUMBAR PAD,ZODY",MiscLumbPelvCom
"CARRIAGE, LUMBAR, PROJ 433",LumbarLever
"CARRIAGE, LUMBAR, PROJ 433",LumbarAssy
"PLATER,RETAINER,SPRING,LUMBAR",CompressSpring
"COVER, SEAT, LOWER,STD, FLAT",SeatCover
EU Seat Foam,SeatCushion
"Felt, raw material",Felt
"Intuity Double intermediate leg,FAB",Tableleg
"Intuity II Double intermediate leg,FIN",Tableleg
"Intuity Tibas style end leg, double, FAB",Tableleg
"Intuity, steel flush leg for double WS",Tableleg
Sitbench frame assy,SitBenchFrame
"Timber leg for sitbench, LH",ChairLeg
"Intuity End STR-Leg, Doubleside,fixed, FAB",Tableleg
Intuity steel frame leg for double WS,Tableleg
IQ Main Frame Middle Connection for return frame,SofaFrame
IQ Main Frame T/B Connection Frame,SofaFrame
cone gage Ø50,Fixture
"Metal leg for sitbench, LH, Parkbench",ChairLeg
"Side frame for sitbench, Parkbench, fabricated",Bracket
"Side frame for sitbench, Parkbench",Bracket
IQ Pod long Tail Main Assy,FocusPodFrame
"End frame for sitbench, Parkbench, fabricated",Bracket
"End frame for sitbench, Parkbench",Bracket
"PKG for BuzziDesk screen bracket, HAT double",PseudoPack
"Screw packing for BuzziDesk screen bracket, HAT double",PackingPouchBag
"BuzziSpace HAT DB spacer,FAB",Bracket
"Double side screen BKT,FAB",Bracket
"PKG for BuzziDesk screen bracket, HAT single",PseudoPack
PKG BuzziFix Bold,PseudoPack
Hardware packing for BuzziDesk screen bracket,PackingPouchBag
"Buzzi fixing adaptor,FAB",Bracket
"6mm steel, pickled steel board, 560*155",MetalSheets
"BuzziFix Bold,L, U part,FAB",Bracket
"BuzziFix Bold L part C-02,FAB",Bracket
"SPCC,T=3.0mm,1250mm*2500mm",MetalSheets
"BuzziFix Bold L part C-01,FAB",Bracket
PKG for BuzziDesk screen HAT double,PseudoPack
"BuzziDesk screen, Frame for HAT double,FAB",DeskScreenFrame
PKG for BuzziDesk screen HAT single,PseudoPack
"BuzziDesk screen, Frame for HAT single,FAB",DeskScreenFrame
PKG for BuzziDesk screen,PseudoPack
Brown tape,Tape
"BuzziDesk screen, Frame, FAB",DeskScreenFrame
"BuzziScreen thread,NYLON,black M10 TEX270 840/3 750M",Yarn
"BuzziScreen thread,NYLON,white M10 TEX270 840/3 750M",Yarn
"PM, Buzzi 737*1800",PackagingCarton
"PM, Buzzi 737*1600",PackagingCarton
"PM, Buzzi 737*1400",PackagingCarton
"PM, Buzzi 950*1800",PackagingCarton
"PM, Buzzi 950*1600",PackagingCarton
"PM, Buzzi 950*1400",PackagingCarton
"PM, Buzzi 477*1800",PackagingCarton
"PM, Buzzi 477*1600",PackagingCarton
Buzzi brown tape with logo A-0000000203,Tape
IQ Main Frame Foam Assy,SofaFoam
"PM, Buzzi 477*1400",PackagingCarton
"RM, Rectang 25×50 SHIFT Tube 4.5m Raw Material",MetalTubes
Soft Foam 1st Layer Thin Main Frame,SofaFoam
"Metric Screw, ST4.8X50",MetricScrew
"PKG, HAT single bench screen bkt",PseudoPack
Surface2 fabric for IQ long tail foucs pod,Fabric
IQ Short Tail Man Frame cardboard Innerside,SofaFrame
Surface1 fabric for IQ long tail foucs pod,Fabric
IQ Short Tail Man Frame cardboard Outside,SofaFrame
Soft Foam 1st Layer Thin Main Frame Surface outside,SofaFoam
Cabana single seat screen,MntLoungeScreen
"Shift, Frame leg, cross tube,shared, FAB",FrameLeg
"Shift, Frame leg, cross tube,RH, FAB",FrameLeg
"Shift, Frame leg, angled tube, FAB",FrameLeg
"Shift, Frame leg, cross tube,LH,FAB",FrameLeg
"DS,6mm EVA Foam, L1",PartPanelInfill
"DS,25T spacer Fabric Core L1",PartPanelInfill
"DS,6mm MDF Board,L1",PartPanelInfill
"DS,25T,tackable core level1 Hung",PartPanelCore
"DS,25T, fabric core thin level1",PartPanelCore
"DS,25T, Core assembly level1",PartPanelCore
Spacer for Intuity flush leg,Spacer
EU seat plate,SeatPlate
Desk screen bracket,Bracket
"RM, Square 50×50 SHIFT Tube 4.5m Raw Material",MetalTubes
"Intuity main beam, bench FAB",Beam
"Intuity II, main beam, FIN",Beam
"Shift, Junction cap, 50×50,FAB",PanelJunction
"Shift, Junction 50x50,FAB",PanelJunction
IQ Main Frame Bottom W/Cut,SofaFrame
IQ Main Frame Top W/Groove,SofaFrame
"Intuity, End A leg, double side, FAB",Tableleg
"Shift, Junction caps, 25x50_50x25,FAB",PanelJunction
"Intuity, A leg for double WS",Tableleg
"Shift, Junction 25x50_50x25,FAB",PanelJunction
"DS,25T,End trim",PanelTrim
"DS, 25T, Top trim",RailProfile
"DS, 25T, Horizontal rail,",RailProfile
"DS, 25T, Bottom rail,",RailProfile
"DS, 25T, Vertical rail,",PartiVertRail
"DS,25T rail assembly",DeskScreenFrame
"PKG, SHIFT Junction 25x25",PseudoPack
"Shift, Junction cap, 25x25,FAB",PanelJunction
"Shift, Junction 25x25, FAB",PanelJunction
"Shift, Frame leg, U-shape for monolithic, shared,FAB",FrameLeg
"Shift, Frame leg, U-shape for monolithic, shared,PKG",FrameLeg
"Shift, Frame leg, U-shape for monolithic, RH,FAB",FrameLeg
"Shift, Frame leg, U-shape for monolithic, RH,PKG",FrameLeg
"Shift, Frame leg, U-shape for monolithic, LH,FAB",FrameLeg
"Shift, Frame leg, U-shape for monolithic, LH,PKG",FrameLeg
"Epure SG inter leg,tech-height,FAB",Tableleg
Cabana wedge table Screen,MntLoungeScreen
Cabana rectangular table Screen,MntLoungeScreen
"SHIFT share U-leg, PKG",PseudoPack
"Shift, Frame leg, U-shape,shared,FAB",FrameLeg
"Shift, Frame leg, U-shape,shared,PKG",FrameLeg
"Shift, Frame leg, U-shape,RH,FAB",FrameLeg
"Shift, Frame leg, U-shape,RH,PKG",FrameLeg
Cabana wedge table upper table,LoungeScreenTbl
Cabana wedge table lower table,LoungeScreenTbl
SHIFT end U-leg PKG,PseudoPack
"Intuity base-straight,fixed with glide SHIFT leg",GlideFurniture
"Shift, Frame leg, U-shape,LH,FAB",FrameLeg
"Shift, Frame leg, U-shape,LH,PKG",FrameLeg
"L-Bracket for end leg, PKG",PseudoPack
Hardware packing for SHIFT L-bracket for frame end leg assy,PackingPouchBag
"SFT,bottom-bracket,for end U leg,FAB",Bracket
Cabana rectangular upper table,LoungeScreenTbl
Cabana rectangular lower table,LoungeScreenTbl
Cabana square table Screen,MntLoungeScreen
Thick Foam Long Tail Straight,SofaFoam
Thin Foam Long Tail Straight,SofaFoam
Long Tail Foam Staright Assy,SofaFoam
Card Board for Outer,SofaFrame
Card Board for innner,SofaFrame
IQ Pod ShortTail ReturnFrame Horizatal support1,SofaFrame
IQ Short Tail Return Frame CuverEnd1,SofaFrame
ID pod long Tail support part,SofaFrame
Long Tail Frame Straight Assy,SofaFrame
"Shift, Frame leg, welding bracket,shared,FAB",Bracket
"Shift, Frame leg, welding bracket,RH, FAB",Bracket
"PKG, Shift, Frame End leg, L-shape",PseudoPack
"Shift, Frame leg, welding bracket,LH, FAB",Bracket
"RM,Square tube 30x30x1.5T 6M length",MetalTubes
"Shift, Frame leg,U leg for monolithic,welding bracket,shared",Bracket
"Shift, Frame leg, U leg for monolithic, welding bracket,RH",Bracket
"Shift, Frame leg, U leg for monolithic,welding bracket,LH",Bracket
"Shift, Frame leg, U-shape for monolithic, shared",FrameLeg
"Shift, Frame leg, U-shape for monolithic, RH",FrameLeg
"Shift, Frame leg, U-shape for monolithic, LH",FrameLeg
"Cabana table bracket,Ganging,pkg",Bracket
"L-Bracket for shared leg, PKG",PseudoPack
Hardware packing for frame shared leg,PackingPouchBag
"SFT,L-bracket,for frame shared leg,FAB",Bracket
"L-Bracket for end leg, PKG",PseudoPack
Screw packing for SHIFT frame end leg,PackingPouchBag
"SFT,L-bracket,for frame end leg,FAB",Bracket
"PM, single wall corr",PackagingCarton
SHIFT shared L-leg PKG,PseudoPack
"Shift, Frame leg, L-shape,shared,FAB",FrameLeg
"Shift, Frame leg, L-shape,shared,PKG",FrameLeg
"Shift, Frame leg, L-shape,RH,FAB",FrameLeg
"Shift, Frame leg, L-shape,RH,PKG",FrameLeg
"PM, single wall corr",PackagingCarton
"PM, single wall corr",PackagingCarton
SHIFT end L-leg PKG,PseudoPack
"Intuity base-angle,fixed with SHIFT leg",GlideFurniture
"Shift, Frame leg, L-shape,LH,FAB",FrameLeg
"Shift, Frame leg, L-shape,LH,PKG",FrameLeg
"GLIDE, MOLDED, 58 MM DIA, 15.9 H, HARD, PROJ 542",GlideFurniture
IQ pod Long Tail TopFrame,SofaFrame
Long Tail assy for Straight,FocusPodFrame
"AP,EpureHungTray,SingleSide,Body, FAB",CableTray
"AP,EpureHungTray,SingleSide,HolderBracket,RH,FAB",CableTrayHolder
"AP,EpureHungTray,SingleSide,HolderBracket,LH,Part, FAB",CableTrayHolder
"Shift, Frame leg, U leg, vertical tube",FrameLeg
"Shift, Frame leg, U leg, welding bracket,shared",Bracket
"Shift, Frame leg, U leg, cross tube,shared",FrameLeg
"Shift, Frame leg, U-shape,shared",FrameLeg
"Shift, Frame leg, U leg, welding bracket,RH",Bracket
"Shift, Frame leg, U leg, cross tube,RH",FrameLeg
"Shift, Frame leg, U-shape,RH",FrameLeg
"Shift, Frame leg, U leg,welding bracket,LH",Bracket
"Shift, Frame leg, U leg, cross tube,LH",FrameLeg
"Shift, Frame leg, U-shape,LH",FrameLeg
"SFT,bottom-bracket,for end U leg",Bracket
"SFT,L-bracket,for frame end leg assy",Bracket
"BuzziDesk screen, vertial rod",Column
"BuzziDesk screen, U shape tube",DeskScreenFrame
Cabana Chaise Lounge retreat Screen,MntLoungeScreen
Cabana chaise retreat half back seat,ChaiseLounge
"BuzziDesk screen, corner Horizontal tube",DeskScreenFrame
"BuzziDesk screen, corner Vertial tube",DeskScreenFrame
"BuzziDesk screen, Horizontal tube",DeskScreenFrame
"BuzziDesk screen, Vertial tube",DeskScreenFrame
Cabana chaise lounge retreat seat,ChaiseLounge
"Shift, Frame leg, welding bracket,shared",Bracket
"Shift, Frame leg, cross tube,shared",FrameLeg
"Shift, Frame leg, welding bracket,RH",Bracket
"Shift, Frame leg, cross tube,RH",FrameLeg
"Shift, Frame leg, welding bracket,LH",Bracket
"Shift, Frame leg, angled tube",FrameLeg
"Shift, Frame leg, cross tube,LH",FrameLeg
"SFT,L-bracket,for frame shared leg",Bracket
"SFT,L-bracket,for frame shared leg assy",Bracket
"SFT,L-bracket,for frame end leg",Bracket
"SFT,L-bracket,for frame end leg assy",Bracket
"Shift, Frame leg, L-shape,shared",FrameLeg
"Shift, Frame leg, L-shape,RH",FrameLeg
"Shift, Frame leg, L-shape,LH",FrameLeg
Insert of Shift end cantilever bracket 70mm,InsertNut
"Shift, Frame leg, U-shape(A leg) for monolithic",FrameLeg
"Shift, Frame leg, U-shape(A leg)",FrameLeg
"Shift, Frame leg, L-shape",FrameLeg
"Pivot Storage Fixture, FAB",MiscConnector
Top Layer foam,SofaFoam
Side Foam Thick,SofaFoam
Pebble Foam,SofaFoam
Bottom Support for Align,SofaFrame
Inner Support Frame Pebble,SofaFrame
Bottom Frame support for Glide,SofaFrame
Side Frame Width,SofaFrame
Side Frame Depth,SofaFrame
Pebble Top Frame,SofaFrame
Pebble Frame,SofaFrame
"PM,Kraft single wall CORR,FF5PF,1740x310x70",PackagingCarton
"PM,Kraft single wall CORR,FF5PF,1540x310x70",PackagingCarton
"PM,Kraft single wall CORR,FF5PF,1340x310x70",PackagingCarton
"PM,Kraft single wall CORR,FF5PF,1140x310x70",PackagingCarton
"PM,Kraft single wall CORR,FF5PF,940x310x70",PackagingCarton
"PM,Block,foam,side rail/top cap",Foams
"PKG, SHIFT Junction 50x50 120D",PseudoPack
Hardware packing for SHIFT junction,PackingPouchBag
test for fixed config generation,CableTie
"PKG, SHIFT end bracket for monolithic",PseudoPack
Screw packing for SHIFT end bracket for monolithic,PackingPouchBag
"PM,CARTON BOX 5PLY370L X150W X 100H",PackagingCarton
"Shift, Junction cap, 50x50, 120D, fabricated",PanelJunction
"Shift, Junction 50x50, 120D, fabricated",PanelJunction
"SFT, end bracket for Mono,RH, fabricated",Bracket
"SFT, end bracket for Mono,LH, fabricated",Bracket
"Stabilizer Foot, Intermediate, pkg",PseudoPack
"Hardware packing for Stabilizer Foot, Intermediate",PackingPouchBag
"SFT, end bracket for Mono,RH",Bracket
"SFT, end bracket for Mono,LH",Bracket
"Shift, end bracket for monolithic",Bracket
"SFT,stabilizer foot cover,Mid, FAB",Bracket
"SFT,stabilizer foot,Mid,25T, FAB",PanelStabilizer
"SFT,stabilizer foot,Mid,50T, FAB",PanelStabilizer
"PM,Double wall CORR,RSC,440x328x360",PackagingCarton
"PM,Single wall CORR board",PackagingCarton
"Stabilizer Foot, End, pkg",PseudoPack
"Screw packing for stabilizer Foot, End",PackingPouchBag
"SFT,stabilizer foot,end,25T,FAB",PanelStabilizer
"SFT,stabilizer foot,end,50T,FAB",PanelStabilizer
"Panel connector, PKG",PseudoPack
Hardawre packing for SHIFT panel connector,PackingPouchBag
"SFT,stabilizer foot cover,Mid",Bracket
"SFT,stabilizer foot,Mid,25T, base part",Bracket
"SFT,stabilizer foot,Mid,50T, base part",Bracket
"SFT,stabilizer foot,Mid,25T",PanelStabilizer
"SFT,stabilizer foot,Mid, vertical part",Bracket
"SFT,stabilizer foot,Mid,50T",PanelStabilizer
"SFT,stabilizer foot,Mid",PanelStabilizer
PKG for Shift sliding bracket,PseudoPack
Screw packing for Shift sliding bracket,PackingPouchBag
IQ Pod Connector B,MiscConnector
IQ Pod Connector A,MiscConnector
"Epure BKT for intermediate leg, fabricated",TopSupport
"Single INTER-leg cover,RH, fixed, fabricated",MiscTblFrameAcc
"Single INTER-leg cover,LH, fixed, fabricated",MiscTblFrameAcc
Soft Foam 1st Layer Thin Main Frame Surface outside,SofaFoam
Cabana individual lounge screen,MntLoungeScreen
Cabana individual lounge sofa,SofaWithBack
"BuzziDesk screen, Horizontal tube",DeskScreenFrame
"BuzziDesk screen, Vertial tube",DeskScreenFrame
Cabana Half back retreat Screen,MntLoungeScreen
"AP,Epure linking plate, FAB",TableConnector
"PKG, IQ Curved Tabletop Assy",PseudoPack
"Shift, Junction 50x25 Assy",PanelJunction
Cabana Square upper table,LoungeScreenTbl
Shift panel connector for junction,PanelConnector
Cabana Square lower table,LoungeScreenTbl
"Cabana table bracket,Ganging,pkg",Bracket
"Cabana table bracket,Ganging,fab",Bracket
Cabana Half back retreat sofa,SofaHalfBackRet
fabric for Chick pouf large - round base,Fabric
fabric for Chick pouf large - round seat,Fabric
fabric for Chick pouf large - square seat  base,Fabric
fabric for Chick pouf large - square seat,Fabric
RM 25T End Trim SHIFT 24 X 11 X 4.5m,RailProfile
RM 50T End Trim SHIFT 50 X 11 X 4.5m,RailProfile
"Shift, Junction 50x50 120D Assy",PanelJunction
"Shift, Junction cap, 50x50, 120D",PanelJunction
"Shift, Junction 50x50 Assy",PanelJunction
fabric for Chick pouf rectangle base,Fabric
fabric for Chick pouf rectangle seat,Fabric
"Shift, Junction cap, 50×50",PanelJunction
"Buzzi BKT for HAT double,L,tap",Bracket
Flat plate,Bracket
Cabana chaise lounge seat,ChaiseLounge
"Shift, Junction 25x50 Assy",PanelJunction
"Shift, Junction caps, 25x50_50x25",PanelJunction
"Shift, Junction 25x25 Assy",PanelJunction
"Shift, Junction cap, 25x25",PanelJunction
Cabana Corner sofa Screen,MntLoungeScreen
Cabana Corner sofa,CornerSofaWtBck
"SFT,stabilizer foot,end,25T",PanelStabilizer
"SFT,stabilizer foot,end,50T",PanelStabilizer
"Stabilizer Foot, End",PanelStabilizer
Shift sliding bracket,Bracket
"Shift sliding bracket, SHIFT",Bracket
"Shift, Junction 50x50, 120D",PanelJunction
"Shift, Junction 25x50_50x25",PanelJunction
"Shift, Junction 25x25",PanelJunction
"PM,PKG spec,box,corr,650x150x100",PackagingCarton
"PKG,cantilever bracket,shared",PseudoPack
"Shift shared cantilever bracket,FAB",Bracket
Hardware packing for SHIFT cantilever bracket,PackingPouchBag
"Shift, Junction 50x50",PanelJunction
"x27.00, , Pozidrive, GalvanizedWhite, NA/",WoodFurnitScrew
IQ Table worktop,LoungeTableTop
IQ Table worktop assy,LoungeTableTop
"Buzzi fixing adaptoe, cutting",Bracket
"Aligner, top trim, SHIFT",PanelConnector
"SFT,aligner for connector",PanelConnector
"SFT,panel bottom connector",PanelConnector
"SFT,panel top connector",PanelConnector
"PM,Block light epe form,bottom,8*8",PanelConnector
"PM,Block light epe form,top,8*8",PanelConnector
Shift panel connector for panel,PanelConnector
"PKG, Shift panel end trim hung screen",PseudoPack
"PM,Box,870X76X49",PackagingCarton
"PM,Single wall CORR,FF5PF ,mirror",PackagingCarton
"PKG, Shift panel end trim drop height",PseudoPack
"PM,Kraft single wall CORR FF5PF,for winder cross beam",PackagingCarton
"PKG, Shift panel end trim full height",PseudoPack
"SFT,end trim cap,50T,FIN,FAB",Endcap
"SFT,end trim cap,25T,FIN,FAB",Endcap
"SFT,end trim,25T,FIN,FAB",PanelTrim
"SFT,end trim,50T,FIN,FAB",PanelTrim
Screw packing for Shift end trim,PackingPouchBag
IQ Pod Short tail return Foam assy,SofaFrame
fabric for Riverbend concave unit 90° back with high back,Fabric
IQ Pod Short tail reurn Frame assy,SofaFrame
Insert of Shift end cantilever bracket,InsertNut
Shift shared cantilever shared parts,Bracket
Shift shared cantilever supporting main parts,Bracket
Shift shared cantilever bracket,Bracket
"Steel ""L"" Plate",BackSupport
SHIFT cantilever bracket,Bracket
Concave Low Front Back Filler,SofaFrame
Concave Front High back Filler,SofaFrame
Soft Foam 1st Layer Thin Return,SofaFoam
Soft Foam 1st Layer Thick Return,SofaFoam
Card Board SideFrame Outer,SofaFrame
CardBoardSideFrame Inner,SofaFrame
Soft Foam 1st Layer Thin Main Frame,SofaFoam
Soft Foam 1st Layer Thick Main Frame,SofaFoam
IQ Main Frame Foam Assy,SofaFoam
Double side screen BKT,Bracket
BuzziSpace HAT DB spacer,Bracket
"BuzziDesk screen bracket, HAT double, Assy",Bracket
IQ Short Tail Man Frame cardboard Innerside,SofaFrame
IQ Short tail Return Assy,FocusPodFrame
Hung screen BKT for HAT single,Bracket
"BuzziDesk screen bracket, HAT single, Assy",Bracket
PKG TRAY 1430mm CONC 7PlyHigh Back,PackagingCarton
PKG Concave LB BOX 7PLY1460Wx885Dx640H mm,PackagingCarton
PKG Concave HB BOX 7PLY1453Wx915Dx1115H mm,PackagingCarton
"PKG,Riverbend concave unit 90° With back",PseudoPack
Concave 90° Low back fabric Cover,BackCover
Concave 90° High back fabric Cover,BackCover
Concave 90° Seat fabric Cover with back,SeatCover
IQ pod Short tail Return Frame Vertical Groove,SofaFrame
IQ Pod Short Tail returb Frame End Curve Frame,SofaFrame
IQ Pod Short Tail Return Frame Top Bottom Groove,SofaFrame
IQ pod Short tail return Frame Vertical Support L2,SofaFrame
IQ Short Tail Return Frame Cuver End,SofaFrame
IQ Pod Short Tail Return Vertical Support end,SofaFrame
IQ Pod ShortTail ReturnFrame Horizatal support,SofaFrame
IQ Short Tail Man Frame cardboard Outside,SofaFrame
"HAT SCRN FRM,SGL Bench-For Fabric, Fab",BenchScreenFrm
"HAT SCRN FRM,DBL Bench-For Fabric, Fab",BenchScreenFrm
fabric translucent for HAT Screen,PartFabricCover
Buzzi fixing adaptor,Bracket
Buzzi bolt M8x37 DIN 464,MetricScrew
Buzzi velcro Pad 32x32x1 Loop,Tape
Buzzi Glide cap Transparant,Endcap
Buzzi GLIDE M8x35,MetricScrew
BuzziFix Bold L part C-02,Bracket
Welding nut M8,Nut
"BuzziFixBold L part C-01, bending",Bracket
BuzziFix Bold L part C-01,Bracket
"BuzziFix Bold,L, U part",Bracket
"BuzziDesk screen bracket, Assy",Bracket
"BuzziDesk screen, Frame for HAT double",DeskScreenFrame
"BuzziDesk screen, Honeycomb for HAT double",ScreenInFill
BuzziDesk screen felt for HAT double,DeskScreenFrame
"BuzziDesk screen, HAT double, Assy",DeskScreenFrame
"BuzziDesk screen, Frame for HAT single",DeskScreenFrame
"BuzziDesk screen, Honeycomb for HAT single",ScreenInFill
BuzziDesk screen felt bottom for HAT single,DeskScreenFrame
"BuzziDesk screen, sewing for HAT double",DeskScreenFrame
BuzziDesk screen felt top for HAT single,DeskScreenFrame
"BuzziDesk screen, sewing for HAT single",DeskScreenFrame
"HAT Fabric SCRN FRM,DBL Bench-For Fabric, Fab",BenchScreenFrm
IQ Return tail long leg RH Fab,SofaLeg
IQ Return tail long leg RH Assy,SofaLeg
"BuzziDesk screen, HAT single, Assy",DeskScreenFrame
Buzzi plastic extrusion cap,Spacer
"BuzziDesk screen, Frame",DeskScreenFrame
"BuzziDesk screen, Honeycomb",ScreenInFill
BuzziSpace tag A-0000000339,ProductLabel
"BuzziDesk screen, felt",DeskScreenFrame
"BuzziDesk screen, sewing",DeskScreenFrame
"Spring, TRSN, .295D, bottom, fabricated",MiscMechComp
"Spring, TRSN, .295D, top, fabricated",MiscMechComp
"Spring, TRSN, .295D, bottom, painted",MiscMechComp
IQ Return tail long leg LH Fab,SofaLeg
IQ Return tail long leg LH Assy,SofaLeg
IQ Return Tail Leg RH Assy,SofaLeg
IQ Return Tail Leg LH Assy,SofaLeg
IQ Return Tail Leg Assy,SofaLeg
"PKG,seminor,Very,w/o writing table, w/o book rack, w/o UPH",PseudoPack
IQ Long Tail Leg Assy,SofaLeg
IQ Long tail short leg LH Fab,SofaLeg
IQ Long tail short leg LH Assy,SofaLeg
IQ Long Tail Leg RH Assy,SofaLeg
IQ Straight Leg Assy,SofaLeg
IQ Straight leg Fab,SofaLeg
IQ Long tail short leg RH Fab,SofaLeg
IQ Long tail short leg RH Assy,SofaLeg
IQ Long Tail Leg LH Assy,SofaLeg
"SFT, 25T, Vertical rail, 850MMH, Fab",PartiVertRail
Top/side gasket,BackCover
IQ Main Frame Vertical Joint Connet Frame W/Bore,SofaFrame
IQ Main Frame T/B Connection Frame,SofaFrame
IQ Main Frame corner Top Assy,SofaFrame
IQ Main Frame Middle Connection for return frame,SofaFrame
IQ Middle Corner L2 L3,SofaFrame
IQ Middle Corner L1 L4,SofaFrame
IQ Main frame Corner Middle Assy,SofaFrame
IQ Main Frame Vertical support for Wireway L1,SofaFrame
IQ Main frame Horizontal Support Bottom L1,SofaFrame
IQ Main Frame Bottom Vertical L1,SofaFrame
IQ Main Frame Top Horizontal support L2,SofaFrame
IQ Main Frame Vertical support L2,SofaFrame
IQ Main Frame Middle support,SofaFrame
IQ Main Frame Top W/Groove,SofaFrame
IQ Main Frame Bottom W/Cut,SofaFrame
IQ Pod Short Tail Main Assy,FocusPodFrame
IQ Pod Short Tail Assy,FocusPodFrame
Screw Counter Sunk 10x50,MetricScrew
M8 Glide,GlideFurniture
Worktop IQ connector,TableConnector
IQ Short Tail Leg RH Fab,SofaLeg
IQ Short Tail Leg RH Assy,SofaLeg
M8 Weld nut,Nut
IQ Short Tail Leg LH Fab,SofaLeg
IQ Short Tail Leg LH Assy,SofaLeg
IQ Short Tail Leg Assy,SofaLeg
SPIN US Assembly and cleaning instructions,OpsInstrManuals
"Pkg, Framed Hung screen India",PseudoPack
"SFT,25T,Fabric Cover Framed Hung screen",PartFabricCover
"Pivot top adaptor hook, FAB",Bracket
"Pivot Storage RH, FAB",StorageLeg
"Pivot Storage LH, FAB",StorageLeg
"BuzziDesk screen, Assy",DeskScreenFrame
"Back inner front cap, Aloha",BackrestFrame
"Bearing, adj, back height",BackrestFrame
"CAM, rot, adj, back height",BackrestFrame
"Latch, back, height adj",BackrestFrame
"Back upholstery pad, Aloha",BackrestFrame
"Back upholstery foam, Aloha",BackrestFrame
PKG Concave NB BOX 7PLY 1460Wx885Dx400H mm,PackagingCarton
PKG TRAY 1430mm CONC 7PlyLow Back,PackagingCarton
"PKG,Riverbend concave unit 90° No back",PseudoPack
Concave 90° Seat fabric Cover No back,SeatCover
"PLATE,RETAINER,LUMBAR",MiscLumbPelvCom
"Plate, retainer, lumbar",MiscLumbPelvCom
"River, M6X12, 4xclaws, Push in",Nut
"Soji Seat Plywood, without nut",SeatPlate
Fibre IQ pod return,Fiber
"M6x35.00, SocketHead, Hexagonal, ZincCoated, ISO4762/",MetricScrew
GST18 POWER SUPPLY CABLE 1.5M,PowerCable
GST18 MALE PLUG,MiscConnector
GST18 FEMALE PLUG,MiscConnector
HELICAL CABLE,ExtensionCable
COILED EXTENSION GST18 CABLE,ExtensionCable
ADHESIVE CABLE TIE,CableTie
CONTROL UNIT POWER CABLE (GST18-C5),PowerCable
YPE (PIVOT) MOTOR COLUMN_part06,PowerCable
YPE (PIVOT) MOTOR COLUMN_part05,FrameSpacer
YPE (PIVOT) MOTOR COLUMN_part04,ControlUnit
AP CONTROL UNIT,ControlUnit
INTRO 2xPLUG+ USB-A/C (SCHUKO),InSurfaceSocket
"ST5.0x16.00, CheeseHead, Pozidrive, ZincCoated, DIN7505B/NA",WoodFurnitScrew
Yourplace Paddle Smart +,CtrlUnitHandSwi
ADHESIVE CABLE CLAMP,CableClip
"ST5.0x40.00, CheeseHead, Pozidrive, ZincCoated, DIN7505B/NA",WoodFurnitScrew
"PIVOT TRAY SPACER, ECHO",CylinderLock
"PIVOT TRAY BUSHING, ECHO",CylinderLock
"PIVOT TRAY, ECHO",DrawerAssembly
"PIVOT TRAY KIT, ECHO",PivotTray
"PIVOTING TRAY SPACER, FAB",MiscConnector
PIVOTING TRAY SET,DrawerAssembly
YOURPLACE ECHO PERSONAL STORAGE RIGHT WALL,LegConnector
YOURPLACE ECHO PERSONAL STORAGE RIGHT BASE,LegConnector
YOURPLACE ECHO PERSONAL STORAGE RIGHT WELD,StorageLeg
YOURPLACE ECHO PERSONAL STORAGE RIGHT,StorageLeg
"M6x16.00, TrussWasherHead, HexagonalSocket, ZincCoated, ISO7",MetricScrew
YOURPLACE ECHO PERSONAL STORAGE FIXING BRACKET,Bracket
YOURPLACE ECHO PERSONAL STORAGE LEFT WALL,StorageLeg
YOURPLACE ECHO PERSONAL STORAGE LEFT BASE,StorageLeg
YOURPLACE ECHO PERSONAL STORAGE LEFT WELD,StorageLeg
PERSONAL STORAGE LEFT,StorageLeg
Plug 6 pins,PowerCable
YOURPLACE ECHO TABLE GRIP,Handle
YOURPLACE ECHO TABLE GRIP ASSEMBLY,Handle
YOURPLACE ECHO PET TRAY SUPPORT,CableTrayHolder
YOURPLACE ECHO PET TRAY,CableTray
YOURPLACE ECHO PET TRAY SET,CableTrayAssy
YOURPLACE ECHO MET CABLE TRAY,CableTray
CASTER D80 M10 W/O BRAKE,CastorsFurnit
YPE (PIVOT) MOTOR COLUMN_part07,Rivet
ROUND MAGNET Ø20MM W/ 2MM THICKNESS,MiscFasteners
YOURPLACE ECHO FOOT ROUND COVER (COILED CABLE OPTION),FacePlate
YOURPLACE ECHO ELETRIFICATION FOOT COVER KIT (COILED CABLE O,FacePlate
REVIT 3*9,Rivet
METALLIC END CAP YOURPLACE ECHO,Endcap
YOURPLACE ECHO FOOT PLATE,DeskFoot
YOURPLACE ECHO CASTER SUPPORT BAR,Fittings
YOURPLACE ECHO RIGHT FOOT,DeskFoot
YOURPLACE ECHO LEFT FOOT,DeskFoot
COLUMN SUPPORT LEFT YOURPLACE ECHO,MiscTblFrameAcc
YOURPLACE ECHO FOOT WELD STAGE 1,DeskFoot
YOURPLACE ECHO FOOT WELD STAGE 2,DeskFoot
PIVOT FOOT COMPLETE ASSEMBLY,DeskFoot
YOURPLACE ECHO STRAIN RELIEF SUPPORT PLATE,TopPanel
YOURPLACE ECHO STRAIN RELIEF SUPPORT,TopPanel
YPE (PIVOT) MOTOR COLUMN_part03,Column
YPE (PIVOT) MOTOR COLUMN_part02,Column
YPE (PIVOT) MOTOR COLUMN_part01,Column
YPE (PIVOT) MOTOR COLUMN,Column
YOURPLACE ECHO RIGHT ARM,TopSupport
YOURPLACE ECHO STRUCTURAL RAIL,BeamSupport
YOURPLACE ECHO LEFT ARM,TopSupport
YOURPLACE ECHO STRUCTURAL RAIL WELD,Beam
YOURPLACE ECHO TABLETOP,DeskTop
"Shift, End trim Assy",PanelTrim
"SFT,end trim cap,50T,FIN",Endcap
"SFT,end trim cap,25T,FIN",Endcap
"SFT,end trim,25T,FIN",PanelTrim
"SFT,end trim,50T,FIN",PanelTrim
fabric for Cabana two seater no back,Fabric
"Cabana table bracket,Ganging",Bracket
"ST7.3x19.00, TrussWasherHead, Pozidrive, ZincCoated, NA/",WoodFurnitScrew
"PM,Single wall corr,FF5PF,275x170x95",PackagingCarton
"Cabana Screen,bracket,connector,pkg",Bracket
"Armrest support, 4d/1d, Aloha, LH",ArmrestAssy
Bottom limit stop,MiscConnector
"Arm, connoector, Aloha",MiscConnector
Aloha arm bearing,MiscConnector
"Arm sleeve, Aloha",MiscConnector
"Arm, height adjustable lever, LH, Aloha",MiscConnector
"Arm, subcap, Aloha, LH",MiscConnector
"Y-direction slding plate, LH",MiscConnector
"Arm column, LH, Aloha",ArmrestAssy
"Armupright, 4D, Aloha, LH",ArmUpright
"Cabana table support,pkg",Bracket
"Cabana table support,fab",Bracket
fabric for Cabana single seat sofa no back,Fabric
Concave Front Curve foam,SofaFoam
Sidefoam,SofaFoam
"HAT SCRN FRM,DBL Bench-For Tackable Infill, Fab",BenchScreenFrm
concave Seat Unit top foam for concave,SofaFoam
concave Seat Unit Middle foam for concave No Bac,SofaFoam
concave Seat Unit Hard Foam for No back,SofaFoam
"Pkg, HAT Elements frameless double bench screen",PseudoPack
Concave 90 No Back Seat Foam Assy,SofaFoam
Concave 90 Seat Frame for No Back,SofaFrame
CabanatwoseatScreen,MntLoungeScreen
"Armrest support, 4d/1d, Aloha",ArmrestAssy
Before and after the limit stop,MiscConnector
Left and right limit stop,MiscConnector
Bottom limit stop,MiscConnector
"selttapping screw, 3.5x12mm",MiscConnector
"Arm, connoector, Aloha",MiscConnector
"Arm, inner connector, Aloha",MiscConnector
Aloha arm bearing,MiscConnector
"Arm sleeve, Aloha",MiscConnector
"Arm, height adjustable lever, RH, Aloha",MiscConnector
M6-HEXAGON NUT,Nut
PIN SHAFT  ?5X29.3mm,Pins
SPRING?0.6mmID 6mmOD 5mmL40mmNUMBER OF CIRCLES 18,CompressSpring
"Arm, sub plate, RH, Aloha, 4D",MiscConnector
Y-DIRECTION SLIDING PLATE,MiscConnector
X DIRECTION SLIDING PLATE,MiscConnector
STEEL BALL  S?6,MiscConnector
SPRING?0.8mmID5.8mmOD4.2mmL7.5mmNUMBE OF CIRCLES 5,TensionSpring
M6X20mm MACHINE TOOTH SCREW,MetricScrew
"Z  Plate, Aloha arm",ArmrestAssy
"Arm column, RH, Aloha",ArmrestAssy
"Armupright, 4D, Aloha, RH",ArmUpright
"Arm cap, inner shell, Aloha",ArmrestAssy
"Arm cap, 4D, PU, Aloha",ArmrestAssy
"Armcap, 4D, Aloha, universal",ArmCap
Cabana two seat sofa,SofaWithBack
"Pivot beam middle with adaptor, FAB",Beam
Top Frame For Concave No Back Seat,SofaFrame
supportframe,SofaFrame
Middle Seat Frame Concave No Back Seat,SofaFrame
Bottom Seat frame For Concave No Back,SofaFrame
Concave 90 No Back Seat Assembly,SofaSeatAssy
"Pivot beam middle without adaptor, FAB",Beam
"Pivot beam RH, FAB",Beam
"Pivot beam LH, FAB",Beam
HAWORTH_AP_START_MM_ASM,TopSupport
"Pivot side bracket RH, FAB",TopSupport
"Pivot side bracket LH, FAB",TopSupport
Concave 90 Sofa Leg assembly,SofaLeg
"Pivot Metal Cover, FAB",CableTrunkCover
"PM,PKG 250*130*130",PackagingCarton
PKG for HAT double bench screen bkt,PseudoPack
Screw packing for HAT double bench screen assy,PackingPouchBag
"HAT double SCRN BKT cover,assy,FAB",Bracket
"HAT double SCRN BKT,FAB",Bracket
PKG for HAT double bench screen,PseudoPack
"MD,Tape,tray,desk",Tape
Fabric cover for HAT double frameless screen,PartFabricCover
"Hung SCRN FRM,intuity and tibas WT-For Tackable,FAB",HungScreenFrame
HAT double SCRN BKT cover W/O painting hook,Bracket
"HAT double SCRN BKT cover W/O painting hook,FAB",Bracket
Concave 90 Low Back Back Foam,SofaFrame
Concave 90 Low Back Top foam,SofaFrame
"Desk SCRN FRM,intuity and tibas WT-For Tackable Infill, fab",DeskScreenFrame
"Pkg, Hung SCRN FRM, Rail mount",PseudoPack
"Desk SCRN , Rail Mount - Fabric cover",PartFabricCover
"Receiver for shelf screen (bracket), Assy",Bracket
"Desk SCRN FRM,intuity rail-For Tackable Infill, FAB",DeskScreenFrame
Hexagonal head screw with Washer M8X50,RetainHardware
Concave High back Filler,SofaFrame
Concave 90 High Back Side foam,SofaFoam
Concave 90 High Back Back foam,SofaFoam
Concave 90 High Back Front foam L2,SofaFoam
Concave 90 High Back Front foam L1,SofaFoam
"PKG, Bowi seminar, no nestable",PseudoPack
Sticker seat shell bowi,SafetyLabel
Safety stick bowi,SafetyLabel
"PM, HSC box Double Wall corr,975x650x950",PackagingCarton
"PM, Double Wall corr Tray",PackagingCarton
"PKG, Bowi seminar, nestable",PseudoPack
"PKG,glide",PseudoPack
"Planes adapter for glide,FAB",Sleeve
"PKG,caster",PseudoPack
"PKG,planes Y-leg",PseudoPack
Screw packing for Planes base,PackingPouchBag
"Planes extrusion vertical rail,RH,FAB",Column
"Planes extrusion vertical rail,RH,FAB",Column
"Planes Y-leg,short,FAB",Tableleg
"Planes Y-leg,long,FAB",Tableleg
"C-leg,Planes training table,FAB",Tableleg
"Connect,Planes training table,FAB",LegConnector
"PKG, Planes tray stiffer",PseudoPack
Screw packing for Planes tray stiffer,PackingPouchBag
"Planes tray stiffer,FAB",Beam
"PKG, Planes worktop",PseudoPack
"Planes, extrusion beam,PKG",PseudoPack
Screw packing for Planes frame,PackingPouchBag
"Planes arm, Fliptop Top Support offset,FAB",TopSupport
"Holder, end casting, planes training table,FAB",BeamSupport
"Beam,Planes table,FAB",Beam
"PM,Kraft single wall",PackagingCarton
"PM,Boxes,cartons,960x84x47",PackagingCarton
"PM,Boxes,cartons,810x84x47",PackagingCarton
"PM,Boxes,cartons,660x84x47",PackagingCarton
"PM,box, 750*1800",PackagingCarton
"PM,box, 750*1600",PackagingCarton
"PM,Spec ff5pf 1540*785*32mm",PackagingCarton
"PM,Single wall corr,FF5PF,1130X680X145",PackagingCarton
"PM, box, single wall, ff5pf,1670X710X145",PackagingCarton
"PM,EPE foam,140X170X115",Foams
PET Tabkable board for double bench screen,ScreenInFill
Infill for double bench screen,ScreenInFill
"HAT SCRN FRM,DBL Bench-For Tackable Infill",BenchScreenFrm
"HAT SCRN FRM Assy,DBL Bench-For Fabric",BenchScreenFrm
fabric for Riverbend straight unit with high back,Fabric
fabric for Riverbend straight unit with low back,Fabric
fabric for Riverbend straight unit with high back seat,Fabric
fabric for Riverbend straight unit with low back seat,Fabric
fabric for Riverbend straight unit without back seat,Fabric
"PM,Single wall corr,FF5PF",PackagingCarton
"PM,EPE foam",Foams
fabric for Riverbend concave unit 90° NO BACK seat,Fabric
fabric for Riverbend concave unit 90° back with low back,Fabric
fabric for Riverbend concave unit 90° seat,Fabric
"Mech assy, Bowi, without nesting",MechAssy
fabric for Riverbend concave unit 60° no back seat,Fabric
fabric for Riverbend concave unit 60° no back seat,Fabric
"SofaTablesupport,Cabana",Bracket
PKG HAT 120D floor feed,PseudoPack
Screw packing for HAT floor feed connector 120 degree,PackingPouchBag
"HAT,Floor feed connector,120D,Side cover,WO cutou,FAB",LegConnector
"HAT,Floor feed connector,120D,Side cover,W cutout,P,FAB",LegConnector
"HAT,Floor feed connector,120 degree,Top cover,For trunk,Part",LegConnector
"HAT,Floor feed connector,120 degree,Top cover,For screen,Par",LegConnector
"HAT,Floor feed connector,120 degree,Top cover,For screen and",LegConnector
"HAT,Floor feed connector,120 degree,Top plate,Part,FAB",LegConnector
"HAT,Floor feed connector,120 degree,Column,Part,FAB",LegConnector
"HAT,Floor feed connector,120 degree,Bottom plate,Part,FAB",LegConnector
fabric for Riverbend convex unit 60° back,Fabric
fabric for Riverbend concave unit 60° low back,Fabric
fabric for Riverbend concave unit 60° seat -low,Fabric
Concave High Back middle Support Horizontal L2,SofaFrame
fabric for Riverbend convex unit 60° back,Fabric
fabric for Riverbend convex unit 60° seat,Fabric
"Stop,door,bottom,storage unit",CabDoorStopper
"SFT,50T,Fabric Cover for thin fabric,Level2",PartFabricCover
"Planesa arm, Fliptop Top Support offset",TopSupport
"SFT,50T,Fabric Cover for thin fabric,Level1",PartFabricCover
"PM, single wall corr,765x235x235",PackagingCarton
fabric for riverbend corner sofa back,Fabric
fabric for riverbend corner sofa,Fabric
"Riverbend leg - 350W,fab",SofaLeg
"Riverbend leg - 350W,pkg",SofaLeg
"Riverbend straight leg,pkg",SofaLeg
"Cabana Screen Bracket cover,PKG",Bracket
PKG Epure stiffener,PseudoPack
Screw pack for Epure stiffener,PackingPouchBag
"Epure, Stiffener for bench,FAB",Beam
"AP,EpureAluminumLeg,TechHeight,Extruded,Part,FAB",Tableleg
"AP,EpureAluminumLeg,TechHeight,FAB",Tableleg
PKG Epure Al leg,PseudoPack
Screw pack for EpureAluminumLeg,PackingPouchBag
"EPURE,bracket for Alu leg,FAB",LegConnector
"AP,EpureAluminumLeg,FixedHeight,FAB",Tableleg
PKG Epure metal plate of wood,PseudoPack
"Epure Metal Plate For Wood,FAB",TopSupport
"Epure Metal Plate For Wood,pkg",TopSupport
"Screw packing for epure wood leg,fixed height",PackingPouchBag
PKG Epure DB cable tray,PseudoPack
Screw packing for epure double side cable tray,PackingPouchBag
"Epure hung DB side hung BKT,FAB",CableTrayHolder
"Double side cable tray for Epure,FAB",CableTray
"PKG,cord,UM assy,800mm,900mm",PseudoPack
Screw packing for umbilicalcord,PackingPouchBag
PKG Epure wood leg,PseudoPack
PKG Openable cable tray,PseudoPack
Screw packing for epure openable cable tray,PackingPouchBag
"Openable cable tray,FAB",CableTray
"PM,Spec ff5pf 1638,1334,1181*1295*32mm",PackagingCarton
"MD,Corner,honeycomb",PackagingCarton
"PM, out box for AI leg",PackagingCarton
"PM, Inter pack material,small",PackagingCarton
"PM, Inter pack material,big",PackagingCarton
"PM, out box for wood leg",PackagingCarton
"PM,Single wall CORR FF5PF,930x235x195",PackagingCarton
"PM,Single wall CORR FF5PF,586x235x195",PackagingCarton
"Pkg, SHIFT 25T segmented panel, India",PseudoPack
RM 25T Top Trim SHIFT 24 X 11 X 4.5m,RailProfile
RM 25T Horizontal Rail SHIFT 24 X 20 X 4.5m,RailProfile
RM 25T Intermediate Rail SHIFT 24 X 22 X 4.5m,RailProfile
RM 25T Bottom Rail SHIFT 24 X 22 X 4.5m,RailProfile
"SFT,25T Bottom Power rail, fab",RailProfile
RM 25T Vertical Rail SHIFT 24 X 17 X 4.5m,RailProfile
Concave High Back middle Support Horizontal,SofaFrame
"Planes C-Leg  base, LH",Tableleg
"Planes C-Leg  base, Assy, LH",Tableleg
Cabana Single sofa,SofaWithBack
"Cabana Screen,Bracket,Connector",Bracket
"PKG, Zody LX dual posture",PseudoPack
"Cabana Screen,bracket, connector",Bracket
"Bolt,HEXHD,M10X50L,DIN931",Bolt
"Planes Glide, Plastic, Rerference",GlideFurniture
PKG Straight NB BOX 7PLY1735Wx885Dx400H mm,PackagingCarton
PKG Straight NB BOX 7PLY1435Wx885Dx400H mm,PackagingCarton
PKG Straight NB BOX 7PLY815Wx885Dx400H mm,PackagingCarton
"PKG,Riverbend straight unit with out back",PseudoPack
Poly Bag High Back,PackagingCarton
Poly Bag Low Back,PackagingCarton
PKG TRAY 1700mm HB 7Ply,PackagingCarton
PKG TRAY 1400mm HB 7Ply,PackagingCarton
Riverbend Seat fabric Cover no back,SeatCover
PKG TRAY 1700mm LB 7Ply,PackagingCarton
PKG TRAY 1400mm LB 7Ply,PackagingCarton
PKG TRAY 700mm LB 7Ply,PackagingCarton
PKG Straight HB BOX 7PLY1735Wx875Dx1115Hmm,PackagingCarton
PKG Straight HB BOX 7PLY1435Wx875Dx1115Hmm,PackagingCarton
PKG Straight LB BOX 7PLY1735Wx875Dx640Hmm,PackagingCarton
PKG Straight LB BOX 7PLY1435Wx875Dx640Hmm,PackagingCarton
PKG Straight LB BOX 7PLY815Wx875Dx640Hmm,PackagingCarton
"PKG,Riverbend straight unit with back",PseudoPack
Riverbend High back fabric Cover,BackCover
Riverbend Low back fabric Cover,BackCover
"Connecting plate,FAB",SofaLegFConnect
"Riverbend straight leg,FAB",SofaLeg
Black Bondex Roll 1.5m,Fabric
Riverbend Seat fabric Cover,SeatCover
Riverbend Haworth logo,ProductLabel
PaperBoard 2000x1000x2mm,MDFBoard
12mmD 10mmW Staple C Type,Staples
50mmD 10mmW Staple C Type,Staples
Plywood E0 BOARD2440x1220x18mm,Plywood
"Lumbar assy, Zody II",LumbarAssy
Zody II backrest,BackRestAssy
"PKG,Maari,Four star base chair",PseudoPack
"COL62, Festival by Response",Fabric
"COL61, Neptune by Response",Fabric
"Armcap,Self-Skinning,Assy,Soft,Zody,pair",ArmCap
"PKG,side,Very,w/o writing table, w/o book rack, w/o",PseudoPack
"MD,staple,chisel pt,resin",Staples
"Frame,  Connection rod,black",MiscMechComp
"Planes worktop for training table,LPL, w/o nut",DeskTopAssy
"Frame, cross beam w/o mechanis,black",MiscSeatFramAcc
"Planes C-Leg  base, Assy, RH",Tableleg
"Frame, Plug leg  right,",MiscSeatFramAcc
"Armcap, 1D/4D,LH, Very",ArmCap
"Frame, Plug leg  left,",MiscSeatFramAcc
"Frame, Bumper",MiscSeatFramAcc
"Armcap, 1D/4D,RH, Very",ArmCap
"Nut,insert,M6*13",Nut
"Leg with insert, RH, Bowi",FourLegBase
"Leg with insert, LH, Bowi",FourLegBase
"Frame, cross beam,black",MiscSeatFramAcc
LEFT SLIDING DOOR,DoorPanel
RIGHT SLIDING DOOR,DoorPanel
ESESD SLIDING DOORS,SlidingDoorAssy
Bag of screws for horizontal alignment of Be_Hold cabinets,Fittings
ESEW4 SHELF WOOD 574x360x19 mm.,Shelf
SHELF WOOD,Shelf
ESEW4 SHELF WOOD 374x360x19 mm.,Shelf
SHELF WOOD,Shelf
Dowel 8x30,Dowel
ESESD BACK 719x979x8 mm.,BackPanel
ESESD CENTERPARTITION 708x362x19 mm.,CenterPartPanel
ESETD SIDE INNER 1412x362x16 mm.,InnerPanel
ESESD TOP 1000x431x19 mm. with Centerpartition,TopPanel
LEFT SIDE 708x431x16 mm.,SidePanel
RIGHT SIDE 708x431x16 mm.,SidePanel
ESESD BOTTOM 1000x431x19 mm. with Centerpartition on FOP004,BottomPanel
ESESD GE 2BHx1000x431mm Wood Shelves on FOP004,CabinetBody
MELAMINE SHELF ON RAFIX,ShelfSupport
MELAMINE SHELF,Shelf
"Glide felt, adhesive, Poppy & Maari",GlideVisitChair
"Glide, plastic 4-star, soft",GlideVisitChair
"Glide, plastic 4-star, hard",GlideVisitChair
Arm adapter RH,ArmrestSupport
Arm adapter LH,ArmrestSupport
KD Arm support RH,ArmrestSupport
KD Arm support LH,ArmrestSupport
Concave Back Middle Support Vertical,SofaFrame
"SPRING,TORSION CONTROL / R, PROJECT 275",TorsionSpring
RM 50T Upper Power Rail SHIFT 50 X 24 X 4.5m,RailProfile
RM 50T Lower Power Rail SHIFT 50 X 40 X 4.5m,RailProfile
"Leg assy, Bowi",FourLegBaseAssy
Planes adapter for glide,Sleeve
Zody II&LX seat plate leather cover,SeatCover
Zody II&LX seat plate fabric cover,SeatCover
Zody LX leather Jacket,BackCover
Zody LX fabric Jacket,BackCover
"Arm, Fixed, RH,FAB",ArmrestSupport
"Arm, Fixed, LH,FAB",ArmrestSupport
"Support, Arm, Lower, RH, metal,FAB",ArmrestSupport
"Support, Arm, Lower, LH, metal,FAB",ArmrestSupport
Control body bowi,MechAssy
"Activation, Taste Lever",SeatingControl
"Activation, Guide lever top",SeatingControl
"Activation, Lever",SeatingControl
"Activation, Guide lever below",SeatingControl
"Activation, Activation lever",SeatingControl
"Mechanism, Bushing",Bushings
"Cover mechanism ,w/o activation",MechCover
"SPRING,TORSION CONTROL / L, PROJECT 275",TorsionSpring
"SPRING, TORSION, ACTIVATION LEVERS",TensionSpring
Cover mechanism Flip move,MechCover
"HAT,Floor feed connector,120 degree,Side cover,Without cutou",LegConnector
"HAT,Floor feed connector,120 degree,Side cover,With cutout,P",LegConnector
"HAT,Floor feed connector,120 degree,Top cover,For trunk,Part",LegConnector
"HAT,Floor feed connector,120 degree,Top cover,For screen,Par",LegConnector
"HAT,Floor feed connector,120 degree,Top cover,For screen and",LegConnector
"HAT,Floor feed connector,120 degree,Top plate,Part",LegConnector
"HAT,Floor feed connector,120 degree,Column,Part",LegConnector
"HAT,Floor feed connector,120 degree,Bottom plate,Part",LegConnector
"HAT,Floor feed connector,120 degree,Assy",LegConnector
"Mech assy, Bowi, for nesting",MechAssy
Bowi Seat shell Assy,SeatShellAssy
"PKG,side stool,Very",PseudoPack
"Cover for cylinder, FAB",MiscMechComp
"MD,PM, L Protector,50X50X5 MM,2.5M",PackagingCarton
"Pkg, SHIFT 50T segmented panel, India",PseudoPack
"AP Universal Modesty for Cable Tray Mount,Weld",ModestyCore
EVA FOAM 6mm 155D 2400 x 1200 mm,PartPanelInfill
"SFT EVA Core Spacer,fab",PartPanelInfill
"SFT 6mm EVA Foam,fab",PartPanelInfill
"SFT,6mm MDF Board,L2,fab",PartPanelInfill
"SFT,50T,Spacer for thin fabric board,L2,fab",PartPanelInfill
"SFT,50T,MDF board for thin fabric,Level2, fab",PartPanelInfill
"SFT,50T, Wood Spacer for metal,level2,FAB",PartPanelInfill
"SFT,50T,Wood Spacer fabric board,L1 fab",PartPanelInfill
"SFT,50T,MDF board fabric,Level1, fab",PartPanelInfill
"SFT,50T,Wood Spacer for LPL,level1,fab",PartPanelInfill
"SFT, 9mm LPL board, level1, fab",PartPanelInfill
"50mmT LPL spacer for Metal tile core L1, fab",PartPanelInfill
RM 50T Top Trim SHIFT 50 X 11 X 4.5m,RailProfile
RM 50T Horizontal Rail SHIFT 50 X 20 X 4.5m,RailProfile
RM 50T Vertical Rail SHIFT 50 X 17 X 4.5m,RailProfile
RM 50T Intermediate Rail SHIFT 50 X 22 X 4.5m,RailProfile
RM 50T Bottom Rail SHIFT 50 X 22 X 4.5m,RailProfile
"SFT,50T Bottom Power rail",RailProfile
Act plate Pkg DBL ADie cut pad,PackagingCarton
"cross beam for  double side A leg, FAB",CrossBeam
Act plate Pkg DBL FDie cut pad,PackagingCarton
"cross beam for Double side F leg,FAB",CrossBeam
"AP Universal Modesty for Embossed cable Tray , fab",ModestyCore
"SFT, 25T, Wood spacer fabric core, level2",PartPanelInfill
"SFT, 25T, LPL spacer metal core, level2",PartPanelInfill
"SFT, 25T, tackable core, level2",PartPanelCore
"SFT, 25T, Fabric core thin, level2",PartPanelCore
"SFT, 25T, Metal core, level2",PartPanelCore
"SFT, 25T, Core assembly, level2",PartPanelCore
"SFT, 25T, Wood spacer fabric core, level1",PartPanelInfill
"SFT, Kraft paper For LPL spacer",PartPanelInfill
"SFT, 25T, LPL spacer metal core, level1",PartPanelInfill
"SFT, 25T, Fabric core thin, level1",PartPanelCore
"SFT, 25T, LPL core, level1",PartPanelCore
"SFT, 25T, Metal core, level1",PartPanelCore
"SFT, 25T, Core assembly, level1",PartPanelCore
"TIBAS double side cable tray, W/O nut Ind",CableTray
"TIBAS Double side cable tray assyWnut, Chennai",CableTray
5mm Foam Unit roll,Foams
6MM Plain MDF BOARD 8*6,MDFBoard
"SPRING, HANDLE",CompressSpring
"Cross beam,Single side,adaptor, Shared,Part,fab",CrossBeam
"Cross beam,Single side,Shared,Part , Fab",CrossBeam
"PKG, Intuity, Shared F-leg for Single WS, Assy",PseudoPack
Dummy End Cap 60x30x2T,Endcap
"HAT,Round leg connector,120 degree mid,Trunk,Assy,FAB",LegConnector
"HAT,Round leg connector,120 degree mid,Non trunk,Assy,FAB",LegConnector
"PM,Box,corr-uppr PST",PackagingCarton
PKG for 120 degree leg connector,PseudoPack
"HAT,Square leg connector,120 degree mid,Trunk,Assy,FAB",LegConnector
"HAT,Square leg connector,120 degree mid,Non trunk,Assy,FAB",LegConnector
"HAT,Round leg,120 degree bench,Fixed",DeskFrame
"HAT,Round leg,120 degree bench,Eletric",DeskFrame
"HAT,Square leg,120 degree bench,Fixed",DeskFrame
"HAT,Square leg,120 degree bench,Eletric",DeskFrame
"PM,Spec ff5pf 2324,2197*1346*32mm",PackagingCarton
"PM,Box,2200x1190x38",PackagingCarton
"PM,PKG spec,inner pack matl,428x246",PackagingCarton
"PM,PKG spec,inner pack matl,206x209",PackagingCarton
"PM,EPE foam, top corner ,T=38MM",Foams
"PM,EPE foam,corner ,T=38MM",Foams
"MD,China-186x250",PackagingLabel
"PKG, AP,Worktop,120 degree,For HAT",PseudoPack
Concave 90 Low Back Frame Assy,SofaFrame
Concave 90 High Back Foam Assy,SofaFoam
Concave 90 High Back Frame Assy,SofaFrame
Concave 90 High Back Assy,SofaBackAssy
Concave 90 Low Back Front Foam,SofaFrame
Concave 90 Low Back Foam Assy,SofaFoam
Concave 90 Back Assy,SofaBackAssy
Concave 90 Seat Lower Foam Layer,SofaFoam
Concave 90 Seat Middle Foam Layer,SofaFoam
Concave 90 Seat Top Foam Layer,SofaFoam
Concave 90 Seat Foam assy,SofaFoam
Concave 90 Seat Frame Top,SofaFrame
Concave 90 Seat bottom leg connector Frame,SofaFrame
Concave 90 Seat frame Side,SofaFrame
Concave Unit Leg Assy,SofaLeg
Concave vertical connector Support,SofaFrame
Concave 90 Seat Bottom Frame,SofaFrame
Concave 90 Seat Frame assy,SofaFrame
Concave 90 Seat Assy,SofaSeatAssy
Concave Low Back Back Filler,SofaFrame
Concave 90 Bottom frame,SofaFrame
Concave Back Bottom Frame connector,SofaFrame
Concave Back Centre support frame Horizontal,SofaFrame
Concave Low Back Curve support frame Top,SofaFrame
Concave Low Back Curve support frame Bottom,SofaFrame
Concave Back Horizontal Support Frame Mid,SofaFrame
Concave 90 Low Back Middle Support Vertical,SofaFrame
Concave 90 Low Back Assy,SofaBackAssy
"Intuity Beam,90 deg return beam,tube,B/R, FAB",Beam
"PM,FPF - xone china, 1227x465x150",PackagingCarton
"PM,Multi-score fpf,815x460x150",PackagingCarton
"PKG,AP Worktop Embossed modesty screen",PseudoPack
Screw packing for 120 degree leg connector,PackingPouchBag
"AP Worktop Embossed modesty screen core,FAB",ModestyCore
"AP Worktop Embossed modesty screen,FAB",ModestyCore
Screw packing for AP Worktop Embossed modesty screen,PackingPouchBag
"Hung SCRN FRM,intuity end-For Fabric, fab",HungScreenFrame
fabric cover for AP Fabric screen,Fabric
fabric translucent for AP Fabric Screen,PartFabricCover
"PKG,hung screen, intuity and tibas WT, IN0",PseudoPack
RM End rail Alumnium 13mm x 11mm x 4m anodize,RailProfile
"RM,Rectangular tube 10x20x1.2T6M length",MetalTubes
"RM,Rectangular tube 30x20x1.2T6M length",MetalTubes
"Hung SCRN FRM,intuity and tibas WT-For Fabric, fab",HungScreenFrame
"PKG, HAT Elements frameless tackable single screen",PseudoPack
"PKG, HAT Elements frameless tackable single tall screen",PseudoPack
Fabric cover for HAT frameless screen,Fabric
Fabric cover for HAT frameless tall screen,Fabric
Fabric cover for HAT frameless screen,PartFabricCover
Screw packing for HAT single BKT,PackingPouchBag
"HAT single SCRN BKT,FAB",Bracket
"PM,Out box, 705x350x350",PackagingCarton
PKG Pip colla column,PseudoPack
"Pip collaborative table column Assy,FAB",Column
"Pip collaborative,column,PKG",Column
"PM, Out box,1250x550x75",PackagingCarton
"PM, EPE foam, U shape",Foams
"PM,Kraft honeycomb diecut pad",PackagingCarton
PKG Pip colla base plate,PseudoPack
Screw packing for Pip collaborative table,PackingPouchBag
"Pip collaborative table base plate,FAB",PartiBasePlate
"Pip collaborative,base plate,PKG",PartiBasePlate
"PKG,Maari Four leg stool with standard back",PseudoPack
"Frame,withoot arm, side stool,Fab",FourLegBase
"Frame ,with arm, side stool, Fab",FourLegBase
PKG double side Loop leg,PseudoPack
"Cross tube Bottom for Tibas Double Loop Leg,FAB",CrossBeam
"cross tube for Tibas double Loop leg,FAB",CrossBeam
"TIBAS double side end loop leg,Fix,FAB",Tableleg
"cross tube for Tibas double Linear leg,FAB",CrossBeam
"Frame painted,withoot arm, side stool,",FourLegBase
"Frame painted,with arm, side stool,",FourLegBase
"Frame Assy,Very,side Stool",FourLegBaseAssy
"Arm,SUB cap,RH,side stool,very",ArmCap
"SFT,25T spacer Fabric Core L2",PartPanelInfill
"Arm,SUB cap,LH,side stool,very",ArmCap
"Cap Assy,arm, side stool,SEN",ArmCap
"Double Leg Small tube Bottom Column, fab",Tableleg
"Double Inter leg Vertical column, Fab",Tableleg
"Double inter Leg Top column,Fab",Tableleg
C-Bracketfor Intermediate Leg,TopSupport
L-Angle Bracketfor Intermediate Leg,TopSupport
"Block, foam",Foams
"PKG,X99,Cantilever,CHN",PseudoPack
"Back leather cover,X99,family",BackCover
"Back fabric cover,X99,family",BackCover
"Seat leather cover,X99 cantilever",SeatCover
"Seat fabric cover,X99 cantilever",SeatCover
"Inner cover, seat, X-99",SeatCover
"Magnet round,8 mm dia,2 mm thick",MiscHardware
"HAT double SCRN BKTcover,painting hook",Bracket
"HAT double SCRN BKTcover,body",Bracket
"HAT double SCRN BKTcover,assy",Bracket
HAT double SCRN BKT,Bracket
"Bench SCRN,bracket assy, HAT Double",Bracket
"SCRN HAT FRM vertical BRKT tube,DBL",MetalTubes
"HAT SCRN FRM,DBL Bench-For Fabric",BenchScreenFrm
"HAT SCRN FRM Assy,DBL Bench-For Fabric",BenchScreenFrm
"Frame,no Arm,Maari,4 leg, stool,FAB",FourLegBase
"BASE, ALUMINUM, EU, PROJ 451",StarBase
"Frame,Arm,Maari,4 leg,stool, FAB",FourLegBase
"PM, out box, 825x520x580",PackagingCarton
"PKG,Maari wood leg stool chair",PseudoPack
"Frame,no Arm,Maari,4 leg, stool,",FourLegBase
"Frame,Arm,Maari,4 leg,stool,paint",FourLegBase
"Frame Assy,4 leg stool",FourLegBaseAssy
"PM, out box, 600x710x530",PackagingCarton
"PM, Scored sheet",PackagingCarton
"PKG,Maari, wood base",PseudoPack
"Plate,Washer,Leg Rear,FAB",MiscConnector
"Plate,Washer,Leg Front,FAB",MiscConnector
"Support,frame,Maari wood,FAB",SeatPlate
"TIBAS double side end Loop leg,Fix",Tableleg
cross tube for Tibas double Linear leg,CrossBeam
Cross tube Bottom for Tibas Loop Linear leg,CrossBeam
"TIBAS double side end Loop leg,Assy",Tableleg
Side layer foam,SofaFoam
Top layer foam,SofaFoam
Centre layer foam,SofaFoam
Bottom layer foam,SofaFoam
Support bottom frame leg connector,SofaFrame
Support side column,SofaFrame
Support center stiffner,SofaFrame
Support top frame,SofaFrame
Straight seat foam assy,SofaFoam
Straight seat frame assy,SofaFrame
Riverbend seat base assy,SofaSeatAssy
Straight leg - 350W,SofaLeg
Riverbend leg - 350W,SofaLeg
AP Universal Modesty for Embossed cable Tray mount,ModestyCore
AP Universal Modesty for cable Tray Mount IND,ModestyCore
Soji stool Base Assy,StarBaseAssy
AP Worktop Embossed modesty screen,ModestyCore
SFT 6mm EVA Foam,PartPanelInfill
"SFT,6mm MDF Board,L2",PartPanelInfill
"SFT,25T,tackable core level2 Hung",PartPanelCore
"SFT, 25T, fabric core thin level2",PartPanelCore
"SFT, 25T, Core assembly level2",PartPanelCore
"Cover,Cylinder,Poppy,FAB",MiscConnector
"Four star Base, Alu,Maari,FAB",StarBase
Poppy carton top box,PackagingCarton
"Poppy  w/o table board, PKG",PseudoPack
Poppy seat leather cover,SeatCover
Poppy seat fabric cover,SeatCover
Poppy back leather cover,BackCover
"Zipper, Effectively used 250mm",Tape
Poppy back fabric cover,BackCover
"Fabric,slipease,roll crop Non-woven fabric",Fabric
"MD,Staple, Zinc, 9mmWx6mmH",Staples
Pip collaborative table glide,GlideFurniture
Pip collaborative column insert,InsertNut
Pip collaborative column,Column
Pip collaborative top plate,TopSupport
Pip collaborative table column Assy,Column
Pip collaborative table base plate,PartiBasePlate
Pip collaborative worktop Assy,LoungeTableTop
Zody II&LX Base Assembly Dual Posture,StarBaseAssy
Zody II&LX seat Dual Posture,SeatAssy
"SFT,LPL board, level1 Hung",PartPanelInfill
"SFT, 25T, LPL core level1",PartPanelCore
"SFT, 25T, Core assembly level1",PartPanelCore
"SFT, 25T bottom rail Hung",RailProfile
"SFT, 25T, Top trim",RailProfile
"SFT, 25T, Horizontal rail, 1800MMW",RailProfile
"SFT, 25T,intermediate rail",RailProfile
"SFT, 25T, Vertical rail, 850MMH",PartiVertRail
"SFT,25T rail assembly",PartFrameAssy
Carton Box 5ply 300Lx300Wx150H,PackagingCarton
"HUB, Aluminum, Poppy chair with powder,FAB",MiscConnector
DOOR HINGES ON LEFT RFID KEYNIUS SCREEN 450.7x496x18 mm.,DoorPanel
LEFT DOOR HINGES ON LEFT 602.3x496x18 mm.,DoorPanel
LEFT AND RIGHT END PANEL 1993x500x18 mm.,CoverPanel
SHELF ON RAFIX 463.5x429.5x18 mm.,Shelf
DOOR HINGES ON RIGHT RFID KEYNIUS SCREEN 450.7x496x18 mm.,DoorPanel
RIGHT DOOR 359.8x496x18 mm.,DoorPanel
FIX SHELF TECHNICAL LOCAL ON RAFIX 464x453.5x18 mm.,Shelf
TECHNICAL LOCAL DOOR 130x496x18 mm.,DoorPanel
ELECTRONIC COMPONENTS PANEL SUPPORT  300x300x18 mm.,Shelf
ELECTRONIC COMPONENTS PANEL SUPPORT  18x300x300 mm.,Shelf
BACK 1967x474x18 mm.,BackPanel
FIX SHELF ON RAFIX 464x453.5x18 mm.,Shelf
RIGHT RFID PANEL 1993x500x18 mm.,CoverPanel
LEFT RFID PANEL 1993x500x18 mm.,CoverPanel
DOOR HINGES ON LEFT RFID KEYNIUS SCREEN 359.8x496x18 mm.,HingeDoorAssy
LEFT DOOR HINGES ON LEFT 359.8x496x18 mm.,HingeDoorAssy
LEFT AND RIGHT END PANEL 1993x500x18 mm.,CoverPanel
SHELF ON RAFIX 18x464x429.5 mm.,Shelf
DOOR HINGES ON RIGHT RFID KEYNIUS SCREEN 359.8x496x18 mm.,HingeDoorAssy
RIGHT DOOR 359.8x496x18 mm.,HingeDoorAssy
FIX SHELF TECHNICAL LOCAL ON RAFIX 18x464x453.5 mm.,Shelf
TECHNICAL LOCAL DOOR 496x130x18 mm.,HingeDoorAssy
SMART LOCKERS CARCASS 2000x500x500 mm.,CabinetBody
FIX SHELF ON RAFIX 18x464x453.5 mm.,Shelf
RIGHT RFID PANEL 1993x500x18 mm.,CoverPanel
LEFT RFID PANEL 1993x500x18 mm.,CoverPanel
BOTTOM 500x500x18 mm.,BottomPanel
TOP 500x500x18 mm.,TopPanel
SIDE RIGHT 1957x478x18 mm.,SidePanel
SIDE LEFT 1957x478x18 mm.,SidePanel
"Maari,Leg Base,Wood Stool",FourLegBaseAssy
"MetricScrew,M6*20,FlatHead,Torx,Black",MetricScrew
"MetricScrew, M8*30,RoundHead,Torx,Black",MetricScrew
"Foot rest  Wood stool,Raw",MiscSeatFramAcc
Foot rest  Wood stool,MiscSeatFramAcc
Wool Felt,GlideVisitChair
Poppy Foot pads,GlideVisitChair
"Leg,Wood ,Rear,Stool",ChairLeg
"Leg,Wood ,Front,Stool",ChairLeg
"PM,Single wall CORR scored- corner cut",PackagingCarton
"PM,Single wall CORR scored sheet",PackagingCarton
"PM,single wall corr",PackagingCarton
"PM,Scored & corner c",PackagingCarton
"PM,Scored sheet,790",PackagingCarton
"PM,Spec",Foams
PKG for lateral screen,PseudoPack
"SFT,25T VER adapter, lateral screen,FAB",RailProfile
"SFT,25T HOR adapter,lateral screen,FAB",RailProfile
Fabric cover for laterial screen,PartFabricCover
"SFT, Lateral screen painted metal board,FAB",PartPanelInfill
"SFT, Lateral screen adapter plate,FAB",Bracket
"SFT, Lateral screen shared front bracket,FAB",Bracket
"SFT, Lateral screen shared back bracket,FAB",Bracket
"SFT, Lateral screen end back bracket,FAB",RailProfile
"SFT, Lateral screen top trim,FAB",RailProfile
"SFT, Lateral screen end trim cap,FAB",Endcap
"SFT, Lateral screen end trim,FAB",RailProfile
"SFT, Lateral screen end front bracket, LH,FAB",Bracket
"SHIFT, Lateral screen vertical rail,FAB",RailProfile
"SHIFT, Lateral screen horizontal rail,FAB",RailProfile
Poppy Foot mats cover,GlideVisitChair
"solid wood leg, Poppy,",ChairLeg
"wood leg, poppy Accessory",ChairLeg
"HUB, Aluminum, Poppy chair with powder, painting",MiscConnector
Screw lever inside wooden leg,MiscConnector
"Cylinder, wood dowel base, Poppy chair",GasSpring
wood leg poppy base Accessory,FourLegBaseAssy
"PM, HSC box Double Wall corr",PackagingCarton
"PM, Double Wall corr Tray",PackagingCarton
"PKG,Maari sled stool base chai with lower back",PseudoPack
Seat pad leather cover for Maari low back,SeatCover
Seat pad fabric cover for Maari low back,SeatCover
"Leg,Front, wood, Maari visitor chair",ChairLeg
"Leg,Rear, wood, Maari visitor chair",ChairLeg
Double Leg Small tube Bottom Column,Tableleg
Double Inter leg Vertical column,Tableleg
Double inter Leg Top column,Tableleg
"Intuity Double intermediate leg, painted",Tableleg
"HAT,Round leg connector,120 degree mid,Trunk,Assy",LegConnector
"HAT,Square leg connector,120 degree mid,Trunk,Assy",LegConnector
"HAT,Leg connector,120 degree mid,Bracket,Trunk,Part",LegConnector
"HAT,Round leg connector,120 degree mid,Columm,Part",LegConnector
"HAT,Round leg connector,120 degree mid,Non trunk,Assy",LegConnector
"HAT,Round leg connector,Single,120 degree mid,Assy",LegConnector
"HAT,Leg connector,120 degree mid,Bracket,Non trunk,Part",LegConnector
"HAT,Square leg connector,120 degree mid,Columm,Part",LegConnector
"HAT,Square leg connector,120 degree mid,Non trunk,Assy",LegConnector
"HAT,Square leg connector,Single,120 degree mid,Assy",LegConnector
"HAT,120 degree bench,Leg frame,Assy",DeskFrame
"HAT,Round leg,120 degree bench,Fixed,Assy",DeskFrame
"HAT,Round leg,120 degree bench,Eletric,Assy",DeskFrame
"HAT,Square leg,120 degree bench,Fixed,Assy",DeskFrame
"HAT,Square leg,120 degree bench,Eletric,Assy",DeskFrame
"PKG,Maari, sled base",PseudoPack
"AP,Worktop,HPL,120 degree,For HAT,Part",DeskTopAssy
"AP,Worktop,LPL,120 degree,For HAT,Part",DeskTopAssy
"AP,Worktop,120 degree,For HAT,Assy",DeskTopAssy
"Angled pole leg, PKG",PseudoPack
"Intuity,Pole leg,Main body,Assy,FAB",Tableleg
"PM,Kraft singl wall",PackagingCarton
"Angled pole leg, PKG",PseudoPack
"Intuity,Pole leg,Main body,Assy,FAB",Tableleg
Screw packing for Intuity single Pole leg,PackingPouchBag
"PM,Polyethelyfoam,tube,21x550m",Foams
"PKG,Maari, 4 leg",PseudoPack
"Frame,no Arm,Maari,4 leg, glide version, FAB",FourLegBase
"Frame, no Arm, Maari,4 leg, caster version, FAB",FourLegBase
"Frame, Arm, Maari, 4 leg, glide version, FAB",FourLegBase
"Frame, Arm, Maari, 4 leg, caster version, FAB",FourLegBase
"Rail Bracket for Modesty Screen,FAB",Bracket
"Upright,Assy,Raw,X99",BackUpright
"MD,Tape,tray,desk",Tape
Infill for single bench screen,ScreenInFill
Pattern For AP Worktop Embossed Modesty,Bracket
AP Worktop Embossed modesty screen core,ModestyCore
"MetricScrew, 10-32*.375 HexagonalSocket",MetricScrew
"Frame Without Arm Maari, sled, pre-painted",SledBase
"Rail Bracket for Modesty Screen Assy, PKG",PseudoPack
Screw packing for rail braket,PackingPouchBag
"L Bracket for modesty screen Assy, PKG",PseudoPack
Screw packing for L-braket,PackingPouchBag
"L Bracket for Modesty screen,FAB",Bracket
"Welding Bracket for modesty, rail,FAB",Bracket
"AP Universal Modesty for rail Assy,FAB",ModestyCore
"AP Universal Modesty for rail Assy,welding",ModestyCore
AP Universal Modesty for rail Assy PKG,ModestyCore
"PM,Molded eps corner, 100*75*136",Foams
"PM,Molded eps corner, 150*110*136",Foams
"PM,Multi-score fpf, 1650*1660",PackagingCarton
"PM,Multi-score fpf, 1250*1660",PackagingCarton
"MD,China label-on xone tile",PackagingLabel
"Mod metal embossed scrn,PKG",PseudoPack
"Welding Bracket for Modesty, Non Rail,FAB",Bracket
"AP Universal Modesty for Non Rail,FAB",ModestyCore
"AP Universal Modesty for Non Rail,welding",ModestyCore
AP Universal Modesty for Non Rail Assy PKG,ModestyCore
Maari lower back seat pad foam with plate,SeatCushion
"Shell,low Back, Maari",SeatShell
"PKG,Maari sled stool base chair with standard back",PseudoPack
"Frame Armless,sled high stool, Maari,FAB",SledBase
"Back kit,Uph ,X99,Cantilever",BackRestAssy
Maari Chair low back sell assy,SeatShellAssy
"Tang,UPH,guest,X99",MiscConnector
"Intuity,Pole leg,Metal tube",Tableleg
"Intuity,Pole leg,Main body,Assy",Tableleg
"Intuity,Pole leg set,Single side,straight,Assy",Tableleg
Cylinder 4 leg Poppy,GasSpring
"Cover,Cylinder,Poppy",MiscConnector
"MetricScrew, M6x30, RoundHead, Torx drive",MetricScrew
4 leg poppy base,StarBaseAssy
4 leg poppy Accessory,SeatAssy
"PKG for hung screen BKT, intuity end",PseudoPack
"Screw packing for hung screen BKT, epure",PackingPouchBag
"Epure hung screen bracket,FAB",Bracket
"PKG for hung screen BKT, intuity end",PseudoPack
"Screw packing for hung screen BKT, intuity end",PackingPouchBag
"Intuity end screen brakect,FAB",Bracket
"PKG,fabric hung screen, intuity end",PseudoPack
Fabric cover for hung screen end bracket 850H,Fabric
"Fabric cover for fabric hung screen, intuity end",PartFabricCover
"MD,Bag,polyethylene",PackingPouchBag
"PM, single wall corr, for screen,825*1820",PackagingCarton
"PM, single wall corr, for screen,825*1620",PackagingCarton
"PM, single wall corr, for screen,825*1520",PackagingCarton
"PM, single wall corr, for screen,825*1420",PackagingCarton
"PKG,hung screen, intuity and tibas WT, epure WT",PseudoPack
Fabric cover for hung screen WT 850H,Fabric
"Fabric cover for fabric hung screen, intuity and tibas WT, e",PartFabricCover
"Steel F-leg shared, PKG",PseudoPack
"Intuity,Frame leg,Single side,Shared,Support,Assy,FAB",Tableleg
"Cover,closeout,without cutout poppy",SeatPlate
"MetricScrew, M5*25,PanHead, Phillips",MetricScrew
Seat Front Low Density Bubble Cutting Foam,Foams
Arm LH/RH Low Density Bubble Cutting Foam,Foams
Seat Low Density Bubble Cutting Foam,Foams
Back Low Density Bubble Cutting Foam,Foams
"Staple,Strip,Bottom,Wood,Poopy",SeatPlate
"Staple,Strip,Top.Wood,Poopy",SeatPlate
"Foam,Arm,RH,Outside,Poppy",Foams
"Foam,Arm,RH,Inside,Poppy",Foams
"Foam,Back,Outer,Poppy",Foams
"Foam,Back,Inner,Poppy",Foams
"Foam,Waterfall,Poppy",Foams
"Glide,WS,Trans, for felt version",GlideVisitChair
"Foam,Arm,LH,Outside,Poppy",Foams
"Foam,Arm,LH,Inside,Poppy",Foams
Seat Cushion Assembly,SeatCushion
Inner Shell Seat And Back Poppy,SeatShell
Inner Shell Arm LH Poppy,SeatShell
Inner Shell Arm RH Poppy,SeatShell
Back and Seat Assembly,SeatShellAssy
"Poppy Back and Seat, upholstered, assy",SeatShellAssy
"StarBaseAssy, 5 star, Poppy",StarBaseAssy
"Intuity,Bench rail,Non ceiling feed,Assy",TblMountAccRail
Gasspring For Poppy Tablet,GasSpring
Gasspring For Poppy,GasSpring
"Cover,closeout,with cutout poppy",SeatPlate
"Rail, Epure WT mounted,FAB",RailProfile
"Desk screen acrylic, End cap,FAB",Endcap
"Rail, Intuity and Tibas WT mounted,FAB",RailProfile
"Fixing block, Tablet. Maari, Poppy",SeatingControl
"MetricScrew, M6*25,PanHead, Phillips",MetricScrew
"Seat accessory assy, 5 star chair, Poppy",SeatAssy
Infill for hung screen,ScreenInFill
PET Tackboard for Frameless Hung Screen,ScreenInFill
"Desk screen for Epure,PKG",PseudoPack
"Glide,Soft,Maari,Wood",GlideVisitChair
"Glide,Hard,Maari,Wood",GlideVisitChair
"MetricScrew, M8*40, FlatHead, Torx, Zinc",MetricScrew
"MetricScrew, M8*40, FlatHead, Torx, Black",MetricScrew
"Plate,Washer,Leg Rear",MiscConnector
"Plate,Washer,Leg Front",MiscConnector
"Support,frame,Maari wood",SeatPlate
"Maari,Leg Base,Wood",FourLegBaseAssy
Bottom support base,SofaFrame
"SCRN HUNG FRM Horizontal Tube,upper-TAC",MetalTubes
"SCRN HUNG FRM Vertical Tube,side-TAC",MetalTubes
"Hung SCRN FRM,epure WT-For Tackable Infill",HungScreenFrame
"Hung SCRN FRM,intuity and tibas WT-For Tackable Infill",HungScreenFrame
"Hung SCRN FRM Assy,WT mounted-For Tackable Infill",HungScreenFrame
SFT 6mm EVA Foam,PartPanelInfill
"Gas spring,pneumatic, push button",GasSpring
"SFT lateral screen, Horizontal gasket for glass core",MiscConnector
"SFT lateral screen, vertical gasket for glass core",MiscConnector
"SFT,25T VER adapter, lateral screen",RailProfile
"Planes worktop for training table,HPL double,Assy",DeskTopAssy
"Cross beam,Single side,Shared,Part",CrossBeam
"Intuity,Frame leg,Single side,Shared,Support,Assy",Tableleg
"Intuity,Frame leg,Single side,Shared,Assy",Tableleg
"Intuity,Frame leg,Single side,Assy",Tableleg
"Intuity, Face Plate, Double, FAB",FacePlate
"Intuity, Face Plate, Single, FAB",FacePlate
"Screw pack for Intuity, Face Plate",PackingPouchBag
"SFT,6mm MDF Board,L2",PartPanelInfill
SFT EVA Core Spacer,PartPanelInfill
"SFT,50T,Spacer for thin fabric board,L2",PartPanelInfill
"SFT,50T,MDF board for thin fabric,Level2",PartPanelInfill
"SFT,50T, Wood Spacer for metal,level2",PartPanelInfill
"SFT,painted metal board,level2",PartPanelInfill
"SFT,50T,tackable core level2",PartPanelCore
"SFT,50T,fabric core thin level2",PartPanelCore
"SFT,50T,metal core level2",PartPanelCore
"Core assembly level2,India Assy",PartPanelCore
"SFT,50T,Wood Spacer fabric board,L1",PartPanelInfill
"SFT,50T,MDF board fabric,Level1",PartPanelInfill
50mmT LPL spacer for Metal tile core L1,PartPanelInfill
"SFT,painted metal board,level1",PartPanelInfill
"SFT,50T,Wood Spacer for LPL,level1",PartPanelInfill
"SFT, 9mm LPL board, level1",PartPanelInfill
"SFT,50T,fabric core thin level1",PartPanelCore
SFT 50mm LPL Core Assy L1,PartPanelCore
"SFT,50T,metal core level1",PartPanelCore
"Core assembly level1,India Assy",PartPanelCore
"Glide,Flat,Felt, 9MM x 37MM x 3.175 THK",GlideVisitChair
"Solid wood Tablet Maari, Poppy",WritingTableTop
"Frame Armless,sled high stool, Maari",SledBase
"Frame Assy,Sled stool",SledBaseAssy
"PKG,Desk screen for intuity and tibas WT",PseudoPack
"Tibas, intermediate leg bottom tube, Fab",CrossBeam
"Tibas, intermediate leg top tube, Fab",CrossBeam
"Tibas, intermediate leg column straight, Fab",Tableleg
"Tibas, intermediate leg column with angle cut, Fab",Tableleg
"PM,screen epe edgeprotector",Foams
"Arm, pivot, cast, Tablet,FAB",WriteTableFrame
"Plate, Tablet,FAB",SeatPlate
"Arm weldment, Tablet upright,FAB",ArmUpright
"PKG,Maari,Five star base chair with table",PseudoPack
Tablet packing box,PackagingCarton
Planes tray stiffer,Beam
Tray stiffener,Beam
"Planes worktop for training table,LPL,Assy",DeskTopAssy
"Planes worktop for training table,HPL,Assy",DeskTopAssy
Planes worktop for training table Assy,DeskTopAssy
"Beam,Planes table",Beam
"Slide,plastic",SlideDoorGuide
"Plug,mechanical,arm, bumper planes,Y-Leg ,Polypropylene",Endcap
"Pin,roll,axle,hinge, for Y-leg",Pins
"Holder, end casting, planes training table",BeamSupport
"Handle,ABS,activation,fliptop planes,flip table",Handle
"Cylinder, gas, table,training table",CylinderLock
"Ball stud,TBL,flip top",MetricScrew
"Bushing,arm,fliptop,acetron",Bushings
"Frame,ASY,flip, beam",DeskFrame
"Glide, plastic, Y_leg, Planes",GlideFurniture
"Glide,kit of planes leg",GlideFurniture
"Cap,caster,leg",CastorsFurnit
"Body, caster, leg",CastorsFurnit
Allways caster,CastorsFurnit
"Cap ,top ,extrusion,for easel Polycarbonate",Endcap
"C-leg,Planes training table",Tableleg
"Planes Y-leg,long",Tableleg
"Planes Y-leg,short",Tableleg
"Planes extrusion vertical rail,RH",Column
"Planes extrusion vertical rail,RH",Column
"Connect,Planes training table",LegConnector
Planes C-Leg  base,Tableleg
Desk screen fabric cover for Epure,PartFabricCover
"Screw packing for screen BKT, Epure",PackingPouchBag
"Epure desk screen plate,FAB",Bracket
"Fabric cover for desk screen, intuity rail",Fabric
Desk screen fabric cover for intuity rail,PartFabricCover
"Screw packing for screen BKT, intuity and tibas",PackingPouchBag
"Fabric cover for desk screen, WT",Fabric
"PM,Carton _Screen H530mm *W1598mm",PackagingCarton
"PM,Carton _Screen H530mm *W1398mm",PackagingCarton
"PM,Carton _Screen H530mm *W1298mm",PackagingCarton
"PM,carton _screen H530mm *W998mm",PackagingCarton
"PM,screen epe corner protector",Foams
Desk screen fabric cover for intuity and tibas WT,PartFabricCover
"PM,Box,CORR,100x100x150",PackagingCarton
"PKG, desk screen BKT for Epure",PseudoPack
"PM,end cover for screen 860MM",PackagingCarton
"PM,end cover for screen 438MM",PackagingCarton
"Desk screen for intuity rail,PKG",PseudoPack
"PKG,bracket and hardware, Intuity Setrvice Part",PseudoPack
"PM,end cover for screen 530MM",PackagingCarton
Epure hung screen bracket-side support,MetalSheets
Epure hung screen bracket-body,MetalSheets
"Plate,SGR,ceiling,CHN86,PH,FAB",CableHolder
Runner 950H,MiscHardware
Leg column 2 30X50 for inter leg,Column
Leg column 1 30X50 for inter leg,Column
Sheetmetal cover for inter leg,Endcap
Top tube 50X90 for inter leg,CrossBeam
Leg column 2 30X50 for inter leg,Column
Bottom plate for inter leg,Bracket
Small tube 15X30 for inter leg,CrossBeam
Leg column 1 30X50 for inter leg,Column
"armcap,right,upper, X99 Cantilever",ArmCap
"Armcap,left,upper, X99 Cantilever",ArmCap
"Armcap,right,bottom, X99 Cantilever",ArmCap
"Armcap,left,bottom,X99 Cantilever",ArmCap
"SelfTapScrew, M6*30,FlatHead,Torx",SelfTapScrew
"SelfTapScrew, M6*40,FlatHead,HexagonalSocket",SelfTapScrew
"Sled,frame,welded,CONF, X99,Raw",FourLegBase
"Arm,kit,W/Arm,X99,cantilever",ArmrestAssy
"Back kit,mesh ,X99,Cantilever",BackRestAssy
"Glide,sled,base,chair,X99",MiscConnector
"Epure BKT for intermediate leg, painted",TopSupport
Epure BKT for single intermedia leg Assy,TopSupport
Epure straight extension,Column
"Single  INTER-leg cover,RH, adjustable",MiscTblFrameAcc
"Single INTER-leg cover,LH, adjustable",MiscTblFrameAcc
"Single INTER-leg cover,RH, fixed, painted",MiscTblFrameAcc
"Single INTER-leg cover,LH, fixed, painted",MiscTblFrameAcc
"Epure SG inter leg,tech height",Tableleg
"Epure SG inter leg,fixed, painted",Tableleg
"AP Epure Intermedia leg, single Assy",Tableleg
"AP,Epure linking plate, painted",TableConnector
"AP,Epure linking plate assy",TableConnector
"Upright,Assy,PNT,X99",BackUpright
"Sled,frame,welded,CONF, X99",FourLegBase
"AP Epure, BenchFrame for Single Bench",BenchFrame
X99 Cantilever Frame Assy,FourLegBaseAssy
"INN,seat,SHL,W/nuts",SeatPlate
"Foam,Seat,X99 Cantilever",SeatCushion
X99 Cantilever seat Assy,SeatAssy
"Back mesh cover,X99 family",BackCover
GasSpring Daytona Dual Posture,GasSpring
"SFT, glass board for Lateral screen",PartPanelInfill
"SFT,25T HOR adapter,lateral screen",RailProfile
"Plug,Right.Raw,x99,gst, for armless",Endcap
"Plug,left.Raw,x99,gst, for armless",Endcap
"SFT, Lateral screen glass core Assy",PartPanelCore
"SFT, board for fabric Lateral screen",PartPanelInfill
"SFT, Lateral screen fabric core Assy",PartPanelCore
"SFT, Spacer for painted metal board",PartPanelInfill
"SFT, Lateral screen painted metal board",PartPanelInfill
"SFT, Lateral screen metal core Assy",PartPanelCore
"SFT, Lateral screen core Assy",PartPanelCore
"SFT, foam for lateral screen60",Foams
"SFT, foam for lateral screen373",Foams
"SFT, Lateral screen adapter plate",Bracket
"SFT, Lateral screen shared front bracket",Bracket
"SFT, Lateral screen shared back bracket",Bracket
"SFT, Lateral screen end front bracket, RH",Bracket
"SFT, Lateral screen end front bracket, LH",Bracket
"SFT, Lateral screen end back bracket",RailProfile
"SFT, Lateral screen top trim",RailProfile
"SFT,end trim cap,25T,FIN",Endcap
"SFT, Lateral screen end trim",RailProfile
Hardware packing for acrylic screen,PackingPouchBag
"Bracket for Epure WT mounted,FAB",Bracket
"Bracket for Epure WT mounted,PKG",Bracket
"Screen Assy Kits,PKG for Epure",PseudoPack
"Rail Assy, Epure WT mounted,FAB",RailProfile
"PKG,service parts",PseudoPack
Screw packing BKT W>1000,PackingPouchBag
Screw packing BKT W<=1000,PackingPouchBag
"Bracket for Intuity and Tibas WT mounted,FAB",Bracket
"Bracket for Intuity and Tibas WT mounted,PKG",Bracket
"Screen Assy Kits,PKG for Intuity and Tibas",PseudoPack
"Rail Assy, Intuity and Tibas WT mounted,FAB",RailProfile
"PKG,bracket bit",PseudoPack
"Acrylic screen BKT, FAB",Bracket
"PM,Single wall FF5PF, for winder cross beam",PackagingCarton
"PM,Box,1495x84x54",PackagingCarton
"PM,Box,1190x84x54",PackagingCarton
"Glide,WS,Trans, hard",GlideVisitChair
"MetricScrew, M4x8, TrussHead, HexagonalSocket",MetricScrew
"Cover,WS/Stool,",SeatPlate
"Frame Without Arm Maari, sled, painted",SledBase
"Sled base frame assy, Maari",SledBaseAssy
"Arm,Upright,Upper, RH, 1D,Daytona",ArmUpright
"Arm,Upright,Upper, LH, 1D,Daytona",ArmUpright
"Arm,Upright,Upper, RH, 4D,Daytona",ArmUpright
"Arm,Upright,Upper, LH, 4D,Daytona",ArmUpright
"Cap,Arm,RH,Daytona",ArmCap
"Cap,Arm,LH,Daytona",ArmCap
"DeskTop with pre-nut, EPURE",DeskTopAssy
"AP,EpureDeskTop,CompleteSet,Assy",DeskTopAssy
"Daytona, Seat, Foam",SeatCushion
"Seat,Shell,Daytona",SeatPlate
"Upright,kit,PNT,X99,GST, FAB",BackUpright
"Frame weldment, glides,X99, seminar,FAB",FourLegBase
"Frame weldment, casters,X99, seminar,FAB",FourLegBase
"Arm kit,W/O arms,X99,advance",Endcap
"Frame weldment, Glide,X99,seminar, painted",FourLegBase
punch M6 steel,MetricScrew
TIBAS single side cable tray WONut,CableTray
"TIBAS single side cable tray assyWnut, Chennai",CableTray
"SHIFT, Lateral screen horizontal rail",RailProfile
"SHIFT, Lateral screen vertical rail",RailProfile
"SHIFT, Lateral screen rail Assy",LateralScreen
TIBAS single side cable tray assy India,CableTrayAssy
"TIBAS double side cable tray assy, India",CableTrayAssy
"Glide, plastic 4-star",GlideVisitChair
"Four star Base, Alu,Maari,",StarBase
"Cover for cylinder,",MiscMechComp
"Cylinder, 4 Star, Maari",GasSpring
"4-Star base assy, Maari",StarBaseAssy
ring,TopSupport
plate,TopSupport
"Seat assy, Maari four star base chair",SeatAssy
Washer M8x24x2mm,Washer
Hexagonal head screw M8x50mm,Bolt
M8-T insert nut,InsertNut
Tee nut M6,InsertNut
Backrestframe inner shell for Aloha foam back,BackrestFrame
Zody II&LX Base Assembly,StarBaseAssy
"Lever, Tilt Tension, Daytona",SeatingControl
"Lever, Assy, B/S, Daytona",SeatingControl
"Lever, Assy, F/T,B/S, Daytona",SeatingControl
"SFT,Tackable core cover,25T,L3",PartFabricCover
Zody II&LX mechanism complete AP,MechAssy
"SFT,Tackable core cover,25T,L2",PartFabricCover
"Cover Seat, Daytona",SeatShell
"Lever Asm, Height, Daytona",SeatingControl
"Lever Asm, Depth, Daytona",SeatingControl
"Daytona, Seat, Foam W Shell",SeatCushion
"Bearing,rear seat plate,pivot,Dual PosturePlastic",SeatingControl
Zody II&LX seat,SeatAssy
"Back, Support, Y-Brace",BackSupport
"Back, Bezel, For Without Lumbar",MiscConnector
"Back, Bezel, For With Lumbar",MiscConnector
"Handle, Lumbar",MiscConnector
"SelfTapScrew, M6x20, PanHead, Torx, black",SelfTapScrew
"Daytona, Narrow, Slide",MiscConnector
"Support, Lumbar, Slide",LumbarPad
"9mm LPL board,double surface 6*8",Particleboard
"Back, Shell, Uph",BackrestFrame
"Back, Carrier, Uph",BackrestFrame
"Foam, Back For Daytona",SeatCushion
"Panel H1600, W1600 to 1800, T=25 , PKG",PseudoPack
"Panel H1600, W600-1600, T=25 , PKG",PseudoPack
"Panel H1500, W1600 to 1800, T=25 , PKG",PseudoPack
"Panel H1500, W600-1600, T=25 , PKG",PseudoPack
"Panel H1400, W1600 to 1800, T=25, PKG",PseudoPack
"Panel H1400, W600-1600, T=25, PKG",PseudoPack
"Panel H1200, W1600  to 1800, T=25 ,PKG",PseudoPack
"Panel H1200, W600-1600, T=25 ,PKG",PseudoPack
"Panel H1150, W1600 to 1800, T=25, PKG",PseudoPack
"Panel H1150, W600-1600, T=25, PKG",PseudoPack
"Panel H1100, W1600 to 1800, T=25 ,PKG",PseudoPack
"Panel H1100, W600-1600, T=25 ,PKG",PseudoPack
"Panel H1050, W1600 to 1800, T=25 ,PKG",PseudoPack
"Panel H1050, W600-1600, T=25 ,PKG",PseudoPack
"Panel H1000, W600-1600 to 1800, T=25, PKG",PseudoPack
"Panel H1000, W1600, T=25, PKG",PseudoPack
"MD, PM, corner protector for T=25",PackagingCarton
"SFT,Fabric core cover,25T,L3",PartFabricCover
"18mm PET board, 1780x1220",PETBoard
"SFT,25T HOR adapter, glass core, FAB",RailProfile
"SFT,25T VER adapter,lateral screen, FAB",RailProfile
"SFT,Fabric core cover,25T,L2",PartFabricCover
"RM,End bkt Extrusion 4M",ExtrudedProfile
"SFT,Fabric core cover,25T,L1",PartFabricCover
"18mm PTB LPL board, 6*8, E0,FSC",Particleboard
"SFT,25T,Top trim,FAB",RailProfile
"SFT,25T, Horizontal rail, FAB",RailProfile
"SFT, 25T,intermediate rail, FAB",RailProfile
"SFT, 25T,bottom rail with nut,FAB",RailProfile
"TRACK, LUMBAR, Aloha pro",MiscLumbPelvCom
"L bracket for Tibas beam,FAB",BeamSupport
"Main beam spine cut,FAB",Beam
"PKG,Tibas single side Loop leg",PseudoPack
"Cross tube for tibas single loop Leg,FAB",CrossBeam
"straight tube for Tibas single Loop leg,FAB",Tableleg
"Tibas Loop Leg Single side Fix,FAB",Tableleg
"straight tube for Tibas single Linear leg,FAB",Tableleg
"cross tube for Tibas single Linear leg,FAB",CrossBeam
"SFT,25T,vertical rail,FAB",PartiVertRail
Cross Bottom tube for Tibas single Loop leg,CrossBeam
straight tube for Tibas single Loop leg,Tableleg
Tibas Loop Leg Single side Fix,Tableleg
Tibas Single Loop Leg Assy,Tableleg
Zody LX Backrest,BackRestAssy
"Cap, Arm, Fixed, Assy, RH",ArmCap
"Cap, Arm, Fixed, Assy, LH",ArmCap
"Arm, Fixed, RH",ArmrestSupport
"Arm, Fixed, LH",ArmrestSupport
Zody II & LX armrests Fixed assy,ArmrestAssy
"Arm, Assy, Upper, RH, 1D, Daytona",ArmrestAssy
"Arm, Assy, Upper, LH, 1D, Daytona",ArmrestAssy
"Support, Arm, Lower, assy",ArmrestSupport
Zody II&LX armrests 1D assy,ArmrestAssy
"MetricScrew, M6*16, PanHead, Torx, black",MetricScrew
"Support, Arm, Lower, RH, metal",ArmrestSupport
"Support, Arm, Lower, LH, metal",ArmrestSupport
"Liner, Outer, Arm RH Daytona",ArmrestSupport
"Liner, Outer, Arm LH Daytona",ArmrestSupport
"SFT,vertical rail,50T,S0,FAB",PartiVertRail
"Liner, Inner, Arm RH Daytona",ArmrestSupport
"SFT,50T,Upper Power rail,UpWT,FAB",RailProfile
"SFT,vertical rail,50T,P1,FAB",PartiVertRail
Fixing plate,SofaLeg
Riverbend straight leg,SofaLeg
Back frame step stiffner,SofaFrame
bottom inside stiffner,SofaFrame
"Liner, Inner, Arm LH Daytona",ArmrestSupport
"Plate,SGR,ceiling",CableHolder
"HAT double cable trunk, Assy",CableTrunkAssy
"Arm, Assy, Upper, RH, 4D, Daytona",ArmrestAssy
Zody II&LX armrests 4D assy,ArmrestAssy
Zody II&LX armrests assy,ArmrestAssy
"Arm,Assy,Upper, LH, 4D,Daytona",ArmrestAssy
"PM, single wall corr, for 1000*1800 panel",PackagingCarton
"Panel H1000, W1600 to 1800, PKG",PseudoPack
"Panel H1000, W1600,PKG",PseudoPack
"PM, single wall corr, for 1600*1800 panel",PackagingCarton
"Panel H1500 to 1600, W1600 to 1800, PKG",PseudoPack
"Panel H1500 to 1600, W1600, PKG",PseudoPack
"PM, single wall corr, for 1500*1800 panel",PackagingCarton
"Panel H1400 to 1500, W1600 to 1800, PKG",PseudoPack
"Panel H1400 to 1500, W1600, PKG",PseudoPack
"PM, single wall corr, for 1400*1800 panel",PackagingCarton
"MD,Bag,poly-straight panels",PackingPouchBag
"Panel H1200 to 1400, W1600 to 1800, PKG",PseudoPack
"Panel H1200 to 1400, W1600, PKG",PseudoPack
"PM, single wall corr, for 1200*1800 panel",PackagingCarton
"Panel H1150 to 1200, W1600 to 1800, PKG",PseudoPack
"Panel H1150 to 1200, W1600, PKG",PseudoPack
"PM, single wall corr, for 1150*1800 panel",PackagingCarton
"Panel H1100 to 1150, W1600 to 1800, PKG",PseudoPack
"Panel H1100 to 1150, W1600, PKG",PseudoPack
"PM, single wall corr, for 1100*1800 panel",PackagingCarton
"Panel H1050 to 1100, W1600 to 1800,PKG",PseudoPack
"Panel H1050 to 1100, W1600,PKG",PseudoPack
"MD,PM, single wall corr, for 1800W",PackagingCarton
"PM, single wall corr, for 1050*1800 panel",PackagingCarton
"MD,Bag,poly-straight panels 1880Lx1499W",PackingPouchBag
"Panel H1000 to 1050, W1600 to 1800,PKG",PseudoPack
"MD,PM, single wall corr, for 1600W",PackagingCarton
"MD,PM, single wall corr, for 1200W",PackagingCarton
"MD,PM, single wall corr, for 900W",PackagingCarton
"MD,PM,paper corner 54*54* 120mm*T3mm",PackagingCarton
"MD,High density PE film w=1600 T=0.02mm",PackingPouchBag
"Panel H1000 to 1050, W1600,PKG",PseudoPack
"SFT,Fabric core cover,50T,TACK,L3",PartFabricCover
"SFT,painted metal board,level3,FAB",PartPanelInfill
"SFT,Fabric core cover,50T,L3",PartFabricCover
"SFT,50T Hor adapter,glass core,L2L3,FAB",RailProfile
"SFT,50T Ver adapter,glass core,L2,  FAB",RailProfile
"SFT,Fabric core cover,50T,TACK,L2",PartFabricCover
"6mm MDF, double white melamine ,4*8, E0, FSC100%",MDFBoard
"8mm PET board, 4*8 used in SFT PET core",PETBoard
"SFT,Fabric core cover,50T,L2",PartFabricCover
"SFT,painted metal board,level2,FAB",PartPanelInfill
"SFT,50T Ver adapter,glass core,L3, FAB",RailProfile
"SFT,Fabric core cover,50T,L1",PartFabricCover
"MD,staple,chisel pt,res used in shift core",Staples
"PTB board,4'x8',25THK E0,FSC100%",Particleboard
"9mm PTB, double white melamine ,4*8, E1, FSC100%",Particleboard
"SFT,painted metal board,level1,FAB",PartPanelInfill
"SFT,middle support bracket, for raceway,FAB",Bracket
"SFT,50T,Top trim,FAB,",RailProfile
"SFT,50T,Bottom rail,Assy,FAB",PartPanelRail
"SFT,50T,Lower Power rail,FAB",RailProfile
"SFT,50T,Upper Power rail,LowWT, FAB",RailProfile
"SFT,50T,intermediate rail, FAB",RailProfile
"SFT,50T,Horizontal rail,FAB",RailProfile
"SFT,vertical rail,50T,P2,Below Worktop,FAB",PartiVertRail
Zody II&LX Upright control assy,BackUpright
"Cap Assy,arm,Maari 4-leg",ArmCap
"Glide, 4 leg, Frame, Hard, plastic",GlideVisitChair
"Glide, 4 leg, Frame, Soft, felt",GlideVisitChair
"Cover,Maari 4-leg",SeatPlate
Mount plate U part,Bracket
Mount plate flat part,Bracket
End cap U shape,Endcap
EndCap flat plate,Endcap
"M8x25.00, FlatHead, Hexagonal, NA, ISO7380-1/GB70.2",MetricScrew
"Intuity, Face Plate, Double",FacePlate
"Intuity, Face Plate, Single",FacePlate
"Intuity, Face Plate, Assy",FacePlate
"Frame,no Arm,Maari,4 leg, glide version, painted",FourLegBase
"Frame, no Arm, Maari,4 leg, caster version, painted",FourLegBase
"Frame, Arm, Maari, 4 leg, glide version, painted",FourLegBase
"Frame, Arm, Maari, 4 leg, caster version, painted",FourLegBase
"Frame Assy, Maari 4 leg base",FourLegBaseAssy
"PM, single wall corr,",PackagingCarton
"PM,Kraft single wall CORR, FF5PF",PackagingCarton
"PM,FF5PF,SHIFT power hatch,1500W",PackagingCarton
"PM,FF5PF,SHIFT power hatch,1200W",PackagingCarton
"PM,FF5PF,SHIFT power hatch,1000W",PackagingCarton
"PM,FF5PF,SHIFT power hatch,800W",PackagingCarton
"PM,FF5PF,SHIFT power hatch,600W",PackagingCarton
"PM,EPS foam, 310x194x70mm",Foams
"Shift,Raceway Cover,FAB",RacewayCover
RiverbendWithBackAssy,SofaBackAssy
Retainer for Half insert Bottom,RetainHardware
Retainer for Half insert Top,RetainHardware
High Side layer foam,SofaFoam
High Back angled foam L2,SofaFoam
High Back angled foam L1,SofaFoam
High Back panel foam,SofaFoam
High Back foam assy,SofaFoam
Paper Board high Back,SofaFrame
Paper Board Front L2,SofaFrame
Paper Board Front L1,SofaFrame
Mid support base,SofaFrame
Mid Back Frame Support,SofaFrame
Vertical Support Base,SofaFrame
Back frame support horizontal B/B,SofaFrame
Horizontal mid support L3,SofaFrame
Horizontal mid support L2,SofaFrame
Horizontal mid support L1,SofaFrame
High Back bottom connector for leg,SofaFrame
High Back support and seat frame connector,SofaFrame
High Back frame side,SofaFrame
High Back frame center support,SofaFrame
High Back frame top,SofaFrame
High Back frame assy,SofaFrame
Riverbend Straight High Back assy,SofaBackAssy
Low Back Side layer foam,SofaFoam
Low Back Top layer foam,SofaFoam
Low back panel foam,SofaFoam
Low Back angled Front foam,SofaFoam
Low Back Foam Assy,SofaFoam
Paper Board Back,SofaFrame
Paper Board Front,SofaFrame
Back frame support horizontal BB,SofaFrame
Horizontal mid support,SofaFrame
Back bottom connector for leg,SofaFrame
Back support and seat frame connector,SofaFrame
Back frame side column,SofaFrame
Back Frame Center Column,SofaFrame
Low Back frame top,SofaFrame
Low Back Frame Assy,SofaFrame
Riverbend Straight Low Back assy,SofaBackAssy
Side layer foam,SofaFoam
Top layer foam,SofaFoam
Centre layer foam,SofaFoam
Bottom layer foam,SofaFoam
Straight seat foam assy,SofaFoam
Connecting plate,SofaLegFConnect
"Glide, Molded, 50.8 X 22.2, PSA, Hard",GlideFurniture
Straight bend leg,SofaLeg
Riverbend leg assy,SofaLeg
Support base back,SofaFrame
Support base front,SofaFrame
Support seat and back frame connector,SofaFrame
Support front frame,SofaFrame
Support bottom frame leg connector,SofaFrame
Support side column,SofaFrame
Support center stiffner,SofaFrame
Support top frame,SofaFrame
Straight seat frame assy,SofaFrame
Riverbend seat base assy,SofaSeatAssy
screw pack for Umbilical BKT,PackingPouchBag
"HAT umbilical cord btm bracket to trunk,FAB",Bracket
"MetricScrew, 1/4-20X1 3/4, CheeseHead, HexagonalSocket",MetricScrew
"MetricScrew, 1/4-20X7/8, PanHead, Hexagonal",MetricScrew
HAT umbilical cord btm bracket to trunk,Bracket
"MetricScrew, 1/2-20 Button Head, Hexagonal",MetricScrew
"SCRN HUNG FRM Vertical Tube,side,end 1100W-F/F",MetalTubes
"Arm, pivot, cast, Tablet",WriteTableFrame
"PM,Single Wall TUBE 60*30*1650MM",PackagingCarton
"PM,Single Wall TUBE 60*30*1330MM",PackagingCarton
"PM,Single Wall TUBE 60*30*1100MM",PackagingCarton
PKG double side end leg,PseudoPack
"TIBAS double side end leg,Fix,FAB",Tableleg
"Cable,Forward tilt, for new mech, Soji",SeatingControl
"MetricScrew M8*25 Pan Head, Torx, black",MetricScrew
"Bushing, bronze, bearing",Bushings
"SFT,foam for raceway",Foams
"Shift,Raceway Cover",RacewayCover
"Shift,Raceway Cover",RacewayCover
Aloha Easy REF MESH BACK COVER,BackCover
"Bench rail,Double side,Ceiling,Part",RailProfile
"Bench rail,Double side,Non ceiling,Part",RailProfile
"End cap,Rail,Double side,Part",Endcap
"End cover,Rail,Double side,Part",Endcap
"Intuity,Bench rail,Double side,Assy",RailProfile
"Frame FAB,w/arm,SEN,drilling",FourLegBase
"Frame FAB,w/o arm,SEN,drilling",FourLegBase
"Frame FAB,w/tablet LH, SEN, drilling",FourLegBase
"Frame FAB,w/tablet RH, SEN, drilling",FourLegBase
"Frame FAB,w/arm,SEN",FourLegBase
"Frame FAB,w/o arm,SEN",FourLegBase
"Frame FAB,w/tablet LH, SEN",FourLegBase
"Frame FAB,w/tablet RH, SEN",FourLegBase
"Plate, RH, mtg mechanism, punching",SeatPlate
"Plate, RH, mtg mechanism, painting",SeatPlate
"Pin, align, mech",Pins
"Plate, LH, mtg mechanism, punching",SeatPlate
"Plate, LH, mtg mechanism, painting",SeatPlate
EVA foam for Intuity acrylic screen,Spacer
"SCRN HUNG FRM Horizontal Tube,mid,intuity end",MetalTubes
"PKG, very conference stool",PseudoPack
"Assy, Plate, Rh, Mtg Mechanism,punching",MiscMechComp
"Assy, Plate, Rh, Mtg Mechanism,riveting",MiscMechComp
"Assy, Plate, Rh, Mtg Mechanism,painting",MiscMechComp
"ROD, pivot, control",Pins
"HSLA,T=4mm,800mm*900mm",MetalSheets
"Plate, Lh, Mtg Mechanism,punching",MiscMechComp
"SCRN HUNG FRM Horizontal Tube,mid,epure",MetalTubes
"Pin, back stop, control",Pins
"Plate, Lh, Mtg Mechanism,riveting",MiscMechComp
SCRN HUNG FRM U Channel,MetalTubes
"Plate, Lh, Mtg Mechanism,painting",MiscMechComp
"SCRN HUNG FRM Horizontal Tube,mid,intuity and tibas",MetalTubes
"SPCC,T=2.5mm,1250mm*2500mm",MetalSheets
"Bracket, Arm Support,Conf,FAB",Bracket
"SCRN FRM Horizontal Tube,upper-F/F",MetalTubes
"Plug Painted,Rh,Conf,FAB",Endcap
"SCRN HUNG FRM Vertical Tube,mid,lower",MetalTubes
"Plug Painted,Lh,Conf,FAB",Endcap
"SCRN HUNG FRM Vertical Tube,mid,upper-F/F",MetalTubes
"SCRN FRM Vertical Tube,side-F/F",MetalTubes
RIGHT RFID PANEL 1993x500x19 mm.,CoverPanel
RIGHT RFID PANEL 1993x500x19 mm.,CoverPanel
DOOR HINGES ON LEFT RFID KEYNIUS SCREEN 359.4x496x19 mm.,DoorPanel
DOOR HINGES ON LEFT RFID KEYNIUS SCREEN 359.4x496x19 mm.,HingeDoorAssy
LEFT DOOR HINGES ON LEFT 359.4x496x19 mm.,DoorPanel
LEFT DOOR HINGES ON LEFT 359.4x496x19 mm.,HingeDoorAssy
"SPCC,T=2.0mm,1250mm*2500mm",MetalSheets
Runner 1300H,MiscHardware
Draw string Rope for Cord,Yarn
"PKG,side w/book rack,w/tablet,",PseudoPack
HAT Side Bracket PKG,PackagingCarton
"PM,Kraft",PackagingCarton
Neminder able,ProductLabel
"PKG,side w/book rack",PseudoPack
HAT Beam PKG,PackagingCarton
"PM,Single wall CORR paper, board",PackagingCarton
Carton box assy for B00003459,PackagingCarton
"PKG,w/tablet side,Very,",PseudoPack
"PM,Carton,#2,CORR,HSC,recyle, 28.125x28.125x42.000",PackagingCarton
"HAT fixed beam, FAB",Beam
"PKG,side,Very,w/o writing table, w/o book rack",PseudoPack
"Frame FAB,w/o arm,side,drilling",FourLegBase
"Frame FAB,w/arm,side,drilling",FourLegBase
"Frame FAB,w/tablet LH, side,drilling",FourLegBase
"Frame FAB,w/tablet RH, side, drilling",FourLegBase
"Seat pad leather cover for side, seminar, conference",SeatCover
"Seat pad fabric cover for side, seminar, conference",SeatCover
"PKG, Fern task without headrest",PseudoPack
"Back pad leather cover for side, seminar, conference",BackCover
"COL70, Chapter by Eastern",FauxLeather
"Back pad fabric cover for side, seminar, conference",BackCover
"Cover,outer,seat,fixed seat, forward, Fern",SeatPlate
"Cover,outer,seat,sliding seat, forward, Fern",SeatPlate
"Cover,outer,seat,sliding seat, non- forward, Fern",SeatPlate
"Base tube,STD HGT,SVC",BaseTube
"Lubricant,lubriplate-1242",Grease
Bracket for Epure WT mounted,Bracket
"Rail, Epure WT mounted",RailProfile
"Rail Assy, Epure WT mounted",RailProfile
"Screen Assy Kits, Epure WT mounted",RailProfile
Bracket for Intuity and Tibas WT mounted,Bracket
"Desk screen acrylic, Gasket",MiscConnector
"Desk screen acrylic, End cap",Endcap
"Rail, Intuity and Tibas WT mounted",RailProfile
"Rail Assy, Intuity and Tibas WT mounted",RailProfile
"Screen Assy Kits, Intuity and Tibas WT mounted",RailProfile
"Desk acrylic sheet, WT mounted",TranScreenPanel
"Spacer PE for acrylic scrn, Intuity rail mount",Spacer
"Insert,main channel,PH,50",InsertNut
Acrylic screen BKT,Bracket
"BKT Assy for desk ACR, rail mount",Bracket
"Desk acrylic sheet, Intuity rail mounted",TranScreenPanel
Very conference base assy,StarBaseAssy
"Hung SCRN FRM,epure WT-For Fabric",HungScreenFrame
"PM, out box 1600 for SIG",PackagingCarton
"PM, out box 1400 for SIG",PackagingCarton
"PM, out box 1200 for SIG",PackagingCarton
"MD, EPE film w=1200 T=3mm",Foams
PKG HAT single side cable trunk,PseudoPack
Screw pack for HAT single side cable trunk,PackingPouchBag
"HAT,Cable trunk,Single side,Trunk cover,Part,FAB",CableTrunkCover
"HAT,Cable trunk,Single side,Trunk body,Assy,FAB",CableTrunk
Aloha Foam PKG holder,PackagingCarton
"PM,Back cover,air-PAQ bag,T=75um,_size=20mm",PackingPouchBag
"PKG, Aloha Active Task Upholestered chair Chennai",PseudoPack
Lubricant Lithium Polymer,Grease
Epure hung screen bracket,Bracket
"Hung SCRN,bracket assy,epure",Bracket
Intuity end screen brakect,Bracket
"Hung SCRN,bracket assy,intuity end",Bracket
"Hung Screen end rail,intuity end",RailProfile
"Hung SCRN FRM,intuity end-For Fabric",HungScreenFrame
"Hung SCRN FRM Assy,intuity end-fabric",HungScreenFrame
"RSC, DOUBLE WALL CORR",PackagingCarton
"PKG, Aloha Active Task Mesh chair Chennai",PseudoPack
"COL65 F3, Compose by Nexgen",Fabric
"COL64 F3, Regard by Innovative",Fabric
"COL63 F3, Mutual by Innovative",Fabric
"ARM KIT, LH&RH,PAIR,Aloha Acti",ArmrestAssy
"Tubing,nozzle,2-2-component_pu_adhesive",Glue
Hung & Bench screen end rail,RailProfile
"Hung SCRN FRM,intuity and tibas WT-For Fabric",HungScreenFrame
"Hung SCRN FRM Assy,WT mounted-fabric",HungScreenFrame
"RD, Box Pinning Nail",MiscHardware
Lubricant Contrl Mech,Grease
"Plate, Tablet",SeatPlate
Rail Bracket for Modesty Screen Assy,Bracket
L Bracket for modesty screen Assy,Bracket
"Bearing, thrust, Tablet, Maari, Poppy",Bearings
"Washer, 40x20x1.5, thrust bearing",Washer
"Mdf painted Tablet, Maari, Poppy",WritingTableTop
Screw handle M6 Hex,MiscConnector
Maari/Poppy Tablet,WriteTableAssy
"Arm weldment, Tablet upright",ArmUpright
Rail Bracket for Modesty Screen,Bracket
"Welding Bracket for modesty, rail",Bracket
AP Universal Modesty for rail,ModestyCore
AP Universal Modesty for rail Assy,ModestyCore
"Welding Bracket for Modesty, Non Rail",Bracket
PATTERN_RIGHT,Bracket
PATTERN_LEFT,Bracket
AP Universal Modesty for Non Rail,ModestyCore
AP Universal Modesty for Non Rail Assy,ModestyCore
"Bushing, arm to arm, Tablet",MiscConnector
"Nut,1/4-20,CarpinNut",Nut
L Bracket for Modesty screen,Bracket
"PM,Single wall CORR FF5PF",PackagingCarton
"PM,Single wall CORR FF5PF",PackagingCarton
Fliptop PKG,PseudoPack
"25mm PTB LPL board, 6*8, E1, FSC",Particleboard
"Cover,underside frame, Assy",SeatPlate
Tibas bench frame  Assy,BenchFrame
Aloha Easy Lite plywood,SeatPlate
Seat assy for Aloha Easy Lite chair,SeatAssy
Mesh back for Aloha Easy and Lite,BackRestAssy
"Mesh back assy, ALOHA",BackRestAssy
"Intuity, Base-angled housing, extension Assy",GlideFurniture
"Intuity, Base-angled housing, fixed assy",GlideFurniture
"Intuity, base-straight housing,extension assy",GlideFurniture
"Intuity,base-straight housing,fixed assy",GlideFurniture
"Lever, Pneumatic activation",MiscMechComp
"Lever, Back lock",MiscMechComp
"Control Body, Aloha Active",MechAssy
mech assy for Aloha Active,MechAssy
Bottom mesh retainer,BackrestFrame
Left mesh retainer,BackrestFrame
Right mesh retainer,BackrestFrame
Mesh back for Aloha Active,BackRestAssy
Mesh back assy Aloha Active,BackRestAssy
"Upright,Ctrl Assy, Plastic,Pair",BackUpright
"Intuity, Base-angled housing for caster",Housing
"Steel A-leg R&L,END, PKG,Ind",PseudoPack
"Arm Support Painted,Rh,Conf,FAB",ArmrestSupport
"Arm support painted,LH,CONF,FAB",ArmrestSupport
"HAT,Cable trunk,Single side,Trunk body,Stiffener,Part",CableHolder
"HAT,Cable trunk,Single side,Trunk body,Main,Part",CableTrunk
"HAT,Cable trunk,Single side,Trunk cover,Part",CableTrunkCover
"HAT,Cable trunk,Single side,Trunk body,Assy",CableTrunk
"HAT,Cable trunk,Single side,Assy",CableTrunkAssy
"Control housing, FAB",MechCover
"Plug end cap,Very Conference",Endcap
"Fixed arm, Very conference, assy",ArmrestAssy
"Frame painted,w/arm,SEN, book rack",FourLegBase
"Frame painted,w/o arm,SEN, book rack",FourLegBase
"Frame painted,w/tablet LH, SEN,book rack",FourLegBase
"Frame painted,w/tablet RH, SEN,book rack",FourLegBase
"Frame painted,w/arm,SEN",FourLegBase
"Frame painted,w/o arm,SEN",FourLegBase
"Frame painted,w/tablet LH, SEN",FourLegBase
"Frame painted,w/tablet RH, SEN",FourLegBase
"LINKAGE, FRONT, Very",MiscConnector
"Cover,LH,tilt mechanism",ArmCover
"Cover,RH,tilt mechanism",ArmCover
"PM, out box 1600 for DBL",PackagingCarton
"PM, out box 1400 for DBL",PackagingCarton
"PM, out box 1200 for DBL",PackagingCarton
PKG for HAT double side cable trunk,PseudoPack
Screw pack for double side cable trunk,PackingPouchBag
"Double side cable trunk cover,FAB",CableTrunkCover
"Double side cable trunk,FAB",CableTrunk
"Stop,recline,soft",MiscConnector
"Bearing,radial,MECH,RH",Bearings
"ASSY, PLATE, RH, MTG MECHANISM",SeatPlate
"Bearing,bushing,rod,Very",Bearings
"Bearing,radial,MECH,LH",Bearings
"ASSY, PLATE, LH, MTG MECHANISM",SeatPlate
"Frame ASSY,Very,SEN,",FourLegBaseAssy
HAT double bench frame assy,BenchFrame
cross tube for Tibas double Linear leg,CrossBeam
"TIBAS double side end leg,Fix",Tableleg
"TIBAS double side end leg,Assy",Tableleg
Tibas linear leg,Tableleg
Base frame assy for Very sled base stool with arm,SledBaseAssy
"MetricScrew, M5x9.2,Flathead, weld",MetricScrew
"GlideFurniture,BuzziGLIDEM8x35,A-0000002290",GlideFurniture
code test,CableTray
"Seat cover,Aloha Easy fabric",SeatCover
Carton box assy,PackagingCarton
"Frame PFP,w/o arm,side",FourLegBase
"Frame PFP,w/arm,side",FourLegBase
"Frame PFP,w/tablet RH, side",FourLegBase
"Frame PFP,w/tablet LH, side",FourLegBase
"Rack,storage,fixedand, seminar,Very",SeatingBookRack
"Intuity,Pole leg,Metal tube,Part",Tableleg
"Intuity,Pole leg,Upper plate,Glide,Part",TopSupport
"Intuity,Pole leg,Main body,Assy",Tableleg
"Intuity,Pole leg set,Single side,Angled,Assy",Tableleg
HAT double bench frame assy,BenchFrame
Lumbar Pad Aloha,LumbarPad
lumbar kit Aloha,LumbarAssy
"Tibas, intermediate leg bottom tube",CrossBeam
"Tibas, intermediate leg top tube",CrossBeam
"Tibas, intermediate leg column straight",Tableleg
"Tibas, intermediate leg column with angle cut",Tableleg
"Desk Screen end rail,intuity rail,Parted",RailProfile
"Desk Screen end rail, intuity and tibas WT,Parted",RailProfile
"SFT,vertical rail,50T,S0",PartiVertRail
"SFT,50T rail assembly for segmented panel",PartFrameAssy
"SCRN HAT FRM Horizontal Tube,mid",MetalTubes
"SCRN HAT FRM Horizontal Tube,upper-TAC",MetalTubes
"SCRN HAT FRM Vertical Tube,side-TAC",MetalTubes
SCRN HAT FRM U Channel,MetalTubes
"SCRN HAT FRM Horizontal Tube,Mid,Parted",MetalTubes
"SCRN HAT FRM vertical BRKT tube,SGL",MetalTubes
"SCRN HAT FRM Vertical Tube,Mid",MetalTubes
"SCRN HAT FRM Horizontal Tube,upper-F/F",MetalTubes
"HAT FRM Vertical Tube,side-F/F",MetalTubes
Back cover for Very sled base,BackCover
Seat cover for Very sled base,SeatCover
"Sled base assy, with arm, Very",SledBaseAssy
"Frame painted,w/o arm,side, book rack",FourLegBase
"Frame painted,w/arm,side, book rack",FourLegBase
"Frame painted,w/tablet LH,side /book rack",FourLegBase
"Frame painted,w/tablet RH, side/book rack",FourLegBase
"Seat UPH pad ASSY,side,SEN, CONF",SeatCover
"Seat,fixed,4leg,very",SeatPlate
"PM,HSC,double wall,CORR 27.64x25.67x28.74,inch",PackagingCarton
HAT fixed beam,Beam
"HAT frame,REC leg assy",DeskFrame
HAT cable tray hung bracket,CableTrayHolder
HAT cable tray,CableTray
HAT cable tray assy,CableTrayAssy
HAT freestanding frame assy,DeskFrame
"SFT,50T,Upper Power rail,LowWT",RailProfile
"Seat kit ASSY,Very side",SeatAssy
"PM,Trans height carton",PackagingCarton
"SFT,vertical rail,50T,P2,Below Worktop",PartiVertRail
"Cap,LH,hard,arm",ArmCap
"SFT,50T rail assembly for Below Worktop",PartFrameAssy
Cabana Screen Bracket and cover assy,Bracket
Cabana Screen Bracket,Bracket
"Desk SCRN FRM,epure WT-For Tackable Infill",DeskScreenFrame
Cabana Screen bracket cover,Bracket
"Cap,RH,hard,arm",ArmCap
"Cap,LH,arm,seminar",ArmCap
"Desk SCRN FRM,intuity rail-For Tackable Infill",DeskScreenFrame
"Cap,RH,arm,seminar",ArmCap
"Cap ASSY,arm,side,SEN",ArmCap
"Arm tablet,VERY side chair,LH",Plywood
"Arm,tablet,casting,ASSY,LH, Very",WriteTableFrame
"Plate,SGR,ceiling,CHN86,PH",CableHolder
"Double side cable trunk cover,FIN",CableTrunkCover
"Double side cable trunk,FIN",CableTrunk
"HAT double cable trunk, Assy",CableTrunkAssy
"Cabana Screen bracket,fab",Bracket
Cabana Screen bracket cover,Bracket
"PM,box, 900*2400",PackagingCarton
"SFT, 25T, fabric core thick, level3",PartPanelCore
"Tablet ASSY,LH, side,SEN",WriteTableAssy
"Cap,arm,4-leg,tablet",ArmCap
"Bushing,cap,crush,j-tube",Bushings
"MetricScrew,M8x50,Buttonhead,Torx",MetricScrew
"Arm tablet,VERY side chair,RH",Plywood
"Arm,tablet,casting,ASSY,RH, Very",WriteTableFrame
"Tablet ASSY,RH, side,SEN",WriteTableAssy
"Glide,side,chair",GlideVisitChair
"Glide,felt,push in,zody, side",GlideVisitChair
fabric for cabana screen,Fabric
fabric for cabana back,Fabric
"EXTRN,connector,bottom,Plastic,cut",MiscConnector
"SFT, 25T fabric core, thick level2",PartPanelCore
Very Conference Stool Base Assy,StarBaseAssy
ProSAFE 5-Port Gigabit Switch GS105v5,ControlUnit
"Plastic Cover,Control  Housing,Very Conf",MechCover
"Control housing, Painted,Conf,",MechCover
"Guard,Isolator,Spring,LH",Endcap
"Guard,Rh,Inner,Mech,Pinch,,Conf",MiscMechComp
Haworth Smarty 8 Inch screen + RFID CABLE + Keynius RFID HID,ControlUnit
"Guard,Lh,Inner,Mech,Pinch,,Conf",MiscMechComp
"Bearing,Pivot,Shldr,Confd15.88Mm",Bearings
"Rocker,Pneumatic, Very conference",MiscMechComp
"Wire,Mech,Pneumaticact",TensionSpring
"Bumper,Push-In,Rubber,Conf",MiscHardware
"Bearing,Pivot,Shldr,Confd18.87Mm",Bearings
"Clip,Retain,Internal",MiscHardware
"Guard,Pinch,Control,Side,RH",MiscMechComp
"Spring,Torsioncontrol,LH",TensionSpring
"Bearing,Mech,Conf,Very",Bearings
"Lever,Pneumatic,Activation",SeatingControl
PET Tackboard for Frameless screen,ScreenInFill
"PM,single wall corrugated, FF5PF,490mmX845mm",PackagingCarton
"Linkage, Front, Very conference",MiscMechComp
"Cabana lounge sofa legs, fab",SofaLeg
"Pkg,Cabana lounge sofa legs with glide",SofaLeg
Infill for desk screen,ScreenInFill
"SCRN DESK FRM U Channel,epure WT-Tac",MetalTubes
"Assy, Plate, Rh, Mtg Mechanism",MiscMechComp
"SCRN DESK FRM Horizontal Tube,lower,epure WT-Tac",MetalTubes
"SCRN DESK FRM Horizontal Tube,upper,epure WT-Tac",MetalTubes
"HAT SCRN FRM Assy,SGL Bench-For Tackable Infill",BenchScreenFrm
"Assy, Plate, Lh, Mtg Mechanism",MiscMechComp
"Desk SCRN FRM Assy,epure WT- For Tackable Infill",DeskScreenFrame
"SFT,25T fabric core thick level1",PartPanelCore
"SCRN DESK FRM U Channel ,intuity rail-Tac",MetalTubes
"SCRN DESK FRM Horizontal Tube,upper,intuity rail-Tac",MetalTubes
Cabana lounge sofa legs,SofaLeg
"SCRN DESK FRM Vertical Tube,intuity rail-Tac",MetalTubes
"Desk SCRN FRM Assy,intuity rail-For Tackable Infill",DeskScreenFrame
"SCRN DESK FRM U Channel ,intuity and tibas WT-Tac",MetalTubes
"PM,WT cardboard,1740*1850",PackagingCarton
"PM,WT cardboard,1640*1850",PackagingCarton
"PM,WT cardboard,1540*2050",PackagingCarton
"PM,WT cardboard,1340*2250",PackagingCarton
"PM,Box",PackagingCarton
"PM,KRAFT FF5PF CARTON",PackagingCarton
"SCRN DESK FRM Horizontal Tube,lower,intuity and tibas WT-Tac",MetalTubes
"MD,corrugated filler 24 inch",CardboardInsert
"MD,WT big corner protector",EdgeProtectProf
"SCRN DESK FRM Horizontal Tube,upper,intuity and tibas WT-Tac",MetalTubes
"MD,corrugated filler 24 inch",CardboardInsert
"MD,TPE corner protector",EdgeProtectProf
"MD,Honeycomb filler 48 inch, 32 inch cookie cut",CardboardInsert
"PM,Spec ff5pf 1943,1346,1295*991*32mm",PackagingCarton
"PM,Spec ff5pf 1943.1702,1499*889*32mm",PackagingCarton
"PM,Special FF5PF, 1905x686x32mm",PackagingCarton
"MD,Tape,polyeSTer,19",Tape
"MD,ID label for china",ProductLabel
"MD,Round label,green,PET",ProductLabel
"GB846,CountersunkHead,Philips,8.40,4.2x19, 4pcs per bag",MiscFasteners
"12mm MDF LPL board, 4*8,E0, FSC",GluedLamiTimber
"9mm MDF LPL board, 4*8,E0, FSC",Particleboard
"25mm PTB LPL board, 6*8, E0, FSC",Particleboard
1270*2400 AP worktop PKG,PseudoPack
900*2400 AP worktop PKG,PseudoPack
900*1800 AP worktop PKG,PseudoPack
800*2400 AP worktop PKG,PseudoPack
800*1800 AP worktop PKG,PseudoPack
600*2400 AP worktop PKG,PseudoPack
600*1800 AP worktop PKG,PseudoPack
"Edgebanding,ABS,1mm, 35mm width",Edgebanding
"EDGEBANDING,ABS,2MMT,29MMH",Edgebanding
"SCRN DESK FRM Vertical Tube,WT-Tac",MetalTubes
"Desk SCRN FRM,intuity and tibas WT-For Tackable Infill",DeskScreenFrame
"Desk SCRN FRM Assy,intuity and tibas WT-For Tackable Infill",DeskScreenFrame
"Guard,Pinch,Control,Side,LH",MiscMechComp
"Suprt,Rod,Seat,Very conference",MiscMechComp
"Spring,Torsion,Control,RH",TensionSpring
"Guard,Isolator,Spring,RH",Endcap
Very Conference Mech Assy,MechAssy
"Cap,RH,Fixed Arm,Conf",ArmCap
"Socket,caster",MiscConnector
"Cap,LH,Fixed Arm,Conf",ArmCap
"Bracket, Arm Support,Conf",Bracket
"Frame painted,w/o arm,side",FourLegBase
"Plug Painted,Rh,Conf,",Endcap
"Plug Painted,Lh,Conf,",Endcap
"Arm Support Painted,Rh,Conf",ArmrestSupport
"Frame painted,w/arm,side",FourLegBase
"Frame painted,w/tablet LH, side",FourLegBase
"Arm support painted,LH,CONF",ArmrestSupport
"Frame painted,w/tablet RH, side",FourLegBase
"Bumper,stacking,fixed,seminar, Very",MiscMechComp
"Cover,underside frame",SeatPlate
"Wire,Fabricretainer,Seat ,431.8Mm(17.00"")",MiscHardware
"Seat Foam,Molded, Very family",Foams
"Wire,Fabricretainer,Seat,393.70Mm(15.50"")",MiscHardware
"Pad,TPU,push-on,colored",MiscMechComp
"Foam,Back, Very Family",SeatCushion
"Desk Screen end rail,epure",RailProfile
"Frame ASSY,Very,side",FourLegBaseAssy
"SCRN DESK FRM U Channel,epure,WT-F/F",MetalTubes
"SCRN DESK FRM Horizontal Tube,lower,epure WT-F/F",MetalTubes
"Desk SCRN FRM,equre WT-For Fabric",DeskScreenFrame
Very Conference Armrest Assy,ArmrestAssy
"Seat,Clip,Attachment,Very family",MiscFasteners
"Clip,Rtng,Front,Mech,Seat",SeatShell
"Seat Shell,Very Seminar/Conference",SeatShell
Very Conference & seminar Seat Assy,SeatAssy
"Gasket,1.5X1.75,020",MiscHardware
"Cover,LH, Poly Shell",MiscConnector
"Arm Upright, 1D/4D, LH, Very",ArmrestSupport
"Arm Upright, 1D/4D, RH, Very",ArmrestSupport
"Armrest, height adj, LH, excluding cap, Very",ArmrestAssy
"Armrest, height adj, RH, excluding cap, Very",ArmrestAssy
"Armrest, 4D, LH, excluding cap, Very",ArmrestAssy
"Armrest, 4D, RH, excluding cap, Very",ArmrestAssy
"Cover,RH, Poly Shell",MiscConnector
"COL31,Razor by Aolay",Fabric
"COL51,Europost by Gabriel",Fabric
"COL50,Hemp by Camira",Fabric
"COL48,Main Line Flax by Camira",Fabric
"COL05,X2 by Camira",Fabric
"Back,Shell,Very Conference, Side, Seminar",BackrestFrame
"Upright,LH",BackUpright
"Desk Screen end rail,intuity rail",RailProfile
"Upright,RH",BackUpright
Very Family Backrest Assy,BackRestAssy
"SCRN DESK FRM U Channel,intuity rail-F/F",MetalTubes
"SCRN DESK FRM Vertical Tube, mid,intuity rail-F/F",MetalTubes
"Desk SCRN FRM,intuity rail-For Fabric",DeskScreenFrame
Screen hook,ExtrudedProfile
"SCRN DESK FRM Vertical Tube, mid, WT-F/F",MetalTubes
"SCRN DESK FRM U Channel,intuity and tibas WT-F/F",MetalTubes
"SCRN DESK FRM Horizontal Tube,lower,intuity and tibas WT-F/F",MetalTubes
"SCRN DESK FRM Vertical Tube,side,WT-F/F",MetalTubes
Receiver for shelf screen,Bracket
"Desk SCRN FRM Assy,epure WT mounted- fabric",DeskScreenFrame
Epure desk screen plate,Bracket
"Desk SCRN,bracket assy,epure WT mounted",Bracket
"Desk Screen end rail, intuity and tibas WT",RailProfile
"Desk SCRN FRM Assy,intuity rail-fabric",DeskScreenFrame
Intuity hung screen bracket,Bracket
"SCRN,bracket assy,intuity and tibas",Bracket
"Desk SCRN FRM,intuity and tibas WT-For Fabric",DeskScreenFrame
"MetricScrew, GB70.3, M5x14, CountersunkHead, HexagonalSocket",MetricScrew
"Desk SCRN FRM Assy,intuity and tibas WT mounted- fabric",DeskScreenFrame
"Bolt, GB5780, M6X50, HexHead, Hexagonal",Bolt
"M8x20.00, CountersunkHead, HexagonalSocket, NA, NA/GB70.3",MetricScrew
"MetricScrew, GB70.3, M6x20, CountersunkHead, HexagonalSocket",MetricScrew
"Nut, GB13681-92, M6.5x5.5, HexagonNut",Nut
"Washer, GB93, 9.2x6x1.6",Washer
"SPRING,COMPRESSION,STEEL,PLANES,FLIPTOP",CompressSpring
"HAT SCRN FRM Assy,SGL Bench-For Fabric",BenchScreenFrm
"MetricScrew, GB70.3, M8x16, CountersunkHead, HexagonalSocket",MetricScrew
"SelfTapScrew,GB6560,M5X12,PanHead,Philips",SelfTapScrew
"SelfTapScrew, GB6561, M4X10, CountersunkHead, Philips",SelfTapScrew
"PKG for Aloha active mesh back, leather seat",PseudoPack
"PKG for Aloha Active foam back, leather seat",PseudoPack
"MetricScrew, GB77, M5X10, FlatHead, HexagonalSocket",MetricScrew
"Bolt, GB5783, M10x76, HexagonCapHead, HexagonalSocket",Bolt
"Nut, M6x13, Drive-In Nut",Nut
"WoodFurnitScrew, GB845, ST4.8x18, PanHead, Philips",WoodFurnitScrew
"Headrest cover,Aloha Easy",HeadRestCover
Ethernet Cable MM 2 m,PowerCable
Haworth Smarty 8 Inch screen + RFID CABLE + Keynius RFID Mif,ControlUnit
DOOR HINGES ON RIGHT RFID KEYNIUS SCREEN 359.4x496x19 mm.,DoorPanel
DOOR HINGES ON RIGHT RFID KEYNIUS SCREEN 359.4x496x19 mm.,HingeDoorAssy
steeplate,Bracket
"MD,Tie,wire,plastic,14.5L",Tape
"PM,Double wall CORR, HSC",PackagingCarton
"PM,Polyethylene foam bag",Foams
"PM,Polyethylene beaded foam",Foams
"PKG,X99,seminar,CHN",PseudoPack
"Logo adapter,D974685302,001",MiscSeatFramAcc
"MD,Label,product,chair, Painted,X99",ProductLabel
"Seat leather cover,X99,4 leg",SeatCover
"Extrn,connector,bottom, Plastic,seminar seat",Hooks
"Seat fabric cover,X99,4 leg",SeatCover
"Cord,D2.5,SYS58/X-99, D971401200",Yarn
"FBRC,DIR,mesh,roll,58.0 W",Fabric
"Back leather cover,X99,family",BackCover
"Back fabric cover,X99,family",BackCover
"MetricScrew, GB70.3, M5x12.0, CheeseHead, HexagonalSocket",MetricScrew
"MetricScrew, GB70.3, M6x35, CountersunkHead, HexagonalSocket",MetricScrew
"MetricScrew, GB818, M4x5.0 PanHead, Philips",WoodFurnitScrew
"AP,Epure Desk Frame double side, Assy",BenchFrame
"Rivet, GB12681, 4.8x11",Rivet
"SelfTapScrew, GB15856.2, ST3.5X16, CountersunkHead, Philips",SelfTapScrew
"SCR,GB/T845,ST4.2x9.5",WoodFurnitScrew
"SelfTapScrew,GB15856.1,ST3.5X16,PanHead,Philips",SelfTapScrew
"Spring pin,GB 879,3*10",Pins
"Nut,hex,M8,PH,GB6184zinc coated",Nut
"NUT,HEX,M5GB6170-85, zinc coated",Nut
"Nut, GB13681, M6x4, HexagonNut",Nut
"InsertNut, M8x15 , HexagonalSocket",InsertNut
"WoodFurnitScrew, GB846, ST3.5x16, CountersunkHead, Philips",WoodFurnitScrew
"MetricScrew,GB70,M8x25.0,CheeseHead,HexagonalSocket",MetricScrew
"MetricScrew,GB70,M8x275.0,CheeseHead,HexagonalSocket",MetricScrew
"MetricScrew,GB70,M8x95.0,CheeseHead,HexagonalSocket",MetricScrew
"MetricScrew,GB70,M8x20.0,CheeseHead,HexagonalSocket",MetricScrew
"WoodFurnitScrew, M8X30, CountersunkHead, HexagonalSocket",WoodFurnitScrew
"SCR,pan M6X20GB818-85, zinc coated",MetricScrew
"Washer,spring,GB/T93 5",Washer
"SCR,10-12.x/630GB845, 4.8*16, zinc coated",WoodFurnitScrew
"SCR,pan,M10X80,GB/T70 zinc",MetricScrew
"SCR,M5.5*19GB845, zinc coated",WoodFurnitScrew
"MetricScrew,GB70.3,M5x8,CountersunkHead,HexagonalSocket",MetricScrew
"Nut,hex,M5,metric,GB6170",Nut
"SCR,GB6560-86,M4x12",SelfTapScrew
"SCR,GB/T70.1,M5x10",MetricScrew
"WoodFurnitScrew, GB846, ST5.5x25, CountersunkHead, Philips",WoodFurnitScrew
"SCR,10-16X.75,HEX,PH,AB,Z,WITH WASHER",WoodFurnitScrew
"SCR,EZ60,SH,M5 screw for panel",MetricScrew
"SCR,M6x23,hex,hx,GB70, zinc coated",MetricScrew
"Nut,insert,M6*13",Nut
"SCR,M8X40,SOC",MetricScrew
"SelfTapScrew,GB15856.2,ST4.2X13,CountersunkHead,Philips",SelfTapScrew
"PKG, Very sled base stool",PseudoPack
"PM,Non-woven fabric sheet",PackingPouchBag
"PM,Non-woven fabric bag,1100X1200mm",PackingPouchBag
"PM,Polyethelyfoam,tube,10mm",Foams
"PKG,wire stacker",PseudoPack
"Back pad leather cover,HD/WR",BackCover
"Back pad fabric cover,HD/WR",BackCover
"Seat pad leather cover,HD/WR",SeatCover
"Seat pad fabric cover,HD/WR",SeatCover
"Epure, Stiffener for bench",Beam
"Epure, Stiffener for bench, assy",Beam
Double side cable tray for Epure,CableTray
Epure hung DB side hung BKT,CableTrayHolder
"Double side cable tray for Epure,assy",CableTrayAssy
"DeskTop with pre-nut, EPURE",DeskTop
"PKG,Aloha Easy guest sled chair",PseudoPack
"Nut, M10x20, Drive-In Nut",Nut
"SelfTapScrew, GB6560, M4X6, PanHead, Philips",SelfTapScrew
"GB70.2,M6*30,White Zinc",MetricScrew
"MetricScrew,GB70,M6x15.0,CheeseHead,HexagonalSocket",MetricScrew
"MetricScrew, GB70, M6x45.0, CheeseHead, HexagonalSocket",MetricScrew
"Nut, M6x11.5, HexagonNut",Nut
"SCR,GB/T70.1,M5x8",MetricScrew
"SCR,M6x14,hex,hx,ab,zGB70.3, 10.9, zinc coated",MetricScrew
"SCR,M6x12,hex,hx,ab,zGB70.3,10.9, zinc coated",MetricScrew
"MetricScrew, GB70.3, M6x10, CountersunkHead, HexagonalSocket",MetricScrew
"M6x11.00, CountersunkHead, HexagonalSocket, ZincCoated, NA/N",MetricScrew
"MetricScrew, GB819, M6x30, CountersunkHead, Philips",MetricScrew
"WoodFurnitScrew, GB846, ST4.2x19, B00003019x4pcs in one bag",WoodFurnitScrew
"SCR,#10X16MM wafer tek,XNGB15856.1, 4.8*16, zinc coatd",SelfTapScrew
Washer GB/T 97.1-1985 M6,Washer
"SCR,GB/T6561,M5x12",SelfTapScrew
"MetricScrew, GB70, M6x20.0, CheeseHead, HexagonalSocket",MetricScrew
"WoodFurnitScrew, ST4.2x30, CountersunkHead, Philips",WoodFurnitScrew
"MetricScrew,GB77,M5x6,FlatHead,HexagonalSocket",MetricScrew
"PM,EPE foot cushion",Foams
"PM,Double wall CORR-HSC, 2950mm*1392",PackagingCarton
Saddle-air paq,PackingPouchBag
"PM,Single wall CORR paper board",PackagingCarton
"PM,Pad,small,new",PackagingCarton
"PM,Polyethelyfoam,tube,21mm",Foams
"MD,Poly pad",Foams
"PKG,Aloha Easy guest 4-leg",PseudoPack
"Seat cover,fabric,Aloha Easy guest",SeatCover
"MetricScrew, GB70, M8x60.0, CheeseHead, HexagonalSocket",MetricScrew
"M4x10, PanHead, Philips, GalvanizedWhite, NA/GB6560",SelfTapScrew
"Epure Glide Support, Tech height",LegConnector
"Epure Down Guide, Tech height",LegConnector
Epure Thumb Wheel,LegConnector
"Epure Lock Finger, Tech height",LegConnector
"EpureLockSupport, Tech height",LegConnector
"Epure Support Guide, tech height",LegConnector
"Double leg connector,RD, trunk,FAB",LegConnector
"Double leg connector,RE, trunk,FAB",LegConnector
"Double leg connector,RE,screen,FAB",LegConnector
"Double leg connector,RE,trunk&screen,FAB",LegConnector
"Double leg connector,RD,screen,FAB",LegConnector
"Double leg connector,RD,trunk&screen,FAB",LegConnector
PKG HAT double connector,PseudoPack
Screw pack for HAT double connec,PackingPouchBag
"Double leg connector,SQ, trunk,FAB",LegConnector
"Double leg connector,SQ,screen,FAB",LegConnector
"Double leg connector,SQ,trunk&screen,FAB",LegConnector
"SFT,middle support bracket,for raceway",Bracket
"Bench SCRN,bracket assy, HAT Single",Bracket
HAT single SCRN BKT,Bracket
"SCR,ST4.8X13",WoodFurnitScrew
"Washer,GB93,15x10x2.5",Washer
"EPURE,bracket for Alu leg",LegConnector
Epure Foot Glide,GlideFurniture
Epure Metal Plate For Wood,TopSupport
"MetricScrew, GB70.3, M6x30, CountersunkHead, HexagonalSocket",MetricScrew
Epure Wing Screw,MetricScrew
"corner cap, screen",Endcap
"Insert,FRM,ABS",Endcap
PET Tabkable board for single bench screen,ScreenInFill
"HAT SCRN FRM,SGL Bench-For Tackable Infill",BenchScreenFrm
"HAT SCRN FRM,SGL Bench-For Fabric",BenchScreenFrm
"WoodFurnScrw, GB846, ST4.8x20, Countersunk, Philips, zinc",WoodFurnitScrew
"WoodFurnScrw, GB846, ST4.8x20, Countersunk, Philips, black",WoodFurnitScrew
"TensionSpring, 35DIA×71.33L×2",TensionSpring
"SelfTapScrew, M5x20, CountersunkHead, Torx",SelfTapScrew
"SelfTapScrew, M6X15, PanHead, Torx",SelfTapScrew
"SeatingControl, Suprt,rod,seat,very,EXP,d972317000",SeatingControl
"TensionSpring, 40DIA×36L×7.5, LH",TensionSpring
"TensionSpring, 40DIA×36L×7.5",TensionSpring
"MetricScrew, GB70.1, M10x60, CheeseHead, HexagonalSocket",MetricScrew
"SelfTapScrew, M6X12, PanHead, Torx",SelfTapScrew
"MetricScrew, M5x14.4, TrussWasherHead, Torx",MetricScrew
"MetricScrew, M6X20, PanHead, Torx",MetricScrew
"MetricScrew, M8X22.2, CheeseHead, Torx",MetricScrew
Arm Spacer Assy,MiscHardware
"SFT,50T,fabric core thick level3",PartPanelCore
"SFT,50T,fabric core thin level3",PartPanelCore
"MetricScrew, M4x18, TrussWasherHead, Torx",MetricScrew
"WoodFurnitScrew,GB845,M3.5x9.5,PanHead,Philips",WoodFurnitScrew
Rivet stainless steel 5x25mm D,Rivet
"SFT,50T,fabric core thick level2",PartPanelCore
"SFT,50T,fabric core thin level2",PartPanelCore
"MetricScrew, M4x16, PanHead, Torx",MetricScrew
"SFT,50T,fabric core thick level1",PartPanelCore
"SFT,50T,fabric core thin level1",PartPanelCore
"Washer,16x8x0.5, GB5287",Washer
Core assembly level3,PartPanelCore
Core assembly level2,PartPanelCore
Core assembly level1,PartPanelCore
"Double leg connector,RE, trunk",LegConnector
"Double leg connector,RE,screen",LegConnector
"Double leg connector,RE,trunk&screen",LegConnector
"Double leg connector,RE assy",LegConnector
"Double leg connector,RD, trunk",LegConnector
"Double leg connector,RD,screen",LegConnector
"Double leg connector,RD,trunk&screen",LegConnector
"Double leg connector,RD,assy",LegConnector
Spring washer GB/T 93 8,Washer
"JIS screw,M8*55",MetricScrew
"Double leg connector,SQ, trunk",LegConnector
"Double leg connector,SQ,screen",LegConnector
"Double leg connector,SQ,trunk&screen",LegConnector
"Double leg connector,SQ assy",LegConnector
"PM, out box 685x510x570",PackagingCarton
"PKG,Maari,Five star base chair",PseudoPack
"Bracket, Seat,4/5 Star,No Arm,FAB",SeatPlate
Adhesive CA50 GEL,Glue
"Back cover bound edge, Maari",BackCover
"Back pad fabric cover,Maari, high back",BackCover
"Seat pad leather cover,Maari, high back",SeatCover
"Double-sided adhesive tape, 1120w*75000d",Tape
"Seat pad fabric cover,Maari,high back",SeatCover
"Single leg connector,RE,  RH,W/O trunk FAB",LegConnector
"Single leg connector,RE,LH,W/ trunk FAB",LegConnector
"Single leg connector,RE,RH,W/ trunk FAB",LegConnector
Screw pack for HAT single connector,PackingPouchBag
"Single leg connector,RD,RH,W/O trunk FAB",LegConnector
"Single leg connector,RD, LH,W/ trunk FAB",LegConnector
"Single leg connector,RD,  RH,W/ trunk FAB",LegConnector
PKG HAT single connector,PseudoPack
Screw pack for HAT single connector,PackingPouchBag
"Single leg connector,SQ, RH,W/O trunk, FAB",LegConnector
"Single leg connector,SQ, LH,W/ trunk, FAB",LegConnector
"Single leg connector,SQ, RH,W/ trunk, FAB",LegConnector
"PM,PKG spec,prm trans post",PackagingCarton
"PKG, Cable tray",PseudoPack
Screw pack for Cable tray,PackingPouchBag
"HAT cable tray hung bkt,FAB",CableTrayHolder
"HAT face plate,FAB",FacePlate
"HAT cable tray, FAB",CableTray
"PKG, umbilical",PseudoPack
screw pack for Umbilical,PackingPouchBag
"Top bracket for umbilical cord, FAB",Bracket
"Bottom bracket for umbilical cord, FAB",Bracket
"PM,Prm trim carton",PackagingCarton
"PKG, HAT mid-span BKT",PseudoPack
Screw pack for HAT mid-span BKT,PackingPouchBag
"HAT mid-span bottom plate,FAB",BeamSupport
"HAT mid-span top plate,FAB",BeamSupport
"PM,Trans height carton",PackagingCarton
"Ganger, PKG",PseudoPack
Screw pack for HAT mid-span BKT 600,PackingPouchBag
"Mid-span BKT 600, FAB",BeamSupport
"MD,SELF-LOCKING BAG 7# 200*140MM 5S THICK",PackingPouchBag
HAT top flat foam cover,Foams
HAT Top foam of packing for leg,Foams
Bottom foam of packing for beam,Foams
HAT carton box,PackagingCarton
HAT packing,PseudoPack
"Foot block for Rec, FAB",DeskFoot
"Foot plate for Rec, FAB",DeskFoot
"Side bracket, FAB",TopSupport
"Beam mid, FAB",Beam
"Beam RH, FAB",Beam
"Beam LH, FAB",Beam
"HAT 3rd pitch tube,FAB",Column
"HAT 2nd pitch tube,FAB",Column
"HAT 1st pitch tube with welding BKT,FAB",Column
"HAT 1st pitch tube,FAB",Column
"HAT frame,freestanding,RD fixed",DeskFrame
"HAT frame,freestanding,RD electric.",DeskFrame
"HAT frame,freestanding,SQ hand crank",DeskFrame
"Accent plate for HAT, FAB",AccentPlate
"HAT frame,freestanding,SQ electric.",DeskFrame
"HAT frame,freestanding,SQ fixed",DeskFrame
"MD,PKG spec,hdpe bag",PackingPouchBag
"PM,double wall, DBL inter leg",PackagingCarton
"Intuity double Inter leg, PKG",PackagingCarton
Screw packing for Intuity double inter leg,PackingPouchBag
"Double INTER-leg cover, fixed,FAB",MiscTblFrameAcc
"Double intermediate leg,FAB",Tableleg
"Bracket, Seat,4/5 Star,No Arm",SeatPlate
"SIDE BKT,U SHAPE,LH",TopSupport
"SIDE,BKT,U SHAPE,RH",TopSupport
"SIDE BKT,PLATE",TopSupport
"SFT, glass board,6THK, level2",PartPanelInfill
"SFT, vertical gasket of glass ,level2",MiscConnector
"SFT, vertical gasket of glass",MiscConnector
"SFT,25T VER adapter,glass core,L3",RailProfile
"SFT, 25T, Glass core, level3",PartPanelCore
"SFT,PET board, 18T, level3",PartPanelInfill
"SFT, 25T, tackable core level3",PartPanelCore
"SFT, 25T, honeycomb for metal, level3",PartPanelInfill
"SFT, 25T,metal core level3",PartPanelCore
"SFT, board for 25T, level3,thick fabric",PartPanelInfill
"SFT, board for 25T, level3,thin fabric",PartPanelInfill
"SFT, 25T, fabric core thin, level3",PartPanelCore
"SFT, 25T, Core assembly level3",PartPanelCore
"SFT,25T HOR adapter,glass core",RailProfile
"SFT,25T VER adapter,glass core",RailProfile
"SFT, 25T, Glass core, level2",PartPanelCore
"SFT,PET board, 18T, level2",PartPanelInfill
"SFT, 25T, tackable core level2",PartPanelCore
"SFT, board for 25T, level2,thick fabric",PartPanelInfill
"SFT, board for 25T, level2,thin fabric",PartPanelInfill
"SFT, 25T, fabric core thin level2",PartPanelCore
"SFT, 25T, honeycomb for metal, level2",PartPanelInfill
"SFT, 25T, painted metal board,level2",PartPanelInfill
"SFT, 25T,metal core level2",PartPanelCore
"SFT, 25T, Core assembly level2",PartPanelCore
"SFT, board for 25T, level1,thick fabric",PartPanelInfill
"SFT, board for 25T, level1,thin fabric",PartPanelInfill
"SFT, 25T, fabric core level1",PartPanelCore
"SFT, kraft for 25T LPL core level1",PartPanelInfill
"SFT, 25T, LPL core level1",PartPanelCore
"SFT, 25T, honeycomb for metal core, level1",PartPanelInfill
"SFT, 25T, metal core level1",PartPanelCore
"WoodFurnitScrew, GB/T 846 flat head, Philips,ST3.5x25",WoodFurnitScrew
"SFT, 25T, Core assembly level1",PartPanelCore
Four legs glide,GlideVisitChair
"Sled frame,Aloha Easy guest,4 leg, fabricated",SledBase
Four leg socket,MiscChairFrame
"Caster,50mm,Very",CastorsSeating
"Pad,TPU,push-on,colored",MiscChairFrame
"Sled frame,Aloha Easy guest,4 leg, painted",SledBase
"Sled frame,Aloha Easy guest, 4 leg, assy",SledBaseAssy
"Seat/Back, Seat shell",SeatShell
"Tube,bent,SUPRY,seat,FAB, X99",BaseTube
"Single leg connector,RE,RH,W/O trunk",LegConnector
"Single leg connector,RE,LH,W/ trunk",LegConnector
"Single leg connector,RE,RH,W/ trunk",LegConnector
"HAT single connector,RE",LegConnector
"Single leg connector,RD, RH,W/O",LegConnector
"Single leg connector,RD, LH,W/ trunk",LegConnector
"Single leg connector,RD, RH,W/ trunk",LegConnector
"HAT single connector,RD",LegConnector
"Single leg connector,SQ, RH,W/O trunk",LegConnector
"Single leg connector,SQ, LH,W/ trunk",LegConnector
"Single leg connector,SQ, RH,W/ trunk",LegConnector
"HAT single connector,SQ",LegConnector
"Arm cap ASSY, Aloha Easy Guest",ArmCap
"NAx9.00, CountersunkHead, Pozidrive, GalvanizedWhite, NA/",WoodFurnitScrew
White screw-in cables guide,CableHolder
"Sled frame,Aloha Easy guest,FAB",SledBase
"LH upright,Aloha Easy Guest,FAB",BackUpright
"RH upright,Aloha Easy Guest,FAB",BackUpright
CE Sticker,ProductLabel
Be_Hold Smart assembly instructions,OpsInstrManuals
"WoodFurnitScrew, GB846,  M4.2X19, CountersunkHead, Philips",WoodFurnitScrew
"SFT,25T,Top trim",RailProfile
"SFT, 25T bottom rail",RailProfile
"SFT, 25T,bottom rail with nut",RailProfile
"SFT, 25T,intermediate rail",RailProfile
"SFT,25T,Horizontal rail",RailProfile
"SFT,25T,Vertical rail",PartiVertRail
"SFT,25T rail assembly",PartFrameAssy
"Aloha guest back,frame, without logo",BackrestFrame
Aloha Guest back strip,MiscSeatFramAcc
"LH upright,Aloha Easy Guest",BackUpright
"RH upright,Aloha Easy Guest",BackUpright
"Aloha Guest back retainer,dawn",RetainHardware
"Aloha Guest back retainer,left",RetainHardware
"Aloha Guest back retainer, top",RetainHardware
"mesh cover assy, Aloha Guest chair",BackCover
"mesh back assy, Aloha Guest chair",BackRestAssy
Out shell for Aloha Guest,SeatPlate
"Seat inner, Aloha Easy guest",SeatPlate
Seat foam for Aloha Guest,SeatCushion
"seat pan for Aloha Guest, assy",SeatAssy
"Arm cap, RH, Aloha Easy Guest",ArmCap
"Arm cap, LH, Aloha Easy Guest",ArmCap
Sled rear glide,GlideVisitChair
"Sled frame,Aloha Easy guest,painted",SledBase
"Sled frame,Aloha Easy guest, cantilever, assy",SledBaseAssy
"AP,DeskBeam",Beam
washer with clamp for mbom,RetainHardware
Openable cable tray,CableTray
"AP,EpureOpenableTray,Cover",CableTray
"AP,EpureHungTray,SingleSide,Body",CableTray
"AP,EpureHungTray,SingleSide,HolderBracket,RH",CableTrayHolder
"AP,EpureHungTray,SingleSide,HolderBracket,LH,Part",CableTrayHolder
"AP,EpureAluminumLeg,TechHeight,Extruded,Part",Tableleg
"AP,EpureAluminumLeg,TechHeight",Tableleg
"AP,EpureAluminumLeg,FixedHeight",Tableleg
"MetricScrew, GB70.3, M10x25, CountersunkHead, Hexagonal",MetricScrew
"AP,Epure WoodLeg,Fixed Height",Tableleg
"AP,DeskBeam,Assy",Beam
Hardware packing for intuity beam higher wid,PackingPouchBag
"AP,UmbilicalCord,Assy",CableChain
"AP,EprureCableTray,OpenableTray,Assy",CableTrayAssy
"AP,EprureCableTray,SingleFullTray,Assy",CableTrayAssy
"AP,EpureAluminumLeg,TechHeight,Assy",Tableleg
"SelfTapScrew, M5x17, PanHead, Torx",SelfTapScrew
"MetricScrew, M6x16, PanHead, Torx",MetricScrew
"SelfTapScrew, M6X16, CountersunkHead, TORX",SelfTapScrew
Label for in house Zody control,ProductLabel
"Tension adjust assembly,B=70D, NA",MiscMechComp
"Fixed armrest assy, LH",ArmrestAssy
"Fixed armrest assy, RH",ArmrestAssy
Fixed armrest assy,ArmrestAssy
"SFT, 6mm Glass board,L3",PartPanelInfill
"SFT,50T Ver gasket of glass,L3",MiscConnector
"SFT,50T Ver adapter,glass core,L3",RailProfile
"SFT,50T,Glass core level3",PartPanelCore
"SFT, 6mm Glass board,L2",PartPanelInfill
"SFT,50T Hor gasket of glass,L2L3",MiscConnector
"SFT,50T Ver gasket of glass,L2",MiscConnector
"SFT,50T Hor adapter,glass core,L2L3",RailProfile
"SFT,50T Ver adapter,glass core,L2",RailProfile
"SFT,50T,Glass core level2",PartPanelCore
"SFT,50T,Ver PB SPACER,L3",PartPanelInfill
"SFT,50T,Ver MDF SPACER,L3",PartPanelInfill
"SFT,8mm PET core,L3",PartPanelInfill
"SFT,50T,tackable core level3",PartPanelCore
"SFT,50T,Ver PB SPACER,L2",PartPanelInfill
"SFT,50T,Hor PB SPACER,L2L3",PartPanelInfill
"SFT,50T,Ver MDF SPACER,L2",PartPanelInfill
"SFT,50T,Hor MDF SPACER,L2L3",PartPanelInfill
"SFT,8mm PET core,L2",PartPanelInfill
"SFT,50T,tackable core level2",PartPanelCore
"SFT,50T,Spacer for thick fabric board,L3",PartPanelInfill
"SFT,50T,LPL board for thick fabric,Level3",PartPanelInfill
"SFT,50T,Spacer for thin fabric board,L3",PartPanelInfill
"SFT,50T,LPL board for thin fabric,Level3",PartPanelInfill
"SFT,50T,honeycomb for metal,level3",PartPanelInfill
"SFT,painted metal board,level3",PartPanelInfill
"SFT,50T,metal core level3",PartPanelCore
"SFT,50T,Spacer for thick fabric board,L2",PartPanelInfill
"SFT,50T,LPL board for thick fabric,Level2",PartPanelInfill
"SFT,50T,Spacer for thin fabric board,L2",PartPanelInfill
"SFT,50T,LPL board for thin fabric,Level2",PartPanelInfill
"SFT,50T,honeycomb for metal,level2",PartPanelInfill
"SFT,painted metal board,level2",PartPanelInfill
"SFT,50T,metal core level2",PartPanelCore
"AP,EpureAluminumLeg,FixedHeight,Assy",Tableleg
"SFT,50T,Spacer for thick fabric board,L1",PartPanelInfill
"SFT,50T,LPL board for thick fabric,Level1",PartPanelInfill
"SFT,50T,Spacer for thin fabric board,L1",PartPanelInfill
"SFT,50T,LPL board for thin fabric,Level1",PartPanelInfill
"SFT,50T,honeycomb for LPL,level1",PartPanelInfill
"SFT,LPL board, level1",PartPanelInfill
"AP,EpureWoodLeg,FixedHeight,Assy",Tableleg
"SFT,50T,LPL core level1",PartPanelCore
"SFT,50T,honeycomb for metal,level1",PartPanelInfill
"SFT,painted metal board,level1",PartPanelInfill
"SFT,50T,metal core level1",PartPanelCore
"Frame chrome,with arms,sled stool",SledBase
"Frame,w/o arms,sled stool",SledBase
Base frame assy for Very sled base stool without arm,SledBaseAssy
"Bumper Screw, ST10.0x9.6, CheeseHead, lower head",SelfTapScrew
"HAT,SQ,fixed frame  assy",DeskFrame
"Glide,molded,caster Front",GlideVisitChair
"Glide,molded,caster ,Back",GlideVisitChair
"Sled base frame, with arm, Very,FAB",SledBase
"Sled base frame, w/o arm, Very,FAB",SledBase
"RTNR,back,upper,W/nuts",RetainHardware
"Cable outlet, grommet, DIA60",CableOutlet
"Glide, SHIFT panel",GlideFurniture
"SFT,50T,Top trim",RailProfile
"SFT,Insert nut for btm rail",InsertNut
"SFT,50T Bottom Power rail",PartPanelRail
"SFT,50T,Bottom Power rail,Assy",PartPanelRail
"SFT,50T,Lower Power rail",RailProfile
"SFT,50T,Upper Power rail,UpWT",RailProfile
"SFT,50T,intermediate rail",RailProfile
"SFT,50T,Horizontal rail",RailProfile
"SFT,vertical rail,50T,P1",PartiVertRail
"SFT,50T rail assembly for beltline",PartFrameAssy
"Nut, M4x7.15, Push-In Nut",Nut
"Clip,ganging,wire,stacker",MiscConnector
"Glide,Bottom,Very Wire Stacker",GlideVisitChair
"Bumper Screw, ST10.0x9.6, CheeseHead, high head",SelfTapScrew
"Discspring, 19.05x12.37x0.5",DiscSpring
"Sled base frame, with arm, Very",SledBase
"Sled base frame, w/o arm, Very",SledBase
"Sled base assy, w/o arm, Very",SledBaseAssy
"Arm cap for Very sled base chair, ASSY",ArmCap
"Cap,LH,arm,Very Sled base",ArmCap
"Cap,RH,arm,Very Sled base",ArmCap
"MetricScrew, M4x6.4, TrussWasherHead, Torx",MetricScrew
"MetricScrew, M4x9.5, TrussWasherHead, Torx",MetricScrew
"Retainer, backfabric,lower",MiscHardware
"Retainer,back,fabric,upper,W/nuts,wire stacker",MiscHardware
"Wire,fabricretainer,seat,393.70mm(15.50"")",MiscHardware
"Wire,fabricretainer,seat,355.6mm(14.00"")",MiscHardware
"Tang,short,D972222100",MiscSeatFramAcc
"Arm kit,mesh,seminar,X99, Export",ArmrestAssy
"Arm kit,W/arms,X99,advance",ArmrestAssy
"EXTRN,connector,side,Plastic,sled/SEM",MiscConnector
"Stretcher,cover,plastic, Bottom",BackSupport
"M6x25.00, SocketHead, HexagonalSocket, ZincCoated, ISO4762/N",MetricScrew
"SelfTapScrew, M5x16, RoundHead, Torx",SelfTapScrew
"Foam,topper stretcher,X99",Foams
"Back,upright,Right,SEM,X99",BackUpright
"Back,upright,left,SEM,X99",BackUpright
"Back kit,mesh ,X99,GST",BackRestAssy
"Arm cap,right,X99, D972624700",Endcap
"Arm cap,left,X99, D972624600",Endcap
"Plug,right.pnt,x99,gst, for armless",Endcap
"Plug,left.pnt,x99,gst, for armless",Endcap
"Rivet,D976407100",Rivet
"Tang,long,seminar,X-99, D972221600",MiscSeatFramAcc
"SelfTapScrew, M6x16, FlatHead, Torx",SelfTapScrew
"MetricScrew, M8x50 , CheeseHead, HexagonalSocket",MetricScrew
"Rivet,pop GB12681, 4.8*11",Rivet
"Arm kit,X99,seminar,export",ArmrestAssy
"Arm kit,W/arms,X99,seminar, advance",ArmrestAssy
"SelfTapScrew, M6x36.8, RaisedCountersunkHead, HexagonalSocke",SelfTapScrew
"SelfTapScrew, M6x22, CountersunkHead, HexagonalSocket",SelfTapScrew
"Shell,Seat,SEM,X99,Export",SeatPlate
"Washer,15.70x8.10x13.00",Washer
"Nut, M6x5, HexagonNut",Nut
"Foam,seat",Foams
"Brkt,suprt,seat,RH, X99 seminar",Bracket
"Brkt,suprt,seat,LH, X99 seminar",Bracket
"Seat,kit,X99,GST,X99,GST",SeatAssy
"Foam,back,plywood",Foams
"Foam,back,outer,full UPH ,CONF/SEM,X-99",Foams
"INN,back,SHL,D973407702",BackPad
"SelfTapScrew, M5x40, FlatHead, HexagonalSocket",SelfTapScrew
"Foam,back,conference,X-99",Foams
"Back kit,UPH,X99,GST",BackRestAssy
"SelfTapScrew, M6x20, FlatHead, HexagonalSocket",SelfTapScrew
"Tube,bent,SUPRY,seat,painted, X99",BaseTube
"Spring, TRSN, .295D, top, painted",MiscMechComp
"Upright,kit,PNT,X99,GST",BackUpright
"Frame weldment, casters,X99,seminar, painted",FourLegBase
"Bushing,tube, X99",Bushings
"Cam,german,#D972742700",SeatingControl
"MetricScrew, M10x31.75, CheeseHead, HexagonalSocket",MetricScrew
"Nut, 5/16-18, Drive-In Nut",Nut
"Glide,molded,caster socket,Front",MiscConnector
"Glide,molded,caster socket,Back",MiscConnector
"Caster,X-99,D50",CastorsSeating
"Bearing,tube,insert",Bearings
"Bearing,support,spring",Bearings
"Bearing,bushing,end,isolator",Bearings
"Bearing,bushing,end,Spring,rear",Bearings
"Frame ASSY,spring,PNT,X99,GST",FourLegBaseAssy
"Foam,back,Very sled base chair",SeatCushion
"Foam,seat,sled base chair",SeatCushion
"1D Arm upright PR, ASSY, including arm cap",ArmrestAssy
"4D Arm upright PR, ASSY, including arm cap",ArmrestAssy
"Washer, GB93, 12.1x8.1x5.25",Washer
"MetricScrew, M8x55, ButtonHead, HexagonalSocket",MetricScrew
"Shell,seat/back,Very sled base chair",SeatShell
"Seat shell assembly, Very sled chair",SeatShellAssy
"Armrest support for 4D & height adj arm, PR",ArmrestSupport
"Arm Frame for 4&5 star chair,FAB",ArmrestAssy
"Five star Base, Alu,Nia, PFP",StarBase
"SelfTapScrew, M8x19, PanHead, Torx",SelfTapScrew
"ArmrestSupport, fixed, RH, with screw, Fern, FAB",ArmrestSupport
"ArmrestSupport, fixed, LH, with screw, Fern, FAB",ArmrestSupport
"ArmrestSupport, aluminum, RH, FAB",ArmrestSupport
"ArmrestSupport, aluminum, LH,FAB",ArmrestSupport
"Base, aluminum, Fern,FAB",StarBase
"Seat cover,4 star without arm",SeatPlate
"Seat cover,4 star with arm",SeatPlate
"Seat cover,5 STAR WITHOUT ARM",MechCover
Umbilical Channel 2,CableSleeveAssy
Umbilical Channel 1,CableSleeveAssy
Umbilical cord,CableSleeveAssy
HAT face plate,FacePlate
HAT cable tray hung bkt,CableTrayHolder
HAT cable tray,CableTray
"HAT cable tray,PKG",CableTrayAssy
Umbilical Channel 2,CableSleeve
HAT umbilical cord top bracket,Bracket
HAT umbilical cord bottom bracket,Bracket
Umbilical Channel 1,CableSleeve
HAT  mid span bottom plate,BeamSupport
HAT mid-span top plate,BeamSupport
"HAT mid-span BKT,PKG",BeamSupport
Middle span top plate 600,BeamSupport
"HAT mid-span BKT.600,Assy",BeamSupport
Mid-span BKT for AUS application,BeamSupport
HAT rubber pad,Spacer
Alen Key 5,MiscHardware
HAT Washer GT/T 93  6,Washer
HAT M6*10 for motor box,MetricScrew
HAT M6*16 for leg & side bkt,MetricScrew
HAT cable tie,CableTie
Power wire,PowerCable
Controller,ControlUnit
Control box,ControlUnit
Control unit assy,ControlUnit
Glide for Rec HAT,GlideFurniture
Foot block for Rec HAT,DeskFoot
Foot plate for Rec,DeskFoot
Rectangular HAT side bracket,TopSupport
Beam mid,Beam
Beam RH,Beam
Beam LH,Beam
"Beam,telescope",Beam
HAT lubricating grease,Grease
HAT self screw,WoodFurnitScrew
Washer 807 for motor,Washer
CM5*12 cup head screw,MetricScrew
M4*25  screw,MetricScrew
E shape spring,CompressSpring
Shaft spacer 902,Spacer
HAT plastic cap for Moto,MiscHardware
HAT motor,MiscCtrlUnitAcc
HAT small slider,MiscHardware
HAT big slider,MiscHardware
HAT big ring,FootRing
HAT small ring,FootRing
HAT motor bearing,Bearings
"MD, B flute + kraft paper,Roll",PackagingCarton
"Bracket for cable tray,RH-IND, FAB",CableTrayHolder
concealed cable tray body. FAB,CableTray
"Bracket for cable tray,LH-IND, FAB",CableTrayHolder
"Full cable tray Single-IND, FAB",CableTray
"PKG, Rectangular Worktop Assy",PackagingCarton
"Edgebanding, 0.8mmT, 30mm width",Edgebanding
"Single sided CROSS BEAM FOR RH A-Leg, FAB",CrossBeam
"RD, Edge banding, 30x2mm,",Edgebanding
"RD,LPL WG board 25mmT, 1840 X 2440",Particleboard
"RD,LPL PL board 25mmT, 1840 X 2440",Particleboard
"Adhesive, Jowate 280.50",Glue
Adhesive White Filled Glue 280.51,Glue
"Single sided CROSS BEAM FOR LH A-Leg, FAB",CrossBeam
"MD,Adhesive,hot, Henkel Technomelt KS 3567",Glue
"RD,TPE corner protector",EdgeProtectProf
"D tube angled cut for A leg, FAB",Tableleg
"MD,Staple 1004J",Staples
Act plate Pkg SGL ADie cut pad,PackagingCarton
"PM,5ply Corton box , 75H x 220W x 350L",PackagingCarton
"Single sided  CROSS BEAM FOR RH F-LEG, FAB",CrossBeam
"U PLATE FOR MIDSPAN BRACKET, FAB",TopSupport
"MID-SPAN BRACKET BASE PART, FAB",TopSupport
L Bracket for Intuity Beam Fab,BeamSupport
"BEAM MAIN SPINE CUT, FAB",Beam
"MD,Draw STR-fing",Yarn
"PM,Single Wall TUBE 60*30*500M",PackagingCarton
"PKG, Intuity, F-leg for Single WS, Assy",PackagingCarton
"straight D tube for A &F leg, fab",Tableleg
"Single sided  CROSS BEAM FOR LH F-LEG, FAB",CrossBeam
"PM,Saddle,interior, #1 carton diecut",PackagingCarton
"PM, Corrugated board sheet",PackagingCarton
"PM,Kraft,double wall,RSC",PackagingCarton
"PKG, Zody Task Chair Ind",PackagingCarton
"IT,Single A leg accent plate cover,RH,FAB",AccentPlate
"IT,Single A leg accent plate,RH,FAB",AccentPlate
"RM,Rectangular tube 60x30x3T6M length",MetalTubes
"RM,Rectangular tube 90x50x2T6M length",MetalTubes
"COL60,AP Leather by JMT",Leather
"COL42,Wellington Faux Leather by Culp",FauxLeather
Leather raw material phantom code,Leather
"COL69,Non-Alta,Combo by Eastern",Fabric
"COL69,Alta,Combo by Eastern",Fabric
"COL52,Synergy by Camira",Fabric
"COL49,New Aquarius by Camira",Fabric
"COL45,EVV by Woven Image",Fabric
"COL36,Era by Camira",Fabric
"COL38,Lucia II by Aolay",Fabric
"COL35,Edge by Woven Image",Fabric
"COL46,Mozart by Gabriel",Fabric
"COL41,Fighter by Gabriel",Fabric
"COL40,Non-Alta,Tellure by Aolay",Fabric
"COL40,Alta,Tellure by Aolay",Fabric
"COL39,Non-Alta,Horizon by Culp",Fabric
"COL39,Alta,Horizon by Culp",Fabric
"COL37,Non-Alta,Gauge by Aolay",Fabric
"COL37,Alta,Gauge by Aolay",Fabric
"COL44,Focus by Woven Image",Fabric
"COL34,Medley by Gabriel",Fabric
"COL33,Visa Printing by Woven Image",Fabric
"COL32,Angle Printing by Woven Image",Fabric
"COL21,Divina Melange 3 by Kvadrat",Fabric
"COL20,Hallingdal 65 by Kvadrat",Fabric
"COL19,SteelCut Trio by Kvadrat",Fabric
"COL18,Big Arrow by Camira",Fabric
"COL17,Atlas by Kvadrat",Fabric
"COL16,Remix by Kvadrat",Fabric
"COL15,Relate by Kvadrat",Fabric
"COL14,Diagonale by Camira",Fabric
"COL11,Oceanic by Camira",Fabric
"COL10,Blazer by Camira",Fabric
"COL04,Atlantic by Gabriel",Fabric
Fabric raw material phantom code,Fabric
"MD,Thread,nylon,black",Yarn
"Rope,jacket retainer,Zody",Yarn
front frame,BackrestFrame
Back frame,BackrestFrame
"SGCC,T=0.7mm,931mm*2071.5mm",MetalSheets
"SGCC,T=0.7mm,1720mm*2131mm",MetalSheets
"Tibas SG intermedia leg cover, RH,FAB",MiscTblFrameAcc
"Tibas SG intermedia leg cover, LH,FAB",MiscTblFrameAcc
"Tibas, intermediate leg, single side,FAB",Tableleg
"PM,Double wall CORR,RSC, 1581x692",PackagingCarton
"Pkg, double side cable tray BKT",PseudoPack
Screw packing for tibas double side cable tray,PackingPouchBag
"TIBAS double side cable tray hung BKT,FAB",CableTrayHolder
"TIBAS double side cable tray hung BKT,PKG",CableTrayHolder
"PM,Kraft single wall, 526x40.5x38",PackagingCarton
"PM,Kraft single wall, 1143x862",PackagingCarton
"PM,Double wall CORR,RSC",PackagingCarton
Screw packing for Tibas single side cable tray hung BKT,PackingPouchBag
"Tibas single side cable tray bracket, RH, FAB",CableTrayHolder
"Tibas single side cable tray bracket, LH, FAB",CableTrayHolder
TIBAS single side cable tray hung BKT,CableTrayHolder
PKG SG cable tray hung BKT,PseudoPack
"PKG, Tibas single side cable tray",PseudoPack
"TIBAS single side cable tray,FAB",CableTray
Pkg end bracket,PseudoPack
Screw packing for Tibas End Bracket,PackingPouchBag
"Tibas, Leg End Bracket,FAB",TopSupport
"PM,PKG SPEC,PRM",PackagingCarton
"PKG, Main-span",PseudoPack
Hardware packing for Tibas main beam,PackingPouchBag
"Tibas beam Bottom plate,FAB",BeamSupport
"Flat Plate For Mid-Span Bracket,FAB",BeamSupport
"Tibas MID-SPAN BRACKET BASE PART,FAB",TopSupport
"PM, single wall corr, for beam",PackagingCarton
PKG for Tibas main beam,PseudoPack
"Tibas, Main Beam,FAB",Beam
"PM,Single Wall TUBE 60*30*650MM",PackagingCarton
"PM,Single Wall TUBE 60*30*500MM",PackagingCarton
"PKG,Tibas single side end leg",PseudoPack
"Tibas,Linear-Leg,Single side,Fix,FAB",Tableleg
"PM, single wall FF5PF, for cable tray 1800W",PackagingCarton
"PM, single wall FF5PF, for cable tray 1600W",PackagingCarton
"PM, single wall FF5PF, for cable tray 1500W",PackagingCarton
"PM, single wall FF5PF, for cable tray 1200W",PackagingCarton
"Pkg, double side cable tray",PseudoPack
"TIBAS double side cable tray,FAB",CableTray
"PM,PKG spec,rs5pf,643x2070",PackagingCarton
"PM,PKG,SPEC,RS5PF,1805x663",PackagingCarton
HAT mechanical structure,MiscCtrlUnitAcc
"PM,BOX, single wall corr, FF5PF",PackagingCarton
"PM,PKG spec,rs5pf,1252x644",PackagingCarton
"PM,Prm trim carton",PackagingCarton
"PKG,XN desk beam/stiffener",PseudoPack
Screw packing for worktop desk beam,PackingPouchBag
"Desk beam/ work top stiffener,FAB",Beam
GB/T 2672  Hexagon lobularFlower shape head screws M8*30-8pc,MiscFasteners
"3x screw, 2x spring washer and 1x flush washer",MiscFasteners
Screw with spring washer,MiscFasteners
"AP worktop cable tray  body,FAB",CableTray
"Intuity, A-leg for Single WS, Share, PC, FAB",Tableleg
"Single side,Hung tray,RH,FAB",CableTrayHolder
"Single side,Hung tray,LH,FAB",CableTrayHolder
"Intuity,Cable tray,Full length,Single side,Part,FAB",CableTray
"PKG,bench rail,single side",PseudoPack
Screw packing for single rail,PackingPouchBag
"RH Uni-ceiling rail Single side,FAB",RailProfile
"LH Uni-ceiling rail Single side,FAB",RailProfile
"End cap,single side,LH, FAB",Endcap
"Cover for end cap, sigle side,FAB",Endcap
"End cap,single side,RH, FAB",Endcap
"Universal-NON ceiling rail Single side,FAB",RailProfile
"A-leg Plate or cover, PKG",PseudoPack
"IT,Single A leg accent plate cover,LH,FAB",AccentPlate
"IT,Single A leg accent plate,LH,FAB",AccentPlate
"Intuity single side A leg, RH,FAB",Tableleg
"Steel A-leg R&L,END, PKG",PseudoPack
"Intuity, A-leg for single WS, LH,FAB",Tableleg
"PM,PKG spec,rs5pf",PackagingCarton
"PM,Single Wall CORR FF5PF",PackagingCarton
Single side F-leg Plate or cover PKG,PseudoPack
Hardware packing for single leg accent plate,PackingPouchBag
"IT,Single f leg accent plate cover,FAB",AccentPlate
"IT,Single F leg accent plate,FAB",AccentPlate
"Intuity,F-leg,Single side,Fixed height,RH,Assy,FAB",Tableleg
"Steel F-leg R&L, end,PKG",PseudoPack
"IT,F-LEG,Single side,LH,Fixed, FAB",Tableleg
"PM,Single wall CORR FF5PF for 1940x1420",PackagingCarton
"PM,Single wall CORR FF5PF for 1800",PackagingCarton
"PM,Single wall CORR FF5PF for 1600",PackagingCarton
"PM,Single wall CORR FF5PF for 1400 to 1600",PackagingCarton
"PM,Single wall CORR FF5PF for 1200 to 1600",PackagingCarton
"PKG,bench rail,double side",PseudoPack
"Bench rail,Double side,Ceiling,Part,FAB",RailProfile
Screw packing for double bench rail,PackingPouchBag
"End cap,Rail,Double side,Part,FAB",Endcap
"End cover,Rail,Double side,Part,FAB",Endcap
"Universal rail,double side,FAB",RailProfile
Screw packing for double cable tray,PackingPouchBag
"Dob side cable tray,Non-cutout for Non-rail,FAB",CableTray
"Dob side cable tray,Non-cutout for rail,FAB",CableTray
"Dob side cable tray bracket, for non-rail,FAB",CableHolder
"Dob side cable tray bracket, for rail,FAB",CableHolder
"PM,PKG spec,rs5pf for 1600",PackagingCarton
"PM,PKG spec,rs5pf for 1400",PackagingCarton
"PM,PKG spec,rs5pf for 1200",PackagingCarton
"A-leg Plate or cover,PKG",PseudoPack
"IT,Double A leg accent plate cover,FAB",AccentPlate
"Accent plate,Angled,Double side,Part,FAB",AccentPlate
Steel A-leg end PKG,PseudoPack
"Intuity, Angled extension tube for tech height,FAB",Tableleg
"Intuity double side A leg,FAB",Tableleg
"PM,Single wall CORR FF5PF for 1200 to 1400",PackagingCarton
"PM,PKG spec,rs5pf for 1600",PackagingCarton
"PM,Single wall CORR FF5PF for 1200",PackagingCarton
"PM,PKG spec,rs5pf,1300x390x100",PackagingCarton
"PM,EPS molded endcap",Foams
"F-leg Plate or cover,PKG",PseudoPack
Hardware packing for double leg accent plate,PackingPouchBag
"IT,Double F leg accent plate cover,FAB",AccentPlate
"IT,Double F leg accent plate,FAB",AccentPlate
"LCL end leg bracket, PKG",PseudoPack
Screw packing for END BRACKET,PackingPouchBag
"Intuity, Top support, FAB",TopSupport
"PM,EPE,end cap,140x105x 120mm",PackagingCarton
"Intuity TopSupport,mid-span,FAB",TopSupport
"Intuity Beam,main beam,FAB",Beam
"PM,Single wall CORR, straight leg",PackagingCarton
"Steel F-leg end, PKG",PseudoPack
"Intuity, Straight extension tube for tech height,FAB",Tableleg
"Intuity,Frame leg,Double side,Fixed height,Assy,FAB",Tableleg
"PM,Single wall CORR FF5PF",PackagingCarton
"PM,Single wall CORR FF5PF",PackagingCarton
Fliptop PKG,PseudoPack
Hardware packing for filptop,PackingPouchBag
"Cable outlet, center, Alu edge",CableOutlet
"Cable outlet, center,Alu flip top, FAB Test",CableOutlet
HAT motor spacer,Spacer
"HAT 3rd pitch tube,FIN",Column
"HAT 2nd pitch tube,FIN",Column
HAT rec leg mount,TableConnector
"HAT 1st pitch tube,FIN",Column
"Column,RE,eletric",Column
"HAT frame,REC leg assy",DeskFrame
"SCR,M6x12,desk, GB77, zinc coated",MetricScrew
"MetricScrew, GB70.3, M6x25, CountersunkHead, HexagonalSocket",MetricScrew
"HAT,Freestanding,RD,fixed assy",DeskFrame
"HAT,Freestanding,RD,electric assy",DeskFrame
"HAT,SQ,handcrank assy",DeskFrame
Accent plate for HAT,AccentPlate
"HAT,SQ,eletric frame  assy",DeskFrame
HAT freestanding frame assy,DeskFrame
"SelfTapScrew, M4x9, TrussWasherHead, Torx",SelfTapScrew
"Intuity double side Intermediate leg,India",Tableleg
"SelfTapScrew, M4x16, CountersunkHead, Torx",SelfTapScrew
"SelfTapScrew, M7.2X19.5, CheeseHead, Torx",SelfTapScrew
"Housing 50x30,",Housing
"SelfTapScrew, M6x15.7, RaisedCountersunkHead, Philips",SelfTapScrew
"SelfTapScrew, M5X13, PanHead, Torx",SelfTapScrew
"PM,Double wall CORR-HSC, 2810*1625",PackagingCarton
"Double INTER-leg cover, fixed,FIN",MiscTblFrameAcc
"SCR,M3.5-1.6-18.2,RNDWHS,head,TX,Z",SelfTapScrew
"Fern stool chair, PKG",PseudoPack
Double Leg Small tube Bottom Column,Tableleg
"PM,HSC, 710*780*733",PackagingCarton
Double Inter leg Vertical column,Tableleg
Double inter Leg Top column,Tableleg
"Double intermediate leg,FIN",Tableleg
Intuity double side intermediate leg-Sh,Tableleg
"PM,Tray,double wall,CORR",PackagingCarton
"SelfTapScrew, ST4.1x10, PanHead, Torx",SelfTapScrew
"PM,HSC,double wall, corrugugated carton",PackagingCarton
"PKG, Fern task with headrest",PseudoPack
"CLIP,12MM,DRAWSTRING,EXPORT",Staples
"SLIPEASE,seat Mezzanine  PAD,f",SeatCover
Fern seat leather cover,SeatCover
Fern seat fabric cover,SeatCover
"Hang tag, fern chair chinese regional use",ProductLabel
"Ring, steel, proj 451",Staples
"MD,Staple",Staples
Fern headrest mesh cover,HeadRestCover
"Cover,headrest,support",MiscHeadrestCom
"Extrusion,fbrc,retainer,fern, export",RetainHardware
"Fabric,roll,fern mesh",Fabric
Fern mesh back cover,BackCover
"MetricScrew, M8x50, PanHead, Torx",MetricScrew
"ST4.2x9.50, PanHead, Philips, ZincCoated, NA/GB845",WoodFurnitScrew
"Plug,KD,Very task",RetainHardware
"PKG,Very task CKD",PseudoPack
Very task leather seat cover,SeatCover
Very task fabric seat cover,SeatCover
"Pad,back,jacket,Very task",BackPad
"Extrusion,UPH back,leather",MiscChairFrame
Very task leather jacket,BackCover
"Retainer,UPH back,top plastic",RetainHardware
"Extrusion,UPH back,fabric",MiscChairFrame
Very task fabric jacket,BackCover
Upholstery back very task,BackRestAssy
"MD,Polypropylene tape",Tape
"MD,Bag,poly -6""x10""x3 MIL",PackingPouchBag
"MD,Label,info,chair,UL/CAS",ProductLabel
"PM, out box",PackagingCarton
"PM,Expanded PE/PS inter- polymer foam pad",Foams
"PM, corru board",PackagingCarton
"PKG,Soji task",PseudoPack
"Hang tag, projec 545",ProductLabel
"MD,staple,black, 1008J",Staples
"Seat bottom cover fabric, black",SeatCover
"Seat bottom cover Non-woven fleece, Soji",SeatCover
Soji seat cover for Leather,SeatCover
Soji seat fabric cover,SeatCover
knit back cover Code THCH,BackCover
Top/side  gasket,BackCover
Soji mesh back cover,BackCover
Installation guide label HANG TAG,ProductLabel
"Spline, MDF screen",MiscConnector
Stopper of Mech,MiscMechComp
Indicator label,ProductLabel
"SPCC,T=0.7mm,1250mm*1570mm",MetalSheets
"SPCC,T=0.7mm,1250mm*2500mm",MetalSheets
"SPHC,T=5mm,700mm*950mm",MetalSheets
Seat Foam standard,SeatCushion
"PM, Corrugated board sheet",PackagingCarton
"PM,Kraft,double wall,RSC 778x735x571.5",PackagingCarton
"PM,FPF - xone china",PackagingCarton
"PM,Kraft,D/C18.5x1732C pad",PackagingCarton
"PM, Aloha CKD out box",PackagingCarton
"PKG for Aloha active mesh back, fabric seat",PseudoPack
"PM,Bag,non-woven fabric 600x1000mm",PackingPouchBag
"SelfTapScrew, M6X16, PanHead, HexagonalSocket",SelfTapScrew
"PKG for Aloha Active foam back, fabric seat",PseudoPack
"Seat leather cover,Aloha active",SeatCover
"Seat fabric vinyl cover,Aloha active",SeatCover
"Seat fabric cover, foam back, Aloha active",SeatCover
"Mesh,Aloha active",Fabric
Aloha Active mesh back cover,BackCover
"PM, Plastic bag",PackingPouchBag
"PM,RSC,double wall corr",PackagingCarton
"PM,double wall",PackagingCarton
"PM,single wall corrner",PackagingCarton
PKG for Aloha Easy Lite,PseudoPack
"PM, out box",PackagingCarton
"PM,Die_cut,pad,single wall CORR",PackagingCarton
PKG for Aloha Easy foam back,PseudoPack
"PM,Kraft single wall CORR scored sheet",PackagingCarton
"PM,RSC,double wall corr",PackagingCarton
PKG for Aloha Easy mesh back,PseudoPack
"Seat cover,Aloha Easy",SeatCover
Acrylic cotton silk fiberW1500mm T5mm L1000,Fabric
Acrylic cotton fiber,BackCover
"Fabric,slipease,for aloha foam back",BackCover
Aloha Foam back cover fabric,BackCover
"Retainer, mesh,fabric",BackrestFrame
"Mesh fabric NON suspension, cutting",Fabric
Aloha Easy mesh back cover,BackCover
"PM,Box,corrugated, 3Lx1.6875Wx19.3125D",PackagingCarton
"PKG, Nia stool",PackagingCarton
"Endcap, Very task, no arm option, RH, FAB",Endcap
"Endcap, Very task, no arm option, LH, FAB",Endcap
"PM, PE bag",PackingPouchBag
"PM, out box",PackagingCarton
"PM, corru board",PackagingCarton
"MD,Bag,bubble,PKG",PackingPouchBag
"PM,single all corr",PackagingCarton
"TIE, CABLE",CableTie
"PM, PE bag",PackingPouchBag
"PKG,Nia CKD packaging",PseudoPack
"Glue, Novattane 2100, 21007S",Glue
"SLIPEASE,seat Mezzanine  PAD,f",SeatCover
Cushion Haworth logo,ProductLabel
Nia Seat fabric cover,SeatCover
Nia Back fabric cover mid,BackCover
"Armrest support fixed, FAB, RH, very",ArmrestSupport
"Armrest support fixed, FAB, LH, very",ArmrestSupport
"SLIPEASE,back Mezzanine PAD",BackCover
"Zipper, 190mm, YKK",Tape
Strip backrest w/o incision,Hooks
Strip backrest,Hooks
Nia high back fabric cover,BackCover
"Intuity, Top support, Shared, PC,FAB",TopSupport
"Upright,ctrl,asm,RH, Very, FAB",BackUpright
"Upright,ctrl,asm,LH, Very, FAB",BackUpright
"PM,EPE pad",Foams
"PM,Carton,#1,CORR,HSC, Recyle 28.125X26.125X35.500",PackagingCarton
"PKG,zody stool",PseudoPack
"Five star base, Aluminium,FAB",StarBase
"PM,Bag,non-woven fabric 1100x800mm",PackingPouchBag
"PM, Cardboard",PackagingCarton
"PM,Bag,poly,seating,PKG",PackingPouchBag
"Tie,wire,plastic,23.6_in long",CableTie
"PM,Tray,for chair,PKG",PackagingCarton
"MD,Bag,102x203x0.5,LD PE",PackingPouchBag
"PKG,Zody task chair",PseudoPack
Metal board 410X326X2mm,MetalSheets
"AP metal plate,punching",SeatPlate
"AP metal plate, for Zody, welding",SeatPlate
"Lubricant,stick",Grease
"MD,STAPLE,CHISEL PT,RESIN",Staples
"Fabric,slipease,roll",Fabric
seat plate leather cover,SeatCover
seat plate fabric cover,SeatCover
"Tape,backing",Tape
Zody leather Jacket,BackCover
"Zody back,cutting foam",Foams
"Velcro,nylon,hook & loopbacked with adhensive",Tape
Zody fabric Jacket,BackCover
Upholstery back Zody,BackRestAssy
"PM,CARTON BOX 5PLY 960L X 735W X 300H",PackagingCarton
"PM,CARTON BOX 5PLY1160L X 735W X 300H",PackagingCarton
"Holder,Coat Hanger,FAB",CoatHanger
"Coat Hanger,Hook,FAB",CoatHanger
"AL flip,sing OTB RM 3700",ExtrudedProfile
"PM,CARTON BOX 5PLY480L X 720W X 270H",PackagingCarton
"PM,CARTON BOX 5PLY580L X 720W X 270H",PackagingCarton
"Intuity Beam,120 deg return beam,FAB",Beam
"PKG,Intuity beam,spine",PseudoPack
Hardware packing for intuity beam,PackingPouchBag
"Intuity Beam,90 deg return beam,FAB",Beam
"NAx20.00, PanHead, Philips, GalvanizedWhite, NA/NA",WoodFurnitScrew
"Mid-span bracket Tibas, fab",TopSupport
"RM, D tube 50x30x2T6M length",MetalTubes
"MD, EPE film w=1200 T=3mm",FoamFilm
"Plug, Upright, RH, Metal,FAB",Endcap
"Plug, Upright, LH, Metal,FAB",Endcap
HEX Weld NutsM6 GB/T 13681,Nut
CROSS BEAM ADAPTOR FOR SHARED A-LEG SGL SIDE,CrossBeam
"Cross beam for shared A-leg SGL side,600MMD",CrossBeam
Adaptor side RH cover of mech,BackSupport
"Support, Arm, Fixed, LH, metal,FAB",ArmrestSupport
"Support, Arm, Fixed, Metal, RH,FAB",ArmrestSupport
"SPCC,T=0.8mm,1250mm*2500mm",MetalSheets
"RM,Rectangular tube 60x30x2T6M length",MetalTubes
"AP Worktop, Column, Assy,FAB",Column
"ArmrestSupport,arm, lower, RH,FAB",ArmrestSupport
"ArmrestSupport,arm, lower, LH,FAB",ArmrestSupport
"Label,Product,Chair,Logo, Polished",ProductLabel
"AP Worktop, foot, on glides, 483mm,FAB",DeskFoot
"AP Worktop, foot, on glides, 330mm,FAB",DeskFoot
"Upright,Ctrl,Assy,RH, Zody,FAB",BackUpright
"Upright,Ctrl,Assy,LH, Zody,FAB",BackUpright
"GasSpring, Marri, 5 Star",GasSpring
"Star base assy, Maari",StarBaseAssy
"MetricScrew, M5x10, TrussHead, HexagonalSocket",MetricScrew
"Seat cover, 5 star with arm",MechCover
"Spring, Handle",CompressSpring
Foam For Sleeve GasSpring,Foams
"Nut, M8x8, HexagonNut",Nut
"MetricScrew, M8x30, FlatHead, HexagonalSocket",MetricScrew
"SelfTapScrew, M4x15, TrussHead, HexagonalSocket",SelfTapScrew
"Handle,assembly",SeatingControl
Blocking Fixing For 4/5 Star,SeatingControl
"Seat assy, Maari five star base chair",SeatAssy
"M4x11, TrussWasherHead, Torx, ElectrophoresisBlack, NA/NA",SelfTapScrew
"Arm, Cap, Rh, for Side Chair, Maari",ArmCap
"Arm, Cap, Lh, for Side Chair, Maari",ArmCap
"Arm Cap, Pair, for side Chair, Maari",ArmCap
Arm Frame for 4&5 star chair,ArmrestAssy
"armrest assy, Maari, star base chair",ArmrestAssy
"Foam, molded, upholstery",SeatCushion
"Shell, Uphostery, Back",BackPad
"back upholstery, foam with back pad",SeatCushion
"Washer, 14.23x6.4x2.38",Washer
"MetricScrew, M5x16, PanHead, Torx",MetricScrew
Maari seat pad foam with plate,SeatCushion
"MetricScrew, M6x13.5, RoundHead, HexagonalSocket",MetricScrew
"SEAT,SHELL,TALL,AS MOLDED,PROJ 530",SeatShell
Maari standard back shell assy,SeatShellAssy
"Upright, control, pair, Very, plastic",BackUpright
concealed cable tray body,CableTray
concealed cable tray assy-Ind,CableTrayAssy
Single side Cable Tray Assy-Ind,CableTrayAssy
"Nut,hex,M5,metric,GB6170",Nut
"Bracket for cable tray,RH-IND",CableTrayHolder
"Bracket for cable tray,LH-IND",CableTrayHolder
"Full hung tray, IND",CableTray
single side cable tray assy-AP-IND,CableTrayAssy
"M6x20.00, CheeseHead, HexagonalSocket, ZincCoated, NA/GB70",MetricScrew
Washer GB/T 97.1-1985 M6,Washer
"SCR,GB/T818,M5x10",MetricScrew
Seat assy for Aloha Active mesh back chair,SeatAssy
"MetricScrew, M6x18, PanHead, Torx",MetricScrew
"Cable outlet, HPL  flip top body",CableOutlet
"Metric Screw, GB846, CountersunkHead, Philips, ST2.9x19",MetricScrew
"Metric Screw, GB845-85, PanHead, Philips, ST4.2X16",MetricScrew
TIBAS double side cable trayhung BKT,CableTrayHolder
"TIBAS double side cable tray,FIN",CableTray
TIBAS double side cable tray assy,CableTrayAssy
"Spring, torsion, activation levers",TensionSpring
"Clip, 11.38x0.64",MiscFasteners
"M8x32, PanHead, Torx, ElectrophoresisBlack, NA/NA",SelfTapScrew
"M5x10, PanHead, Torx, ElectrophoresisBlack, NA/NA",SelfTapScrew
"Washer, 28x10.15x1",Washer
"Washer, 10.4x4.5x1.5",Washer
"M5x10, TrussWasherHead, Torx, ZincCoated, NA/NA",SelfTapScrew
"Rivet, GB12617, 1/8x .251/.312",Rivet
"Fastener, X-mas",MiscFasteners
"M3x10.00, CheeseHead, HexagonalSocket, NA, NA/NA",MetricScrew
"S-CLIP, TINNERMAN, PROJ 451",Clamps
Star Base Assy Stool Nia,StarBaseAssy
"M6x10.00, CheeseHead, HexagonalSocket, Oxidised, NA/GB70.1",MetricScrew
"MetricScrew, GB70.1, M8x16, CheeseHead, HexagonalSocket",MetricScrew
"MetricScrew, GB70.1, M6x20, CheeseHead, HexagonalSocket",MetricScrew
Knob clip Ø6x10 (FKC004),MiscHardware
"MetricScrew, M6x8, TrussWasherHead, Torx",MetricScrew
"SelfTapScrew, M6x16, PanHead, Torx",SelfTapScrew
"SelfTapScrew, M6x25, PanHead, Torx",SelfTapScrew
"SCR,pan,PH,zinc,M6x25mm",MetricScrew
"InsertNut,M6X11.5, PushIn, zinc",InsertNut
"InsertNut,M6X11.5, PushIn, black",InsertNut
"SelfTapScrew, M6x24, TrussWasherHead, Torx",SelfTapScrew
"SelfTapScrew, ST6.2x38, CheeseHead, Torx",SelfTapScrew
"MetricScrew, M8x90, PanHead, Torx",MetricScrew
"MetricScrew, GB70, M8X45, CheeseHead, HexagonalSocket",MetricScrew
"MetricScrew, GB2672, M8x27, PanHead, Torx",MetricScrew
"Washer, 25x11x1.83",Washer
"MetricScrew, GB2672, M8x35, PanHead, Torx",MetricScrew
"Washer, GB93, 12x8x2, Black",Washer
"MetricScrew, GB2672,  M8x30, PanHead, Torx",MetricScrew
"SelfTapScrew, M3.5x10, CountersunkHead, Torx",SelfTapScrew
"WoodFurnitScrew, GB845, ST4.8x19.0, PanHead, Philips",WoodFurnitScrew
"M6x35.00, TrussWasherHead, Torx, GalvanizedBlack, NA/NA",MetricScrew
MetricScrew M5*10mm Hexagonal,MetricScrew
"Scew, half round head,M6x60, 10.9, TX, zinc plated",MetricScrew
Soji Plywood Arm Spacer RH,MiscHardware
Soji Plywood Arm Spacer LH,MiscHardware
"MetricScrew, PanHead, 5/16x25, Torx",MetricScrew
MetricScrew M8*28 HexagonalSocket,MetricScrew
Nut M8*7 GasketNut,Nut
"SelfTapScrew,ST5.0x12, TrussWasherHead, Torx",SelfTapScrew
Soji Bsck Metal Plate,BackSupport
"PM,Sheet,CORR",PackagingCarton
"PM,Box,CORR,INST KIT-P+D_WS",PackagingCarton
"PKG,round table column, ASSY,670mm",PseudoPack
Screw packing for HPL round table base,PackingPouchBag
"PM,FF5pf-24"" premise",PackagingCarton
"MD,Bubble bag",PackingPouchBag
PKG single Intermedia leg cover for 750mm,PackagingCarton
"PM,PKG-FF5PF,recycled CORR,12x3.5x27.5",PackagingCarton
PKG single Intermedia leg cover for 700mm,PackagingCarton
Screw packing for Tibas intermediate leg cover,PackingPouchBag
"SGCC,T=0.7mm,1250mm*2500mm",MetalSheets
"PM, single wall corr, for leg",PackagingCarton
"PM, single wall corr, for leg",PackagingCarton
"PM, single wall corr, for intermedia leg",PackagingCarton
PKG Single intermedia leg,PackagingCarton
Screw packing for Tibas intermediate leg,PackingPouchBag
"M6x20, PanHead, Philips, ZincCoated, NA/NA",SelfTapScrew
"Metric Screw,GB77,FlatHead,Hexagonal,M6X8",MetricScrew
"WoodFurnitScrew,ANSI/ASME B 18.6.1-1981 (R2016) Type II Slot",WoodFurnitScrew
"Metric Screw, GB819, CountersunkHead, Philips, M4X10",MetricScrew
"WoodFurnitScrew, GB846, ST6.3x38, CountersunkHead, Philips",WoodFurnitScrew
"SCR,M6x6,pan,hex,PH,a,bGB70.2, 10.9, zinc coated",MetricScrew
"M6x20.00, CountersunkHead, Hexagonal, ZincCoated, NA/GB70.3",MetricScrew
"GB70.3,M6*40, White Zinc",MetricScrew
"WoodFurnitScrew,GB846,CountersunkHead,Philips,8.40,4.2x19",WoodFurnitScrew
"MetricScrew, GB70, M6X70, CheeseHead, HexagonalSocket",MetricScrew
"Washer, GB97, 12.5x6.6x1.5",Washer
"MetricScrew, GB70, M6X65, CheeseHead, HexagonalSocket",MetricScrew
"MD, E flute + kraft paper,Roll",PackagingCarton
Screw packing for intuity single side full length cable tray,PackingPouchBag
"SPCC,T=1.5mm,1250mm*2500mm",MetalSheets
"SPCC,T=1.0mm,1250mmx2500mm",MetalSheets
"PM,Small box,200x200x200 ,china",PackagingCarton
"MD,Sheeting,foam",FoamFilm
"Shared A leg end bracket, PKG",PseudoPack
Screw packing for share bracket,PackingPouchBag
"PM,Single wall CORR, straight leg",PackagingCarton
"PM,Single wall CORR, angle leg",PackagingCarton
"Steel A-leg shared,PKG",PseudoPack
"Wood & Furniture Screw,GB845,PanHead,Philips,9.50,ST4.8X19",WoodFurnitScrew
"Metric Screw,GB70,CountersunkHead,Hexagonal,1.00x12, M6X16",MetricScrew
"Metric Screw,GB70.2, BottomHead,Hexagonal, M6X10",MetricScrew
QA approved label,PackagingLabel
"PM,Kraft ff5pf 32c,2149x146x250",PackagingCarton
"PM,Kraft ff5pf 32c,1849x146x250",PackagingCarton
"PM,Kraft ff5pf 32c,1560x146x250",PackagingCarton
"PM,Kraft ff5pf 32c,1449x146x250",PackagingCarton
"PM,Kraft ff5pf 32c,1060x146x250",PackagingCarton
"PM,Kraft ff5pf 32c,733x146x250",PackagingCarton
"PM,EPE foam, end cap",Foams
"MD,PKG spec,polyethy",StretchWrapFilm
"PKG,AP worktop cable tray",PseudoPack
Screw packing for worktop cable tray,PackingPouchBag
Powdercoat AP,PowderCoat
"SPCC,T=1.2mm,1250mm*2500mm",MetalSheets
"NAx13.50, PanHead, Philips, ZincCoated, NA/GB845",WoodFurnitScrew
"Cable outlet, LPL  flip top body",CableOutlet
"Cable outlet, LPL flip top, Assy",CableOutlet
Brush for LPL flip top,Brush
"MiscHardware, Tie plate",MiscHardware
"Hinge, 180D, SW: A53610301",Hinge
"Cable outlet, HPL flip top, Assy",CableOutlet
"Intuity Beam,120 deg return beam,tube,B/R",Beam
"Intuity Beam,120 deg return beam,FIN",Beam
"Intuity Beam,120 deg return beam,ASSY",Beam
Desk beam/ work top stiffener,Beam
Desk beam Stiffener,Beam
"Intuity Beam,90 deg return beam,tube,B/R",Beam
"Intuity Beam,90 deg return beam,FIN",Beam
"Intuity Beam,90 deg return beam,ASSY",Beam
"Intuity Beam,Assy",Beam
"Cylinder,ASSY,pneumatic,stool,soji",BaseTube
"Aloha easy seating pan assy,uph version",SeatCushion
"Housing, stool high cylinder",BaseTube
"Sleeve,locking,footrest",Sleeve
"Collar,split,footrest,RH",ShaftCollar
"Collar,split,footrest,LH",ShaftCollar
AP worktop cable tray body,CableTray
"AP Worktop, MountingKits",MountingKits
"AP Worktop, Foot, on glides, 483mm",DeskFoot
"AP Worktop, Foot, on glides, 330mm",DeskFoot
"AP Worktop, Top Support",TopSupport
"AP Worktop, Base Tube",BaseTube
"AP Worktop, Column, Assy",Column
"Tibas plug, 30*60",Endcap
"Tibas SG intermedia leg cover, RH",MiscTblFrameAcc
"Tibas SG intermedia leg cover, LH",MiscTblFrameAcc
"Tibas, intermediate leg, cover assy",MiscTblFrameAcc
"Tibas, intermediate leg, single side",Tableleg
"Tibas, intermediate leg, support assy",Tableleg
"Intuity, Top support, Shared, PC",TopSupport
"Intuity, Top support, Shared, Assy",TopSupport
Cross beam for shared A-leg SGL side,CrossBeam
Back Fern assy,BackRestAssy
Very Task Upright control assy,BackUpright
Zody stool base assy,StarBaseAssy
Nia Active high back,BackRestAssy
"Backrest assy, Soji",BackRestAssy
Arm Assy for Aloha Easy Lite,ArmrestAssy
"right arm, ALOHA,4D",ArmrestAssy
"Left arm, ALOHA,4D",ArmrestAssy
"Mesh back assy, ALOHA",BackRestAssy
Mesh back assy Aloha Active,BackRestAssy
"GasSpring,Nia Stool",GasSpring
"Base, assy, Fern/Zody II/Zody LX Stool",StarBaseAssy
"Cover, mechanism, rear, cap, Fern",SeatPlate
"Cover, mechanism, overmold, Fern",SeatPlate
"Cable, mechanical, pnuematic, Fern",SeatingControl
"Lever, seat depth",SeatingControl
"Lever, forward tilt",SeatingControl
"Lever, pneumatic",SeatingControl
"Cover,outer,seat,fixed seat, non- forward, Fern",SeatPlate
"Assembly, seat foam, Fern",SeatCushion
"Cable, mechanical, fwd tilt, Fern",SeatingControl
"Cable, mechanical, seat depth, Fern",SeatingControl
"Lock,fixed seat,assy,Fern",MiscSeatFramAcc
"Spring, ftilt, Fern",CompressSpring
"Lock, seat depth, Fern",MiscSeatFramAcc
"Retainer, mech rail, LH",MiscSeatFramAcc
"Retainer, assy, mech rail, LH",MiscSeatFramAcc
"Link, forward tilt, Fern",MiscSeatFramAcc
"Retainer, mech rail, RH",MiscSeatFramAcc
"Retainer, assy, mech rail, RH",MiscSeatFramAcc
"Rail, seat attachment, LH",MiscSeatFramAcc
"Rail assy,seat attachment,LH,Fern",SeatAssy
"Lock, non- ftilt, Fern",MiscSeatFramAcc
"Lock, forward tilt, Fern",MiscSeatFramAcc
"Rail, seat attachment, RH",MiscSeatFramAcc
"Rail assy,seat attachment, RH, Fern",SeatAssy
"Rail kit, seat, Fern",SeatAssy
"SeatAssy,Fern",SeatAssy
"Upright plug, RH, Fern",Endcap
"Upright plug, LH, Fern",Endcap
"Upright plug, pair, Fern",Endcap
"ArmCap, fixed, assy, RH, Fern",ArmCap
"ArmrestSupport, fixed, RH, with screw, Fern",ArmrestSupport
"ArmrestAssy, fixed, RH, Fern",ArmrestAssy
"ArmCap, fixed, assy, LH, Fern",ArmCap
"ArmrestSupport, fixed, LH, with screw, Fern",ArmrestSupport
"ArmrestAssy, fixed, LH, Fern",ArmrestAssy
"ArmrestAssy, fixed, Fern",ArmrestAssy
"ArmUpright, 1D, LH, w/ cap, Fern",ArmrestAssy
"ArmUpright, 1D, RH, w/ cap, Fern",ArmrestAssy
"ArmUpright, 1D, pair w/ cap, Fern",ArmrestAssy
"ArmUpright, 4D, LH, w/ cap, Fern",ArmrestAssy
"ArmUpright, 4D, RH, w/ cap, Fern",ArmrestAssy
"ArmUpright, 4D, pair w/ cap, Fern",ArmrestAssy
"ArmrestSupport, plastic, RH, Fern",ArmrestSupport
"ArmrestSupport, plastic, LH, Fern",ArmrestSupport
"ArmrestSupport, plastic",ArmrestSupport
"ArmrestSupport, aluminum, RH",ArmrestSupport
"ArmrestSupport, aluminum, LH",ArmrestSupport
"ArmrestSupport, aluminum, pair",ArmrestSupport
"ArmrestSupport, assy, Fern",ArmrestSupport
"ArmrestAssy, Fern",ArmrestAssy
"BASE, ALUMINUM, PROJ 451",StarBase
"StarBase, plastic, five star",StarBase
"Gas spring with base tube, assy",GasSpring
"StarBaseAssy, Fern",StarBaseAssy
"Cover, mechanism, rear,Fern",SeatPlate
"Bushing,bronze, rear",MiscMechComp
"MechAssy, Fern",MechAssy
"MechAssy, Fern, with hardware",MechAssy
"Pillow,lumbar, Fern",LumbarPad
"Spring, lumbar, Fern",MiscLumbPelvCom
"Wire, mechanical, lumbar, Fern",MiscLumbPelvCom
"Track,RH,lumbar, Fern",MiscLumbPelvCom
"Track,LH,lumbar, Fern",MiscLumbPelvCom
"Fern task lumar handle, plastic",LumbarLever
"Fern task lumar handle, aluminum",LumbarLever
"Lumbar assembly,Fern",LumbarAssy
"Lumbar with pad, assembly, Fern",LumbarAssy
"Assembly,pad,headrest,Fern",HeadRestPad
"Shell,outer,headrest,Fern",MiscHeadrestCom
"Support, post, headrest, Fern",MiscHeadrestCom
"Support, mount, headrest, Fern",MiscHeadrestCom
"Headrest assy, Fern",HeadRest
"Back,suspension mesh,Fern",BackrestFrame
"Back,frame,Fern",BackrestFrame
"Back,assembly,Fern",BackRestAssy
"Very task, base assy",StarBaseAssy
"AP metal plate, for Very",SeatPlate
"Seat,shell,outer,SUB ASSY,Very task",SeatPlate
"Foam,seat,ASSY,Very tsak",SeatCushion
Very task seat assy,SeatAssy
Very task mech,MechAssy
Very task headrest,HeadRest
"Very task headrest, assy",HeadRest
"Plug, for upright, no lumbar option",MiscLumbPelvCom
"Plug assy, no lumbar option, Very task",MiscLumbPelvCom
Very task lumbar kit,LumbarAssy
Very task lumbar assy,LumbarAssy
"Mesh back,Very task",BackRestAssy
"MESH BACK, ASSY, VERY",BackRestAssy
Very Task backrest assy,BackRestAssy
"Endcap, Very task, no arm option, RH, painted",Endcap
"Endcap, Very task, no arm option, LH, painted",Endcap
"Endcap, Very task, no arm option, assy",Endcap
"Armcap, assy, soft, RH, fixed",ArmCap
"Armrest support fixed, painted, RH, very",ArmrestSupport
"FIXED Armrest RH ASSY, Very",ArmrestAssy
"Armcap, assy, soft, LH, fixed",ArmCap
"Armrest support fixed, painted, LH, very",ArmrestSupport
"Fixed arm assy, LH, Very task",ArmrestAssy
"Fixed arm assy, Very task",ArmrestAssy
"Armrest, height adj, LH, Very",ArmrestAssy
"Armrest, height adj, RH, Very",ArmrestAssy
"Armrest, height adj, assy, Very",ArmrestAssy
"Armrest, 4D, LH, Very",ArmrestAssy
"Armrest, 4D, RH, Very",ArmrestAssy
"Armrest, 4D, assy, Very",ArmrestAssy
Very Task armrests assy,ArmrestAssy
"Upright,ctrl,asm,RH, Very, plastic",BackUpright
"Upright,ctrl,asm,LH, Very, plastic",BackUpright
"Upright,ctrl,asm,RH, Very, painted",BackUpright
"Upright,ctrl,asm,LH, Very, painted",BackUpright
"Cylinder,pneumatic,stool,assy,without housing",GasSpring
"Pad,gripper,footrest",MiscSeatFramAcc
"Foot rest casting,high,polished",FootRing
"Cap,lock,footrest",Endcap
footring assembly,FootRing
GasSpring for Nia,GasSpring
"Five star Base, Alu",StarBase
Star Base Assy Nia,StarBaseAssy
"Armrest right, Nia",ArmrestAssy
"Armrest left, Nia",ArmrestAssy
Armrest assy fixed Nia,ArmrestAssy
"Cover backrest support top , Nia",MechCover
"Cover backrest support,.Nia",MechCover
"Control body ,Nia",MechAssy
Mech assy Nia,MechAssy
Plastic expanding rivet,Rivet
Backrest fixation,BackSupport
axial needle roller bearing AX,MiscHardware
Spacer Nia,Spacer
Bumper Nia,BackSupport
Back support Nia,BackSupport
Bearing with flange Nia,Bearings
Back attachment Nia,BackSupport
Nia Back Mechanism,MechAssy
"seat wood, Nia",SeatPlate
Seat foam Nia,SeatCushion
"Seat cover w/o armrest cutout,  Nia",SeatPlate
"Seat cover, with  armrest cutout, Nia",SeatPlate
Seat Assy Nia,SeatAssy
"Back Wood,Mid Nia",BackrestFrame
back foam mid Nia,BackrestFrame
Nia Active mid back,BackRestAssy
"Knock-down cover,Nia",BackSupport
Back lock knock-down function Nia,BackSupport
Cover for back mechanism,BackSupport
Back Mechanism accommodate Nia,BackrestFrame
"Back Wood,High",BackrestFrame
back foam high Nia,BackrestFrame
"Cylinder, assembled, for Sojialuminum base option",GasSpring
"Cylinder, assembled, for Sojiplastic base",GasSpring
Soji Base Assy,StarBaseAssy
"Support,Lever,Fwdtlt,",SeatingControl
"Mechassy, sliding, forward tilt and back lock, Soji",MechAssy
Control Foundation Cushionblock RH,MiscMechComp
Control Foundation Cushionblock LH,MiscMechComp
"Mechassy, back lock only, Soji",MechAssy
"mech assy, Soji",MechAssy
"Foam,Seat,AP, standard",SeatCushion
Soji Seat Plywood,SeatPlate
"Soji Seat Assy,",SeatAssy
"Cap, Arm, Fixed, RH,",ArmCap
"Cap, Arm, Fixed, LH,",ArmCap
"Bottom cap for fixed arm,RH,",ArmCap
"Bottom cap for fixed arm,LH,",ArmCap
"Support, Arm, Fixed,PR",ArmrestSupport
"Assy,Soji Fix arm",ArmrestAssy
"Assy,Soji arm,1D,PR,withbottom cap,",ArmrestAssy
"Assy,Soji arm,4D,PR,withbottom cap,",ArmrestAssy
Soji arm Assy,ArmrestAssy
"Cover,Crossbar,",MiscLumbPelvCom
Lumbar Assy,LumbarAssy
Lumbar assy,LumbarAssy
Metal bar,BackSupport
"Secure cover,",BackSupport
Adaptor side LH cover of me,BackSupport
Bottom cover of back frame,BackSupport
Blocker of Back frame,BackrestFrame
"U slot clip for mesh tighten, Soji",MiscMechComp
"New Back,Frame, Soji",BackrestFrame
"backframe assy, Soji",BackRestAssy
Aloha Easy Lite plywood,SeatPlate
Aloha Easy Lite seat bottom cover,SeatPlate
Seat assy for Aloha Easy Lite chair,SeatAssy
"Aloha Easy lite control body, change tile angle",MechAssy
mech assy for Aloha Easy Lite,MechAssy
"Foam,seat,Aloha Easy",SeatCushion
"Aloha Easy seat pan assy, mesh chair",SeatCushion
Seat assy for Aloha mesh back chair,SeatAssy
"Seat shell,ASSY,outer,Aloha Easy",SeatPlate
Seat assy for Aloha uphosltery back chair,SeatAssy
"BEARING,FRONT,SLIDING SEAT",MiscMechComp
"mech body, ALOHA",MechAssy
"mech assy, ALOHA",MechAssy
cap for base,Endcap
cylinder with middle tube assy,GasSpringUnit
"Star base assy, ALOHA",StarBaseAssy
"right arm, ALOHA,1D",ArmrestAssy
"left arm, ALOHA,1D",ArmrestAssy
"1D Arm ASSY , ALOHA",ArmrestAssy
"4D Arm , ALOHA",ArmrestAssy
"Arm Assy, ALOHA",ArmrestAssy
Retainer Back,BackrestFrame
Retainer Front,BackrestFrame
"back cover for foam back, rectangle",BackrestFrame
"WIRE,MECH,BACK HGT",TensionSpring
"KIT,LATCH,BACK HGT ADJ",BackrestFrame
metal bar L shape for foam back,BackrestFrame
Steel plate block 3-M8,BackrestFrame
"Front cover, Aloha foam back",BackrestFrame
outer cover for Aloha foam back,BackrestFrame
"back cover assy, Aloha",BackrestFrame
"Back upholstery foam and plate, Aloha",BackrestFrame
"Upholstered back assy, Aloha",BackRestAssy
"HeadRest frame, ALOHA",HeadRest
"HeadRest assy, ALOHA",HeadRest
Mesh back for Aloha Easy and Lite,BackRestAssy
"FOAM, SEAT, Aloha Active",SeatCushion
SEAT FOAM for Aloha family upholstered back version,SeatCushion
seat inner pad for Aloha,SeatPlate
"SEAT SHELL, ASSEMBLY, ROYAL",SeatPlate
Seat assy for Aloha Active uphosltery back chair,SeatAssy
"Block,out stop,sliding seat,Aloha Active",MiscMechComp
"Lever, Pneumatic activation",MiscMechComp
"Lever, Back lock",MiscMechComp
"Control Body, Aloha Active",MechAssy
mech assy for Aloha Active,MechAssy
"cylinder with middle tube assy, Active",GasSpringUnit
"Star base assy, Active",StarBaseAssy
Lumbar Pad Aloha,LumbarPad
lumbar kit Aloha,LumbarAssy
"LumbarAssy, Aloha",LumbarAssy
back retainer,BackrestFrame
Back Frame for aloha mesh back,BackrestFrame
Mesh back for Aloha Active,BackRestAssy
"Nylon thread, Allways UM cord",CableChain
"WGT,base,umbili,PWR,desk,",CableChain
"Base,UM,PWR,desk",CableChain
"MTG,cord,PWR,desk",CableChain
"Cord,UM,PWR,desk",CableChain
"Tibas single side cable tray bracket, RH",CableTrayHolder
"Tibas single side cable tray bracket, LH",CableTrayHolder
TIBAS single side cable tray,CableTray
TIBAS single side cable tray assy,CableTrayAssy
"Tibas, Leg End Bracket",TopSupport
"Tibas, Leg End Bracket ASSY",TopSupport
TIBAS beam spacer,Spacer
Tibas beam Bottom plate,BeamSupport
Flat Plate For Mid-Span Bracket,BeamSupport
Tibas MID-SPAN bracket base part,TopSupport
Mid-span bracket Tibas,TopSupport
L bracket for Tibas beam,BeamSupport
Main beam spine cut,Beam
Tibas main beam,Beam
Tibas Beam Assy,Beam
"SFT,glide,17mm",GlideFurniture
"TIBAS housing,30*60,M8",GlideFurniture
straight tube for Tibas single Linear leg,Tableleg
cross tube for Tibas single Linear leg,CrossBeam
"Tibas,Linear-Leg,Single side,Fix",Tableleg
Tibas Single Leg Assy,Tableleg
Tibas Frame ASSY,DeskFrame
"Intuity,A-leg for single WS,Share,PC",Tableleg
"Intuity, A-leg for Single WS, Share, Assy",Tableleg
"Dob side cable tray, for Non-rail",CableTray
"Dob side cable tray, for rail",CableTray
"Dob side cable tray bracket, for non-rail",CableHolder
"Dob side cable tray bracket, for rail",CableHolder
Intuity double side cable tray assembly,CableTrayAssy
"End cap,double side,FIN,",Endcap
"Cover for end cap, double side,FIN,.",Endcap
"Cable tie,Intuity",CableTie
"Intuity, Base-angel housing,extention,",Housing
"Intuity, Glide Furniture, for tech height configuration",GlideFurniture
"Cable outlet, grommet, DIA80",CableOutlet
"MiscHardware, damper, 0.5S-1.0S",MiscHardware
Brush for soft closing flip top,Brush
"MiscHardware, stopper plug",MiscHardware
"MiscHardware, Cover",MiscHardware
"MiscHardware, stopper",MiscHardware
"MiscHardware, Damper holder",MiscHardware
"MiscHardware, damper clip, RH",MiscHardware
"MiscHardware, damper clip,LH",MiscHardware
"Cable outlet, center, Alu edge, PC",CableOutlet
"Cable outlet, center,Alu flip top, PC",CableOutlet
"Cable outlet, center, soft closing, assy",CableOutlet
AP-HPL Worktop Assy,DeskTopAssy
"Intuity, Nylon spacer,Velcro",Spacer
"Intuity, Top support, Assy",TopSupport
"CastorsFurniture,Ø50mm, ScrewIn, braked, M8",CastorsFurnit
"Intuity, Base-straight housing for caster",Housing
"Intuity, Castor furniture, Assy",CastorsFurnit
"Intuity base-straight housing, extension",Housing
"Intuity, Glide Furniture, for fixed configuration",GlideFurniture
"Tibas, intermediate leg, single side",Tableleg
"Intuity, Steel A-leg for Single WS",Tableleg
AP worktop cable tray Assy,CableTrayAssy
SPIN Law lable for NA,ProductLabel
SPIN Assembly and cleaning instructions,OpsInstrManuals
Hexagon key SW5,MountingKits
"Reinforced paper tape, roll",Tape
"Packaging paper 17g/m², 30cm x 420m",CardboardInsert
"AP Worktop, MeetTableFrame",MeetTableFrame
ADHESIF DUAL LOCK SJ3541,SeatAssy
ELECTRONIC COMPONENTS PANEL SUPPORT  300x300x8 mm.,Shelf
ELECTRONIC COMPONENTS PANEL SUPPORT  13x300x300 mm.,Shelf
"Intuity, Straight extension tube for tech height",Tableleg
"Intuity, Angled extension tube for tech height",Tableleg
"Safety clamp, retainer",Clamps
"Washer, 17x9x0.8",Washer
"Cap,Aluminum Base,Chair",Endcap
"Caster, 60 mm, 35mm Pintle",CastorsSeating
base tube,BaseTube
"FOAM, SEAT, INNER, GEL",SeatCushion
"Shell,seat,inner,W/foam",SeatCushion
Gel Seat Foam With Plate,SeatCushion
"CABLE,ASSEMBLY,B/S, PATRIOT",SeatingControl
"COVER,ACTIVATION,F/T,B/S,LEFT",SeatingControl
"COVER,ACTIVATION,B/S,LEFT",SeatingControl
"SPRING. B/S, ACTIVATION",SeatingControl
"SPACER, FORWARDTILT",SeatingControl
"LEVER,BACK STOP,PATRIOT",SeatingControl
"RING,CABLE,BACKSTOP",SeatingControl
"BRACKET,ACTIVATION.F/T,B/S",SeatingControl
"Lever Assy, B/S Only",SeatingControl
"Label,Product,Chair,Logo",ProductLabel
"Coat Hanger,Hook",CoatHanger
"Holder,Coat Hanger",CoatHanger
Coat hanger assy,CoatHanger
"Zody, Headrest Assy",HeadRest
"Back,Lumbar With Pad, Assy",LumbarAssy
Lumbar pad,LumbarPad
"1D Arm upright LH ASSY, including arm cap",ArmrestAssy
"1D Arm upright RH ASSY, including arm cap",ArmrestAssy
Zody-plastic upright parts,BackUpright
"Upright,Ctrl RH Assy, Plastic",BackUpright
Pin,MiscFasteners
Zody-plastic upright parts,BackUpright
"Upright,Ctrl LH Assy, Plastic",BackUpright
"Single side,Hung tray,RH",CableTrayHolder
"Intuity rail mount bkt,plstic",Bracket
"End cap,single side,LH,FIN",Endcap
"Cover for end cap,single side",Endcap
"End cap,single side,RH,FIN",Endcap
RH Uni-ceiling rail Single side,RailProfile
Universal-NON ceiling rail Single side,RailProfile
LH Uni-ceiling rail Single side,RailProfile
"Rail assembly,Single side",RailProfile
"SCREW, M4x40,ISO7045,PAN, BLK OXIDE",MetricScrew
"SCREW, M4x30,ISO7045,PAN, BLK OXIDE",MetricScrew
"SCREW, M4x20,ISO7045,PAN, BLK OXIDE",MetricScrew
"SCREW, M5x20, ISO7045,PAN, BLK OXIDE",MetricScrew
"SCREW, M5x30,ISO7045,PAN, BLK OXIDE",MetricScrew
"SCREW, M5x40,ISO7045,PAN, BLK OXIDE",MetricScrew
"SCREW, M6x45,ISO7045,PAN, BLK OXIDE",MetricScrew
"SCREW, M6x35,ISO7045,PAN,BLK OXIDE",MetricScrew
"SCREW, M6x25,ISO7045,PAN,BLK OXIDE",MetricScrew
"SCREW, M8x45, ISO7045,PAN,BLK OXIDE",MetricScrew
"SCREW, M8x35,DIN7045,PAN, BLK OXIDE",MetricScrew
"washer A8,4 DIN125-ST galvanized",Washer
"washer A6,4 DIN125-ST",Washer
"washer A5,3 DIN125-ST",Washer
Spacer M4x15,Spacer
Spacer M8x5,Spacer
LEFT AND RIGHT END PANEL 1993x500x19 mm.,CoverPanel
LEFT AND RIGHT END PANEL 1993x500x19 mm.,CoverPanel
Keynius QR-Code,MiscCtrlUnitAcc
EZ M6x30 PHC Black Screw,MetricScrew
NUT HU M3 AC ZG,Nut
Keynius Smarty RFID Reader,MiscCtrlUnitAcc
FPATVER012_000NO,GlideFurniture
M6 Insert,Nut
LEFT RFID PANEL 1993x500x19 mm.,CoverPanel
LEFT RFID PANEL 1993x500x19 mm.,CoverPanel
Wardrobe bar,MountingKits
Wardrobe bar holder,MountingKits
Wardrobe flexible bar with supports,MountingKits
Threaded rod M6 x 25 EZ BL DIN 976,MetricScrew
FVISECR178,Nut
Binder for 19mm panels,MetricScrew
ADDITIONAL OR LETTER SLOT SHELF ON RAFIX 461.5x429.5x19 mm.,Shelf
ADDITIONAL OR LETTER SLOT SHELF ON RAFIX 19x462x429.5 mm.,Shelf
Business card holder adhesive,BusinessCardHol
Colorless collar with internal teeth 3.5mm width and 140mm f,CableClip
Keynius LED Guide tube,ElectronicLock
Door Shackle Brighty HAWORTH branding LED indicator status,ElectronicLock
Cover Tux HAWORTH branding USB A+C charger LED light,ElectronicLock
Cover Suit HAWORTH branding,ElectronicLock
Door Shackle Click HAWORTH branding,ElectronicLock
Keynius Lock cable René 3 m,PowerCable
"x27.00, , Pozidrive, GalvanizedWhite, NA/",WoodFurnitScrew
Keynius Rene Smart Lock,ElectronicLock
Haworth lock all options,ElectronicLock
110° Hinge base,Hinge
110° Hinge and Base Assembly,Hinge
RIGHT DOOR 359.4x496x19 mm.,DoorPanel
RIGHT DOOR 359.4x496x19 mm.,HingeDoorAssy
FIX SHELF ON RAFIX 462x463.5x19 mm.,Shelf
FIX SHELF ON RAFIX 19x462x463.5 mm.,Shelf
SER102 Magnetic lock plate,LockHook
FIX SHELF TECHNICAL LOCAL ON RAFIX 462x463.5x19 mm.,Shelf
FIX SHELF TECHNICAL LOCAL ON RAFIX 19x462x463.5 mm.,Shelf
SER102 - Screw TRP 3x12,LockHook
SER102 White magnetic lock,LockHook
"Hinge Intermat réf. Hettich 907235502, Nickel plated",Hinge
"Hettich Adaptator 9072233, Nickel plated",Hinge
"Hettich Hinge Base 9106986 with Euro screw, Nickel plated",Hinge
110° Hinge and Base and Adaptator Assembly,Hinge
TECHNICAL LOCAL DOOR 130x496x19 mm.,DoorPanel
TECHNICAL LOCAL DOOR 496x130x19 mm.,HingeDoorAssy
Key for invisible magnetic locker,key
Ethernet Cable MM 5 m,PowerCable
Ethernet Cable MM 1 m,PowerCable
Hub Elève Smart Keynius 16 ports V3,ControlUnit
Hub Maître Smart Keynius 16 ports V3,ControlUnit
Keynius Smarty RFID Box,ControlUnit
Keynius Power connector E (Europe),ControlUnit
Keynius Smart Home Power Supply,ControlUnit
Power cable GST18 3 m Graphite Black CH,PowerCable
Power cable GST18 3 m Graphite Black UK,PowerCable
Power cable GST18 3 m Graphite Black EU,PowerCable
Bachmann STEP Base 3 x Sockets Graphite Black Germany,BelowSurfSocket
BACK 1965x472x8 mm.,BackPanel
SIDE RIGHT 1955x478x19 mm.,SidePanel
SIDE LEFT 1955x478x19 mm.,SidePanel
BOTTOM 500x500x19 mm.,BottomPanel
TOP 500x500x19 mm.,TopPanel
SMART LOCKERS CARCASS 2000x500x500 mm.,CabinetBody
Foot Rest Cover,Beam
Lower Crossbar Leg,Beam
High Leg 'U' Welded With Lower Traverse,Tableleg
Counter Table Frame,MeetTableFrame
Counter Tabletops - Tibas Enhancement Line,MeetingTableTop
Counter Table Top Assembly,MeetTablTopAssy
Beam Tube Table L. 2000,Beam
Castor Furn D80 B,CastorsFurnit
Inner Plate Tread M8 Castor Fixation,CastorsFurnit
Tibas Enhancements Beam Connector.,BeamSupport
"Upper Traverse ""U"" Legs 1000mm Deep",Beam
"Vertical Tube For ""U"" Leg Desk H.740 with Castors",Beam
"Leg ""U"" Welded H. L.1000 H.740 for Castors",Beam
Collabroative table frame,HighTableFrame
CABLETRAY,CableTray
Closure w/Divider 6MM w/ 200CM length Black,CableSleeve
Fabric Sleeve Ø60x2050mm,CableSleeve
Cable Sleeve Assembly for 2050mm,CableSleeveAssy
3mm Round Black Elastic (Roll 300 Meters),CableSleeve
Closure w/Divider 6MM w/150CM length Black,CableSleeve
Fabric Sleeve Ø60x1550mm,CableSleeve
Cable Sleeve Assembly for 1550mm,CableSleeveAssy
3mm Round Black Elastic (Roll 300 Meters),CableSleeve
Cable sleeve Closure with divider,CableSleeve
Cable sleeve fabric,CableSleeve
Cable Sleeve Assembly for 800 mm,CableSleeveAssy
Particleboard Screw 5x20 PCL 0232 zinc.,MetricScrew
CABLETRAY,CableTrayAssy
STANADARD_ISO7380-1-M6X45-8_8,MetricScrew
Beams round Spacer Diam. 16x5,FrameSpacer
screw,MetricScrew
Foot Rest Tube Table,Beam
Beam Tube Table,Beam
Leveler M10 20,GlideFurniture
Taco Leveler,GlideFurniture
Castor Furn D80 B,CastorsFurnit
Metalic Insert M6 FTR,Fittings
Inner Plate Tread M8 Castor Fixation,CastorsFurnit
Lower Crossbar Leg L.1000,Beam
Tibas Enhancements Beam Connector.,BeamSupport
"Upper Traverse ""U"" Legs",Beam
"Vertical Tube For ""U"" Leg Desk",Beam
High Leg 'U' Welded With Lower Traverse,Tableleg
TABLE FRAME,HighTableFrame
IB CONNECT - 1 socket + 1 USB A & USB C + 1 RJ45,CableOutlet
IB CONNECT - 1 socket + 1 USB A & USB C + 1 RJ45,CableOutlet
IB CONNECT - 1 socket + 1 USB A & USB C + 1 RJ45,CableOutlet
IB CONNECT - 1 socket + 1 USB A & USB C + 1 RJ45,CableOutlet
IB CONNECT - 2 sockets,CableOutlet
IB CONNECT - 2 sockets,CableOutlet
IB CONNECT - 2 sockets,CableOutlet
IB CONNECT - 1 sockets + 1 USB A & USB C DATA,CableOutlet
IB CONNECT - 1 sockets + 1 USB A & USB C DATA,CableOutlet
IB CONNECT - 1 sockets + 1 USB A & USB C DATA,CableOutlet
IB CONNECT - 1 sockets + 1 USB A & USB C DATA,CableOutlet
"CHIPBOARD SCREW FLAT HEAD SPAX 3,5x17 ZB",MetricScrew
Top Access melamine metal plate,CableOutlet
Top Access brush 199mm,CableOutlet
Top Access melamine cover 240,CableOutlet
TOP ACCESS MELAMINE COVER 240,CableOutlet
Spring positioner in INOX plain version,CableOutlet
Metal side Top Access 240,CableOutlet
Top Access Metalic Ring 240,CableOutlet
Top Access Metal Body for Melamine Cover 240,CableOutlet
Top Access for melamine cover 240,CableOutlet
Circle 80,CableOutlet
FACCLAM240_PARTIE_B,CableOutlet
FACCLAM240_PARTIE_A,CableOutlet
QI charger,CableOutlet
TableTop washer,Washer
Tibas Table TOP,MeetingTableTop
TABLE TOP Assembly,MeetTablTopAssy
"Intuity,Cable tray,Full length,Single side,Assy",CableTrayAssy
"Single side,Hung tray,LH",CableTrayHolder
"Intuity,Cable tray,Full length,Single side,Part",CableTray
gas spring,GasSpring
Zody Base Assembly,StarBaseAssy
"Cover,Non-Sliding Seat,Lever",SeatingControl
"SelfTapScrew, ST6X14, TrussWasherHead, TORX",SelfTapScrew
"CompressSpring, 0.4DIAx1.75L, sliding seat lever",TensionSpring
"Lever,Act.,Sliding Seat",SeatingControl
"Bearing,rear seat plate,pivot,Plastic",SeatingControl
blind rivet,Rivet
Befestigungsteller,Washer
"Tension handle for metal plate, Zody",SeatPlate
"PLATE,SEAT,SLIDING,FAB",SeatPlate
"PLATE,SEAT,SLIDING,WELDMENT,FIN,EXPORT, SVC",SeatPlate
"AP metal plate, for Zody",SeatPlate
"FOAM, SEAT, INNER, GEL",SeatCushion
"Seat, Shell, Outer",SeatShell
"SEAT,SHELL,INNER",SeatPlate
Zody seat,SeatAssy
"CABLE,ASSEMBLY,B/S, F/T, PATRIOT",SeatingControl
"COVER,ACTIVATION,F/T,B/S,LEFT",MechCover
"COVER,ACTIVATION,F/T,B/S,LEFT",MechCover
"SPRING. F/T,B/S, ACTIVATION",CompressSpring
"SPACER, BACK STOP",Spacer
"SPACER, FORWARDTILT",Spacer
"LEVER,BACK STOP,PATRIOT",SeatingControl
"LEVER,FORWARD TILT",SeatingControl
"RING,CABLE,BACKSTOP",MiscMechComp
"BRACKET,ACTIVATION.F/T,B/S",MiscMechComp
"KNOB,CRANK,TENSION ADJUST",SeatingControl
"ARM,CRANK,TENSION ADJUST",SeatingControl
"ROLLER,LEVER ASSY,PNEU",MiscMechComp
"LEVER,PNEU ACT",SeatingControl
"BRKT,MOUNT,PNEU ACT",MiscMechComp
"CABLE,MECHANICAL,PNEUMATIC",SeatingControl
"LEVER ASSY,PNEU ACT",SeatingControl
"Cover, Control, Lower",MechCover
"Cover, Control, Upper",MechCover
"ZODY,SEAT,RETAINER,RIVET,RH",RetainHardware
"ROLLER,SUPRT",MiscMechComp
"RETAINER, SEAT, FRONT",RetainHardware
"SPRING,EXT,CAM,FT",TensionSpring
"SPRING,FORMED,BKT,FT",TensionSpring
"LEVER,CAM,FWD TILT",SeatingControl
"BRACKET, LOCK, FORWARD TILT",SeatingControl
"ROD,CONTROL",SeatingControl
"CASE,FWD TLT",SeatingControl
"SPRING,FORMED,BKT,BS",TensionSpring
"PIN,SPRG,,RTNR,,BACK STOP",RetainHardware
"BLOCK,MOVING,4 DEG, BACK STOP",TensionSpring
"SPRING,CAM,BACKSTOP,ZODY",TensionSpring
"BLOCK, SLIDING, BACKSTOP, ZODY",MechCover
"COVR, CNTRL, BCK STOP",MechCover
"GEARBOX, RETAINER",RetainHardware
"GEAR, IDLE, 24DP, 160",MiscHardware
"GEAR, PINION, 24DP, 160",MiscHardware
"GEARBOX, ISOLATOR",MiscHardware
"METRIC, START PART",MiscHardware
BODY_PLATE_PUNCH,MiscHardware
"PIN,CLINCH,BACKSTOP,ZODY",RetainHardware
"ADAPTOR,CYLINDER,PNEU",MiscMechComp
"CTRL,TOP PLATE,RH",MechCover
"CTRL,TOP PLATE,LH",MechCover
"CTRL,BRACE",MiscMechComp
"CTRL,BODY WELDMENT PLATE -AP",MiscMechComp
"PLATE,ROD,HEX,CTRL",MiscMechComp
"BEARING, BUSHING,, END, SPRING",Bearings
"BUSHING,SPRING,TORSION,CTRL",Bushings
"BEARING,ROLLER,ASYM,CONTROL MECH,RH",Bearings
"BEARING,ROLLER,ASYM,CONTROL MECH,LH",Bearings
"Bushing, end inner control",Bushings
"LOCK, ASSY, FWD-TLT",MiscMechComp
"SCR8-32x.313,PAN HEAD,TF,SQUARE DRIVE",MetricScrew
"ASSY,BACK STOP",MiscMechComp
"Block, fixed, back stop",MiscMechComp
"Shaft, adj, temsion, ctrl",SeatingControl
"SPRING,CPRSN,0.992DX3.15L",CompressSpring
"SPACER, TILT TENSION, RH, 160",Spacer
"SPACER, TILT TENSION, LH, 160",Spacer
"GEARBOX, TILT TENSION, ZODY",MiscMechComp
"SPRING,TRSN,CTRL,RH,ZODY",TensionSpring
"SPRING,TRSN,CTRL,LH, ZODY",TensionSpring
"WEDGE,CAM,ADJ,TENSION,CTRL,RH",MiscMechComp
"WEDGE,CAM,ADJ,TENSION,CTRL,LH",MiscMechComp
"WEDGE,CAM,TENSION ADJ,PROJ 413",MiscMechComp
"BUSHING,CENTER,ROD,HEX,CTRL",Bushings
"BUSHING, END, OUTER, CONTROL",Bushings
"Rod, hex, ctrl",MiscMechComp
"control body, weldment assy, AP",MiscMechComp
"Lever Assy, Fwd-Tilt, Back Stop",SeatingControl
"Spacer,No Fwd-Tilt,No Back Stop",SeatingControl
"Lever,Tension Adj, Assy",SeatingControl
"Cable,Mechanical,Flex,Tension,160",SeatingControl
"Cover,Cable,Tension,Zody",SeatingControl
"WoodFurnitScrew, 5.0X18.4, PanHead, Philips",WoodFurnitScrew
"Lever Act Assy,PNEU",SeatingControl
"SelfTapScrew, M4x8.6, PanHead, Torx",SelfTapScrew
"Control Cover Kit,Zody",MechCover
Zody Mechanism assy,MechAssy
Zody mechanism complete AP,MechAssy
"COVER, HEADREST",ProductLabel
"InsertNut, M6x14.8, HexagonalSocket",InsertNut
"PLN, LOCK, HEADREST",MiscFasteners
"DOWEL PIN, HEADREST",MiscFasteners
headrest self skin foam,HeadRest
"INSERT, HEADREST",MiscHeadrestCom
"FRAME, COVER, HEADREST",HeadRest
"FRAME, CVAP, HEADREST",HeadRest
"LOOP, FRICTION, HEADREST",HeadRest
"SUPPORT, HEADREST",HeadRest
"SUPPORT ASSEMBLY, HEADREST",Headrest
"Zody Headrest with hardware, Assy",Headrest
"Pad,Pusher,Pelvic",PelvisPad
"Nut, WingNut, M8X5.0",Nut
"SPRING, ARM SUPPORT, LUMBAR, LOWER, VERY/ZODY",CompressSpring
"PLATE,RETAINER,LUMBAR",MiscLumbPelvCom
"ARM,SUPRT,LUMBAR",MiscLumbPelvCom
"PLATE,RETAINER,LUMBAR,OVERMOLDED",MiscLumbPelvCom
"SCREW, PLASTIC",SelfTapScrew
"PLATER,RETAINER,LUMBAR",TensionSpring
"COVER,LUMBAR",MiscLumbPelvCom
"PIN,ALGN,0.250D,3.000L,STL",Bolt
"SHAFT,ADJ,LUMBAR",MiscLumbPelvCom
"PLATE,ADJ,LUMBAR",MiscLumbPelvCom
"CARRIAGE,SUPRT,LUMBAR",MiscLumbPelvCom
"BRKT,ATTACH,LUMBAR",MiscLumbPelvCom
"Back,Lumbar,Kit, Assy",LumbarAssy
"Bolt, PanHead, HexagonalSocket, 5/16X32",Bolt
"SPLINE, BACK",MiscChairFrame
"FRAME, BACK, RING",BackrestFrame
"FRAME, BACK, PATRIOT",BackrestFrame
"Back Frame with mech cover, Assy W/ Rib",BackRestAssy
Zody backrest,BackRestAssy
"SUBCAP, ARM, LH",ArmUpright
"SUBCAP, ARM, RH",ArmUpright
"ARM COLUMN ASSY, HGT ADJ, LH",ArmUpright
"ARM COLUMN ASSY, HGT ADJ, RH",ArmUpright
"Armcap subcap for fixed arm, LH",ArmCap
"Support, Arm, Fixed, LH, metal",ArmrestSupport
"CAP,ARM,ASSY,SOFT,RH",ArmCap
"SelfTapScrew, M5X16 PanHead, Torx",SelfTapScrew
"Armcap subcap for fixed arm, RH",ArmCap
"Support, Arm, Fixed, Metal, RH",ArmrestSupport
"FIXED ARM ASSY, LH, ZODY",ArmrestAssy
"FIXED ARM ASSY, RH, ZODY",ArmrestAssy
"Plug, Upright, LH, Metal",Endcap
"Plug, Upright, RH, Metal",Endcap
"CAP,ARM,INNER",ArmCap
"CAP,ARM,INNER",ArmCap
"CAP,ARM,SOFT,RH",ArmCap
"SUBCAP, ARM, LH",ArmUpright
"PLATE,ARM,PIVOT",ArmUpright
"SPRING, COMPRESSION, ZODY ARM, INSTALLED LENGTH",TensionSpring
"LATCH, HGT ADJ, ARM",ArmUpright
"LEVER, HGT ADJST, ARM, LH",ArmUpright
"CASE, HGT ADJ, ARM",ArmUpright
"COLUMN, UPPER, ARM, LH",ArmUpright
"SCR,M6x14mm,TRS,TX,B,Z BLK,PLASTIKWIK,W/LEAD-IN",MiscFasteners
"Armcap,Self-Skinning,Assy,Soft,LH,Zody",ArmCap
"ARM ASSY,HEIGHT ADJ,4D,LH",ArmUpright
"CAP,ARM,INNER",ArmCap
"FOAM,ARM,CAP,RIGHT",ArmCap
"CAP,ARM,SOFT,RH",ArmCap
"CAM,DETENT,WIDTH ADJ,ARM",ArmUpright
"RTNR,ARM,CAP",ArmUpright
"SUBCAP, ARM, RH",ArmUpright
"SCR,M5x12.5mm,TRS,TX,B,Z BLK,PLASTIKWIK",MiscFasteners
"SCR,M5x20mm,TRS,TX,B,Z TRIV ZNC,PLASTIKWIK",MiscFasteners
"BUSHING,DETENT,ARM",ArmUpright
"PLATE,ARM,F/A",ArmUpright
"PIVOT,DETENT,MAIN,ARM",ArmUpright
"BUSHING,PIVOT,MAIN,ARM",Bushings
"PLATE,ARM,PIVOT",ArmUpright
"SPRING, COMPRESSION, ZODY ARM, INSTALLED LENGTH",TensionSpring
"LATCH, HGT ADJ, ARM",ArmUpright
"LEVER, HGT ADJST, ARM, RH",ArmUpright
"CASE, HGT ADJ, ARM",ArmUpright
"COLUMN, UPPER, ARM, RH",ArmUpright
"SCR,M6x14mm,TRS,TX,B,Z BLK,PLASTIKWIK,W/LEAD-IN",MiscFasteners
"Armcap,Self-Skinning,Assy,Soft,RH,Zody",ArmCap
"ARM ASSY,HEIGHT ADJ,4D,RH",ArmUpright
"4D Arm upright LH ASSY,including arm cap",ArmrestAssy
"4D Arm upright RH ASSY, including arm cap",ArmrestAssy
"LINER.LOCKING,ARM",ArmUpright
"ArmrestSupport,arm, lower, LH",ArmrestSupport
"Armrestsupport, LH, Plastic",ArmrestSupport
"Liner.Locking,Arm",ArmUpright
"Liner,Non-Locking,Arm",ArmUpright
"ArmrestSupport,arm, lower, RH",ArmrestSupport
"Armrestsupport, RH, Plastic",ArmrestSupport
raised head screw M6x16 DIN7500,MetricScrew
"1D Arm upright PR, ASSY, excluding arm cap",ArmUpright
"FIXED ARM ASSY, PAIR, ZODY",ArmrestAssy
Arm Plug Assy,Endcap
"4D Arm upright PR, ASSY, excluding arm cap",ArmUpright
"arm support ASSY, PAINTED",ArmrestSupport
Zody armrests,ArmrestAssy
"UPRIGHT,CTRL,SUPRT,BCK,RH",BackUpright
"PIN,PIVOT,SEAT",Pins
"UPRIGHT,CTRL,SUPRT,BCK,LH",BackUpright
"Upright,Ctrl,Assy,RH, Zody",BackUpright
"Upright,Ctrl,Assy,LH, Zody",BackUpright
Zody Upright control,BackUpright
"Intuity,Angled leg,Double side,Desk frame,Assy",DeskFrame
"Intuity,Angled leg,Double side,Assy",Tableleg
"Accent plate,Angled,Double side,Assy",AccentPlate
Intuity double side A-leg accent plate,AccentPlate
Intuity doulbe side A-leg accent cover,AccentPlate
"Cross beam,Angled,Double side,Part",CrossBeam
"Intuity,Angled leg,Double side,Fixed height,Assy",Tableleg
Welded_support,MiscMechComp
"Intuity,Frame leg,Double side,Desk frame,Assy",DeskFrame
"Intuity,Frame leg,Double side,Assy",Tableleg
"Accent plate,Straight,Double side,Assy",AccentPlate
"Accent plate cover,Straight,Double side,Part",AccentPlate
"Accent plate,Straight,Double side,Part",AccentPlate
cross beam for Double side F leg,CrossBeam
"Intuity,Frame leg,Double side,Fixed height,Assy",Tableleg
"Caster,60mm,22mm Pintle",CastorsSeating
"Intuity, AccentPlate, RH, Assy",AccentPlate
"Accent Plate Cover,RH,END A-leg,LCL",AccentPlate
"Accent Plate,RH A-leg,LCL,",AccentPlate
"Intuity, AccentPlate, LH, Assy",AccentPlate
"Accent Plate Cover, LH, End A-leg, LCL",AccentPlate
"Accent Plate,LH A-leg,LCL,",AccentPlate
Rivet nut M8x21 Steel,Rivet
Knit Tension Tube,BaseTube
Bracket rh,Bracket
Bracket lh,Bracket
Cardigan base frame,FourLegBase
Glide for hard floors,GlideVisitChair
Glide cap for soft floors,GlideVisitChair
Spin Glide Base,GlideVisitChair
Spin Glide,GlideVisitChair
Spin back knit,BackCover
Backrest Frame rh,BackrestFrame
Backrest Frame lh,BackrestFrame
Cardigan Back,BackRestAssy
Washer DIN126 Ø11x20x2,Washer
Rivet nut M8x21 AL,Rivet
Spin seat knit,SeatCover
Seat Foam,SeatCushion
Seat Shell,SeatPlate
Cardigan Seat,SeatAssy
Spring pin,Pins
Pressure spring D-117P,CompressSpring
Latch,MiscMechComp
Plate girder,MiscMechComp
Screw DIN ISO 7380-1 M8x20,MetricScrew
Assembly Hook,MiscMechComp
Seat Support,MiscMechComp
Seat connection,MiscMechComp
single side A-leg frame assembly,DeskFrame
"Intuity, A-leg for single WS, LH, W/ glide, Assy",Tableleg
"Intuity, A-leg for single WS, RH, W/glide, Assy",Tableleg
"Intuity, Base_angled Housing,fixed",Housing
"Cross beam,Single side,A-leg,RH,Part",CrossBeam
"Intuity single side A leg, RH",Tableleg
Left front leg,BaseTube
rear left leg,BaseTube
rear right leg,BaseTube
front right leg,BaseTube
Base pipe bend,BaseTube
"Table connector, tie plate 51x51",TableConnector
Rectangle Worktop Assy,DeskTopAssy
"IT,Single side,F-leg accent plate,Assy",AccentPlate
single side F-leg frame assembly,DeskFrame
"Intuity,Main beam,With bracket,Assy",Beam
Intuity beam top spacer,Spacer
Intuity beam BTM spacer,Spacer
"Intuity Beam Support,L BKT,B/R",BeamSupport
"Intuity Beam,main beam,tube,B/R",Beam
"Intuity Beam,main beam,FIN",Beam
"Intuity,Single side,F-leg,RH,Fixed,Assy",Tableleg
"Intuity,Single side,F-leg,LH,Fixed,Assy",Tableleg
"Intuity, base-straight housing, fixed",Housing
"Glide Furniture, Hard, PA6, M8X30",GlideFurniture
Single sided cross beam for LH F_leg,CrossBeam
"IT,F-LEG,SINGLE SIDE,LH,FIXED",Tableleg
"Intuity, Top support, PC",TopSupport
"IT,Single f leg accent plate cover",AccentPlate
"IT,Single F leg accent plate",AccentPlate
Single sided  CROSS BEAM FOR RH F-LEG,CrossBeam
"Intuity,F-leg,Single side,Fixed height,RH,Assy",Tableleg
"Intuity TopSupport,mid-span U part,B/R",TopSupport
"Intuity TopSupport,mid-span base part,B/R",TopSupport
"Intuity TopSupport,mid-span,FIN",TopSupport
"Intuity, straight D tube for A&F leg697MM",Tableleg
"Intuity,Cross beam for Single A-Leg,800MMD",CrossBeam
"Leg support,Angled,Fixed height,Part",Tableleg
"Intuity, A-leg for single WS, LH",Tableleg
"Base Tube,Pneu,Assy, For Aluminum Base",BaseTube
"Base,plastic,five star",StarBase
AP-LPL Worktop Assy,DeskTopAssy
Five star base,StarBase
Cable tray strain relief,CableClip
"M4x17.00, TrussHead, Pozidrive, ZincCoated, NA/NA",WoodFurnitScrew
M Series pedestal stand-alone Slim,SAPedestal
Intuity double bench,StandAloneBench
Intuity single side rectangular Desk,RectangularDesk
YourPlace Flex Double Bench,StandAloneBench
YourPlace Flex single bench Desk,SingleBench
Pivot table,PivotDesk
Intuity Parkbench seating table,RectMeetTable
Intuity Parkbench sitbench,Sitbench
M Series caddy tambour door,Caddy
IQ Commercial Rectangle Curved Tabletop,LoungeTableTop
M Series pedestal stand-alone,SAPedestal
M Series pedestal attached,PedesDeskSupp
Chick pouf large - round,Pouf
Chick pouf large - square,Pouf
Chick pouf rectangle,Pouf
M Series caddy open shelf,CaddyOpenShelf
M Series lateral attached,LoFilingCab
M Series swing door attached,UpWardrobe
Pebble pouf,Pouf
M Series lateral stand-alone,SAFilingCab
BuzziDesk screen,FLDeskHungFelt
Chick pouf small square with back,LoungeChair
Chick pouf small square without back,Pouf
IQ commercial long tail focus pod panel - Shanghai,FocusPod
IQ commercial short tail focus pod panel - Shanghai,FocusPod
IQ commercial return focus pod panel - Shanghai,FocusPod
IQ commercial return focus pod panel - Chennai,FocusPod
IQ commercial short tail focus pod panel - Chennai,FocusPod
IQ commercial long tail focus pod panel - Chennai,FocusPod
M Series locker modular,LoLockerCabinet
HAT Elements frameless tackable double bench screen,FLBenchScreenF
M Series locker upper,UpLockerCabinet
YOURPLACE ECHO DESK,PivotDesk
AP Universal desk tackable screens - Chennai,FLDeskScreenFab
"HAT,120 degree,Back to back,Workstation,Assy",StandAloneBench
M Series swing door stand-alone,SAWardrobe
Cabana rectangular table,LoungeScreenTbl
Cabana wedge table,LoungeScreenTbl
Cabana square table,LoungeScreenTbl
Very side 4-leg stool base chair,MeetChStoolPl
HAT Elements frameless fabric double bench screen,FLBenchScreenF
Cabana individual lounge,SofaWithBack
Zody LX Stool Chair,TaskChairStool
Maari 4leg stool base chair,MeetChStoolPl
Zody II Stool Chair,TaskChairStool
Zody II Dual Posture Chair,TaskChair
Zody LX Dual Posture Chair,TaskChair
BE_HOLD SMART,ElecLocker1Col
Maari wood-leg stool - Low Back,MeetChStoolPl
Maari wood-leg stool - Standard Back,MeetChStoolPl
"HAT,120 degree,Single bench,Workstation,Assy",SingleBench
Poppy armchair - wool leg chair,LoungeChair
AP Worktop Embossed modesty screen,ModestyPanel
Maari sled base stool chair low back,MeetChStoolPl
Poppy armchair - 4 star chair,LoungeChair
Poppy armchair - 5 star chair,LoungeChair
Maari visitor wood-leg chair,MeetChairPlast
AP Universal tackable hung screens,FLDeskHungFab
Pip collaborative table,CollabTable
Pip low table,LowTable
Planes rectangular training table,LinConfTable
X99 guest cantilever guest chair,MeetChairUphol
"AP,Epure,Single Bench,Assy",SingleBench
Zody II Task Chair,TaskChair
Maari sled base stool chair standerad shell,MeetChStoolPl
AP Universal desk framed screens - Chennai,FrBenchScreen
AP Universal framed hung screen India,FrDeskHunScreen
Maari visitor sled-base chair,MeetChairPlast
M Series locker stand-alone- 2 doors,SALockerCabinet
M Series locker stand-alone- 6 doors,SALockerCabinet
"SHIFT, lateral screen",LateralScreen
M Series locker stand-alone- 4 doors,SALockerCabinet
Riverbend convex unit 60° WITH BACK,CurvedSofaWtBck
M Series tambour door attached,LoTambDoorCab
M Series tambour door stand-alone - double door,SATambDoorCab
M Series tambour door stand-alone - single door,SATambDoorCab
Cabana corner sofa,CornerSofaWtBck
Cabana chaise lounge,ChaiseLounge
Cabana chaise lounge retreat,ChaiseLounge
Cabana half-back sofa retreat,SofaHalfBackRet
Riverbend concave unit 90° with back,CurvedSofaWtBck
Riverbend corner unit with back,CornerSofaWtBck
Riverbend corner unit NO BACK,CornerSofaNoBck
Riverbend concave unit 60° no back,CurvedSofaNoBck
Riverbend concave unit 60° with back,CurvedSofaWtBck
Maari four-star base visitor chair,MeetChairPlast
"SHIFT 50T segmented panel, India",PartPanel
Zody LX Task Chair,TaskChair
Riverbend concave unit 90° NO BACK,CurvedSofaNoBck
"SHIFT power panel (raceway below worktop), India",PartPowerPanel
Maari visitor four-leg chair,MeetChairPlast
SHIFT 25THK Segmented Panel -Chennai,PartPanel
SHIFT power panel (raceway beltline) -India,PartPowerPanel
Riverbend straight unit with back,SofaWithBack
Riverbend straight unit without back,SofaWithoutBack
HAT Single Bench,SingleBench
AP Universal Modesty embossed screens,ModestyPanel
Very Conference Chair,ConfChairPlast
Tibas double workstation,StandAloneBench
"Aloha Easy Lite Task Chair, India",TaskChair
Aloha Easy TaskChair-India,TaskChair
"Aloha Active Task Chair-Mesh and upholstered, India",TaskChair
HAT Elements rectangular double bench India,StandAloneBench
Very seminar 4-leg chair,MeetChairPlast
SHIFT 50T segmented panel,PartPanel
AP Universal desk acrylic screens,FLDeskScreenNoF
SHIFT power panel (raceway below worktop),PartPowerPanel
HAT Elements frameless tackable single bench screen,FLBenchScreenF
Very conference stool chair,ConfChStoolPl
AP Universal desk tackable screens,FLDeskScreenFab
Very side 4-leg chair,MeetChairPlast
AP Universal desk fabric screens,FLDeskScreenFab
AP Universal fabric hung screens,FLDeskHungFab
"AP, Epure rectangular double workstation",StandAloneBench
HAT Elements frameless fabric single bench screen,FLBenchScreenF
HAT desk double bench,StandAloneBench
Aloha Easy Guest 4-leg base chair,MeetChairUphol
Bowi seminar chair,MeetChairPlast
Aloha Easy Guest cantilever base chair,MeetChairUphol
SHIFT 25THK Segmented Panel,PartPanel
Very sled base chair stool,MeetChStoolPl
X99 Seminar chair,MeetChairUphol
Very sled base chair,MeetChairPlast
SHIFT power panel (raceway beltline),PartPowerPanel
Cabana single seat WITH BACK,SofaWithBack
Cabana two seater no back,SofaWithoutBack
cabana two seater collabrative sofa-halfback,SofaHalfBack
Cabana two seater collabarative sofa,SofaWithBack
HAT Elements rectangular freestanding desk,RectangularDesk
HAT Single Bench,SingleBench
Cabana single seat sofa,SofaWithoutBack
Soji Stool Chair,TaskChairStool
"SEA014,Nia Stool chair",TaskChairStool
Fern Stool Chair,TaskChairStool
Fern Task Chair,TaskChair
Very Task Chair,TaskChair
"SEA014,Nia TaskChair",TaskChair
Soji Mesh back task chair,TaskChair
Aloha Easy Lite Task Chair,TaskChair
Aloha Easy TaskChair-Mesh and Upholstered,TaskChair
Aloha Active Task Chair-Mesh and upholstered,TaskChair
Tibas Single side Rectangular Desk,RectangularDesk
HAT Elements rectangular freestanding desk,RectangularDesk
Maari five-star base conference chair,ConfChairPlast
Zody stool task chair,TaskChairStool
BE_HOLD SMART TEMPLATE,ElecLocker1Col
Tibas Counter Table,RectHighTable
Tibas Collaborative Table,RectHighTable
Tibas High table,RectHighTable
"Intuity,Rectangular double bench,Assy",StandAloneBench
Zody task chair AP,TaskChair
Intuity single side rectangular desk,RectangularDesk
Nia Task Chair With Upholstered Back,TaskChair
"SHELL, SEAT, PROJ 433",MiscMechComp
"M8x40.00, FlatHead, Torx, GalvanizedBlack, NA/NA",MetricScrew
"PTB board,E0,FSC",Particleboard
LPL board raw material,Particleboard
"EXTRN,connector,bottom,Plastic",Hooks
"M6x35.00, TrussWasherHead, Torx, GalvanizedBlack, NA/NA",MetricScrew
Fabric drawing for COL44 COL69,Fabric
Fabric drawing for COL17 COL19 COL20 COL21,Fabric
"M4x9.50, TrussWasherHead, Torx, ElectrophoresisBlack, NA/NA",MetricScrew
High Leg 'U' Welded With Lower Traverse 1000 x 915,Beam
High Leg 'U' Welded With Lower Traverse 1200 X 915,Beam
High Leg 'U' Welded With Lower Traverse 1000 x 1040,Beam
High Leg 'U' Welded With Lower Traverse for Depth 1200 mm,Beam
"Leg ""U"" Welded for depth 1400 mm",Beam
"Leg ""U"" Welded For depth 1200 mm",Beam
"Leg ""U"" Welded for depth 1000 mm",Beam
"Leg ""U"" Welded for depth 900 mm",Beam
"Leg ""U"" Welded for depth 800 mm",Beam
"M8x32, PanHead, Torx, ElectrophoresisBlack, NA/NA",SelfTapScrew
Tibas Table TOP 1400 X 1400,MeetingTableTop
Tibas Table TOP 2400 X 1200,MeetingTableTop
Tibas Table TOP 1800 X 900,MeetingTableTop
Tibas Table TOP 1600 X 800,Beam
Tibas Table TOP 2000 X 1200,Beam
Tibas Table TOP 2000 X 1000,Beam
Tibas Table TOP 1600 X 1200,Beam
Tibas Table TOP  1600 X 1000,MeetingTableTop
Tibas Table TOP 1400 x 1200,MeetingTableTop
"Extrusion,UPH back",MiscChairFrame
STAPLES,Staples
Beam Tube Table for length 2400 mm,Beam
Beam Tube Table for length 2000 mm,Beam
Beam Tube Table for length 1800 mm,Beam
Beam Tube Table for length 1600 mm,Beam
Beam Tube Table for length 1400 mm,Beam
"Upper Traverse ""U"" Legs 1400mm Deep",Beam
"Upper Traverse ""U"" Legs 1200 mm Deep",Beam
"Upper Traverse ""U"" Legs 1000mm Deep",Beam
"Upper Traverse ""U"" Legs 900 mm Deep",Beam
"Upper Traverse ""U"" Legs 800 mm Deep",Beam
DC04 Metal board 410X326X2.0 & 2.2,MetalSheets
"SGCC, T=0.7mm",MetalSheets
"SPCC,T=0.7mm",MetalSheets
"M8x30.00, PanHead, Torx, ElectrophoresisBlack, NA/GB2672",MetricScrew
"M6x16.00, CheeseHead, HexagonalSocket, Oxidised, NA/GB70.1",MetricScrew
"M3.5x10, CountersunkHead, Torx, NA, NA/NA",SelfTapScrew
"M4x8, PanHead, Torx, Oxidised, NA/NA",SelfTapScrew
"M6x25, PanHead, Torx, ElectrophoresisBlack, NA/NA",SelfTapScrew
Lower Crossbar Leg,Beam
Foot Rest Cover,Beam
Foot Rest Cover,Beam
Tibas Table TOP 2000 X 800,MeetingTableTop
Tibas Table TOP for 1400 X 1000,MeetingTableTop
Foot Rest Cover,Beam
Foot Rest Tube Table,Beam
Foot Rest Tube Table,Beam
Foot Rest Tube Table,Beam
Beam Tube Table,Beam
Beam Tube Table,Beam
Beam Tube Table,Beam
High Leg 'U' Welded With Lower Traverse,Tableleg
High Leg 'U' Welded With Lower Traverse,Tableleg
High Leg 'U' Welded With Lower Traverse,Tableleg
High Leg 'U' Welded With Lower Traverse,Tableleg
"Vertical Tube For ""U"" Leg Desk",Beam
"Vertical Tube For ""U"" Leg Desk",Beam
"Upper Traverse ""U"" Legs",Beam
"Upper Traverse ""U"" Legs",Beam
"Upper Traverse ""U"" Legs",Beam
"Upper Traverse ""U"" Legs",Beam
Lower Crossbar Leg,Beam
Lower Crossbar Leg,Beam
Lower Crossbar Leg,Beam
Lower Crossbar Leg,Beam
Counter Tabletops - Tibas Enhancement Line,MeetingTableTop
Counter Tabletops - Tibas Enhancement Line,MeetingTableTop
Counter Tabletops - Tibas Enhancement Line,MeetingTableTop
Counter Tabletops - Tibas Enhancement Line,MeetingTableTop
Counter Tabletops - Tibas Enhancement Line,MeetingTableTop
Counter Tabletops - Tibas Enhancement Line,MeetingTableTop
"CASTORS,60MM",CastorsSeating
Phantom code for pattern 07,Fabric
Phantom code for pattern 18,Fabric
Phantom code for pattern 1N,Fabric
Phantom code for pattern 1P,Fabric
Phantom code for pattern 1R,Fabric
Phantom code for pattern 1T,Fabric
Phantom code for pattern 1W,Fabric
Phantom code for pattern 1X,Fabric
Phantom code for pattern 2C,Fabric
Phantom code for pattern 2D,Fabric
Phantom code for pattern 3A,Fabric
Phantom code for pattern 3E,Fabric
Phantom code for pattern 3F,Fabric
Phantom code for pattern 3H,Fabric
Phantom code for pattern 44,Fabric
Phantom code for pattern 46,Fabric
Phantom code for pattern 4C,Fabric
Phantom code for pattern 7A,Fabric
Phantom code for pattern 7J,Fabric
Phantom code for pattern 7K,Fabric
Phantom code for pattern 9A,Fabric
Phantom code for pattern 9L,Fabric
Phantom code for pattern C1,Fabric
Phantom code for pattern C2,Fabric
Phantom code for pattern C3,Fabric
Phantom code for pattern EE,Fabric
Phantom code for pattern EF,Fabric
Phantom code for pattern FJ,Fabric
Phantom code for pattern FL,Fabric
Phantom code for pattern FN,Fabric
Phantom code for pattern FZ,Fabric
Phantom code for pattern ME,Fabric
Phantom code for pattern MG,Fabric
Phantom code for pattern MM,Fabric
Phantom code for pattern MN,Fabric
Phantom code for pattern MV,Fabric
Phantom code for pattern NI,Fabric
Phantom code for pattern NQ,Fabric
Phantom code for pattern R9,Fabric
Phantom code for pattern T1,Fabric
Phantom code for pattern W5,Fabric
Phantom code for pattern W9,Fabric
Phantom code for pattern WS,Fabric
Phantom code for pattern WZ,Fabric
Phantom code for pattern XD,Fabric
Phantom code for pattern XH,Fabric
Phantom code for pattern XJ,Fabric
Phantom code for pattern ZR,Fabric
Phantom code for pattern XG,Fabric
Phantom code for pattern 0C,Fabric
Phantom code for pattern 0K,Fabric
Phantom code for pattern 0P,Fabric
Phantom code for pattern 0R,Fabric
Phantom code for pattern CU,Fabric
Phantom code for pattern 02,Fabric
Phantom code for pattern 08,Fabric
Phantom code for pattern 07,Fabric
Phantom code for pattern FC,Fabric
Phantom code for pattern FD,Fabric
Phantom code for pattern 7G,Fabric
Phantom code for pattern AK,Fabric
Phantom code for pattern IC,Fabric
Phantom code for pattern T0,Fabric
Phantom code for pattern CS,Fabric
Phantom code for pattern MF,Fabric
Phantom code for pattern 7E,Fabric
Phantom code for pattern 7B,Fabric
Phantom code for pattern 7C,Fabric
Phantom code for pattern 7K,Fabric
Phantom code for pattern FS,Fabric
Phantom code for pattern 4D,Fabric
Phantom code for pattern 4L,Fabric
Phantom code for pattern 4N,Fabric
Phantom code for pattern S7,Fabric
Phantom code for pattern S6,Fabric
Phantom code for pattern MR,Fabric
Phantom code for pattern LD,Fabric
Phantom code for pattern LW,Fabric
Phantom code for pattern SV,Fabric
Phantom code for pattern SY,Fabric
Phantom code for pattern SZ,Fabric
Phantom code for pattern 4T,Fabric
Phantom code for pattern 1B,Fabric
Phantom code for pattern XK,Fabric
Phantom code for pattern CM,Fabric
